<mesh>
    <submeshes>
        <submesh material="03___Def" usesharedvertices="false" use32bitindexes="false" operationtype="triangle_list">
            <faces count="14">
                <face v1="0" v2="1" v3="2"/>
                <face v1="3" v2="4" v3="5"/>
                <face v1="6" v2="7" v3="8"/>
                <face v1="9" v2="10" v3="11"/>
                <face v1="12" v2="13" v3="14"/>
                <face v1="15" v2="16" v3="17"/>
                <face v1="18" v2="19" v3="20"/>
                <face v1="21" v2="22" v3="23"/>
                <face v1="24" v2="25" v3="26"/>
                <face v1="27" v2="28" v3="29"/>
                <face v1="30" v2="31" v3="32"/>
                <face v1="33" v2="34" v3="35"/>
                <face v1="36" v2="37" v3="38"/>
                <face v1="39" v2="40" v3="41"/>
            </faces>
            <geometry vertexcount="42">
                <vertexbuffer positions="true" normals="true" texture_coord_dimensions_0="2" texture_coords="1">
                    <vertex>
                        <position x="-586.739" y="2036.29" z="276.28"/>
                        <normal x="-0.581497" y="-0.0777591" z="0.809824"/>
                        <texcoord u="0.842838" v="0.821201"/>
                    </vertex>
                    <vertex>
                        <position x="-577.929" y="2023.86" z="277.702"/>
                        <normal x="-0.390607" y="-0.173371" z="0.904084"/>
                        <texcoord u="0.837437" v="0.816913"/>
                    </vertex>
                    <vertex>
                        <position x="-577.121" y="2035.63" z="280.679"/>
                        <normal x="-0.447586" y="-0.00855806" z="0.8942"/>
                        <texcoord u="0.84276" v="0.816606"/>
                    </vertex>
                    <vertex>
                        <position x="-586.739" y="2036.29" z="276.28"/>
                        <normal x="-0.581497" y="-0.0777591" z="0.809824"/>
                        <texcoord u="0.842838" v="0.821201"/>
                    </vertex>
                    <vertex>
                        <position x="-585.592" y="2022.6" z="274.485"/>
                        <normal x="-0.577427" y="-0.153564" z="0.80187"/>
                        <texcoord u="0.836889" v="0.820755"/>
                    </vertex>
                    <vertex>
                        <position x="-577.929" y="2023.86" z="277.702"/>
                        <normal x="-0.390607" y="-0.173371" z="0.904084"/>
                        <texcoord u="0.837437" v="0.816913"/>
                    </vertex>
                    <vertex>
                        <position x="-590.956" y="2024.13" z="268.435"/>
                        <normal x="-0.864864" y="-0.261624" z="0.428443"/>
                        <texcoord u="0.837243" v="0.824586"/>
                    </vertex>
                    <vertex>
                        <position x="-585.592" y="2022.6" z="274.485"/>
                        <normal x="-0.577427" y="-0.153564" z="0.80187"/>
                        <texcoord u="0.836889" v="0.820755"/>
                    </vertex>
                    <vertex>
                        <position x="-586.739" y="2036.29" z="276.28"/>
                        <normal x="-0.581497" y="-0.0777591" z="0.809824"/>
                        <texcoord u="0.842838" v="0.821201"/>
                    </vertex>
                    <vertex>
                        <position x="-590.956" y="2024.13" z="268.435"/>
                        <normal x="-0.864864" y="-0.261624" z="0.428443"/>
                        <texcoord u="0.837243" v="0.824586"/>
                    </vertex>
                    <vertex>
                        <position x="-586.739" y="2036.29" z="276.28"/>
                        <normal x="-0.581497" y="-0.0777591" z="0.809824"/>
                        <texcoord u="0.842838" v="0.821201"/>
                    </vertex>
                    <vertex>
                        <position x="-593.853" y="2035.98" z="268.753"/>
                        <normal x="-0.918686" y="-0.0827036" z="0.386235"/>
                        <texcoord u="0.842424" v="0.825772"/>
                    </vertex>
                    <vertex>
                        <position x="-593.853" y="2035.98" z="268.753"/>
                        <normal x="-0.918686" y="-0.0827036" z="0.386235"/>
                        <texcoord u="0.842424" v="0.825772"/>
                    </vertex>
                    <vertex>
                        <position x="-586.739" y="2036.29" z="276.28"/>
                        <normal x="-0.581497" y="-0.0777591" z="0.809824"/>
                        <texcoord u="0.842838" v="0.821201"/>
                    </vertex>
                    <vertex>
                        <position x="-585.159" y="2054.52" z="274.727"/>
                        <normal x="-0.578209" y="0.0890971" z="0.81101"/>
                        <texcoord u="0.850879" v="0.821718"/>
                    </vertex>
                    <vertex>
                        <position x="-585.159" y="2054.52" z="274.727"/>
                        <normal x="-0.578209" y="0.0890971" z="0.81101"/>
                        <texcoord u="0.850879" v="0.821718"/>
                    </vertex>
                    <vertex>
                        <position x="-586.739" y="2036.29" z="276.28"/>
                        <normal x="-0.581497" y="-0.0777591" z="0.809824"/>
                        <texcoord u="0.842838" v="0.821201"/>
                    </vertex>
                    <vertex>
                        <position x="-577.121" y="2035.63" z="280.679"/>
                        <normal x="-0.447586" y="-0.00855806" z="0.8942"/>
                        <texcoord u="0.84276" v="0.816606"/>
                    </vertex>
                    <vertex>
                        <position x="-585.159" y="2054.52" z="274.727"/>
                        <normal x="-0.578209" y="0.0890971" z="0.81101"/>
                        <texcoord u="0.850879" v="0.821718"/>
                    </vertex>
                    <vertex>
                        <position x="-577.121" y="2035.63" z="280.679"/>
                        <normal x="-0.447586" y="-0.00855806" z="0.8942"/>
                        <texcoord u="0.84276" v="0.816606"/>
                    </vertex>
                    <vertex>
                        <position x="-575.9" y="2052.39" z="280.272"/>
                        <normal x="-0.503233" y="0.0575734" z="0.86223"/>
                        <texcoord u="0.850172" v="0.816827"/>
                    </vertex>
                    <vertex>
                        <position x="-585.159" y="2054.52" z="274.727"/>
                        <normal x="-0.578209" y="0.0890971" z="0.81101"/>
                        <texcoord u="0.850879" v="0.821718"/>
                    </vertex>
                    <vertex>
                        <position x="-593.344" y="2052.78" z="267.829"/>
                        <normal x="-0.914209" y="0.0498392" z="0.402166"/>
                        <texcoord u="0.849847" v="0.82649"/>
                    </vertex>
                    <vertex>
                        <position x="-593.853" y="2035.98" z="268.753"/>
                        <normal x="-0.918686" y="-0.0827036" z="0.386235"/>
                        <texcoord u="0.842424" v="0.825772"/>
                    </vertex>
                    <vertex>
                        <position x="-593.782" y="2035.74" z="266.231"/>
                        <normal x="-0.994499" y="-0.103159" z="-0.0181495"/>
                        <texcoord u="0.842213" v="0.826791"/>
                    </vertex>
                    <vertex>
                        <position x="-593.853" y="2035.98" z="268.753"/>
                        <normal x="-0.918686" y="-0.0827036" z="0.386235"/>
                        <texcoord u="0.842424" v="0.825772"/>
                    </vertex>
                    <vertex>
                        <position x="-593.344" y="2052.78" z="267.829"/>
                        <normal x="-0.914209" y="0.0498392" z="0.402166"/>
                        <texcoord u="0.849847" v="0.82649"/>
                    </vertex>
                    <vertex>
                        <position x="-593.782" y="2035.74" z="266.231"/>
                        <normal x="-0.994499" y="-0.103159" z="-0.0181495"/>
                        <texcoord u="0.842213" v="0.826791"/>
                    </vertex>
                    <vertex>
                        <position x="-590.525" y="2022.14" z="266.798"/>
                        <normal x="-0.886365" y="-0.461162" z="0.0410681"/>
                        <texcoord u="0.836132" v="0.825063"/>
                    </vertex>
                    <vertex>
                        <position x="-593.853" y="2035.98" z="268.753"/>
                        <normal x="-0.918686" y="-0.0827036" z="0.386235"/>
                        <texcoord u="0.842424" v="0.825772"/>
                    </vertex>
                    <vertex>
                        <position x="-590.525" y="2022.14" z="266.798"/>
                        <normal x="-0.886365" y="-0.461162" z="0.0410681"/>
                        <texcoord u="0.836132" v="0.825063"/>
                    </vertex>
                    <vertex>
                        <position x="-590.956" y="2024.13" z="268.435"/>
                        <normal x="-0.864864" y="-0.261624" z="0.428443"/>
                        <texcoord u="0.837243" v="0.824586"/>
                    </vertex>
                    <vertex>
                        <position x="-593.853" y="2035.98" z="268.753"/>
                        <normal x="-0.918686" y="-0.0827036" z="0.386235"/>
                        <texcoord u="0.842424" v="0.825772"/>
                    </vertex>
                    <vertex>
                        <position x="-590.525" y="2022.14" z="266.798"/>
                        <normal x="-0.886365" y="-0.461162" z="0.0410681"/>
                        <texcoord u="0.836132" v="0.825063"/>
                    </vertex>
                    <vertex>
                        <position x="-588.979" y="2019.66" z="267.79"/>
                        <normal x="-0.859768" y="-0.50537" z="0.0734883"/>
                        <texcoord u="0.835344" v="0.823906"/>
                    </vertex>
                    <vertex>
                        <position x="-590.956" y="2024.13" z="268.435"/>
                        <normal x="-0.864864" y="-0.261624" z="0.428443"/>
                        <texcoord u="0.837243" v="0.824586"/>
                    </vertex>
                    <vertex>
                        <position x="-589.46" y="2021.17" z="264.572"/>
                        <normal x="-0.738984" y="-0.671057" z="-0.0598712"/>
                        <texcoord u="0.834792" v="0.825536"/>
                    </vertex>
                    <vertex>
                        <position x="-588.979" y="2019.66" z="267.79"/>
                        <normal x="-0.859768" y="-0.50537" z="0.0734883"/>
                        <texcoord u="0.835344" v="0.823906"/>
                    </vertex>
                    <vertex>
                        <position x="-590.525" y="2022.14" z="266.798"/>
                        <normal x="-0.886365" y="-0.461162" z="0.0410681"/>
                        <texcoord u="0.836132" v="0.825063"/>
                    </vertex>
                    <vertex>
                        <position x="-589.46" y="2021.17" z="264.572"/>
                        <normal x="-0.738984" y="-0.671057" z="-0.0598712"/>
                        <texcoord u="0.834792" v="0.825536"/>
                    </vertex>
                    <vertex>
                        <position x="-590.525" y="2022.14" z="266.798"/>
                        <normal x="-0.886365" y="-0.461162" z="0.0410681"/>
                        <texcoord u="0.836132" v="0.825063"/>
                    </vertex>
                    <vertex>
                        <position x="-590.727" y="2022.17" z="262.323"/>
                        <normal x="-0.646257" y="-0.762722" z="0.0246331"/>
                        <texcoord u="0.835689" v="0.827332"/>
                    </vertex>
                </vertexbuffer>
            </geometry>
        </submesh>
    </submeshes>
    <submeshnames>
        <submeshname name="submesh0" index="0"/>
    </submeshnames>
</mesh>
