<mesh>
    <submeshes>
        <submesh material="03___Def" usesharedvertices="false" use32bitindexes="false" operationtype="triangle_list">
            <faces count="1">
                <face v1="0" v2="1" v3="2"/>
            </faces>
            <geometry vertexcount="3">
                <vertexbuffer positions="true" normals="true" texture_coord_dimensions_0="2" texture_coords="1">
                    <vertex>
                        <position x="348.705" y="2447.28" z="375.833"/>
                        <normal x="-0.258911" y="-0.758602" z="0.597904"/>
                        <texcoord u="0.810847" v="0.949862"/>
                    </vertex>
                    <vertex>
                        <position x="343.317" y="2449.57" z="376.404"/>
                        <normal x="-0.258911" y="-0.758602" z="0.597904"/>
                        <texcoord u="0.809294" v="0.947889"/>
                    </vertex>
                    <vertex>
                        <position x="347.215" y="2446.17" z="373.775"/>
                        <normal x="-0.258911" y="-0.758602" z="0.597904"/>
                        <texcoord u="0.809862" v="0.950374"/>
                    </vertex>
                </vertexbuffer>
            </geometry>
        </submesh>
    </submeshes>
    <submeshnames>
        <submeshname name="submesh0" index="0"/>
    </submeshnames>
</mesh>
