<mesh>
    <submeshes>
        <submesh material="FrontCol" usesharedvertices="false" use32bitindexes="false" operationtype="triangle_list">
            <faces count="1">
                <face v1="0" v2="1" v3="2"/>
            </faces>
            <geometry vertexcount="3">
                <vertexbuffer positions="true" normals="true" texture_coord_dimensions_0="2" texture_coords="1">
                    <vertex>
                        <position x="451.217" y="2425.93" z="294.921"/>
                        <normal x="-0.598942" y="-0.6518" z="-0.465216"/>
                        <texcoord u="-5.64109" v="-61.3517"/>
                    </vertex>
                    <vertex>
                        <position x="449.869" y="2426.23" z="296.237"/>
                        <normal x="-0.598942" y="-0.6518" z="-0.465216"/>
                        <texcoord u="-5.56758" v="-61.3672"/>
                    </vertex>
                    <vertex>
                        <position x="450.81" y="2430.05" z="289.671"/>
                        <normal x="-0.598942" y="-0.6518" z="-0.465216"/>
                        <texcoord u="-5.79445" v="-61.5656"/>
                    </vertex>
                </vertexbuffer>
            </geometry>
        </submesh>
    </submeshes>
    <submeshnames>
        <submeshname name="submesh0" index="0"/>
    </submeshnames>
</mesh>
