<mesh>
    <submeshes>
        <submesh material="FrontCol" usesharedvertices="false" use32bitindexes="false" operationtype="triangle_list">
            <faces count="1">
                <face v1="0" v2="1" v3="2"/>
            </faces>
            <geometry vertexcount="3">
                <vertexbuffer positions="true" normals="true" texture_coord_dimensions_0="2" texture_coords="1">
                    <vertex>
                        <position x="-42.0546" y="3953.26" z="330.961"/>
                        <normal x="-0.470873" y="-0.795173" z="0.382072"/>
                        <texcoord u="2.6494" v="-98.9259"/>
                    </vertex>
                    <vertex>
                        <position x="-45.6991" y="3957.27" z="334.827"/>
                        <normal x="-0.470873" y="-0.795173" z="0.382072"/>
                        <texcoord u="2.67721" v="-99.1867"/>
                    </vertex>
                    <vertex>
                        <position x="-43.8945" y="3950.96" z="323.909"/>
                        <normal x="-0.470873" y="-0.795173" z="0.382072"/>
                        <texcoord u="2.38817" v="-98.7767"/>
                    </vertex>
                </vertexbuffer>
            </geometry>
        </submesh>
    </submeshes>
    <submeshnames>
        <submeshname name="submesh0" index="0"/>
    </submeshnames>
</mesh>
