<mesh>
    <submeshes>
        <submesh material="FrontCol" usesharedvertices="false" use32bitindexes="false" operationtype="triangle_list">
            <faces count="20">
                <face v1="0" v2="1" v3="2"/>
                <face v1="3" v2="4" v3="5"/>
                <face v1="6" v2="7" v3="8"/>
                <face v1="9" v2="10" v3="11"/>
                <face v1="12" v2="13" v3="14"/>
                <face v1="15" v2="16" v3="17"/>
                <face v1="18" v2="19" v3="20"/>
                <face v1="21" v2="22" v3="23"/>
                <face v1="24" v2="25" v3="26"/>
                <face v1="27" v2="28" v3="29"/>
                <face v1="30" v2="31" v3="32"/>
                <face v1="33" v2="34" v3="35"/>
                <face v1="36" v2="37" v3="38"/>
                <face v1="39" v2="40" v3="41"/>
                <face v1="42" v2="43" v3="44"/>
                <face v1="45" v2="46" v3="47"/>
                <face v1="48" v2="49" v3="50"/>
                <face v1="51" v2="52" v3="53"/>
                <face v1="54" v2="55" v3="56"/>
                <face v1="57" v2="58" v3="59"/>
            </faces>
            <geometry vertexcount="60">
                <vertexbuffer positions="true" normals="true" texture_coord_dimensions_0="2" texture_coords="1">
                    <vertex>
                        <position x="355.382" y="2508.76" z="386.623"/>
                        <normal x="0.428528" y="-0.280831" z="0.858777"/>
                        <texcoord u="10.6547" v="-95.8497"/>
                    </vertex>
                    <vertex>
                        <position x="342.9" y="2500.97" z="389.233"/>
                        <normal x="0.280713" y="-0.673263" z="0.684044"/>
                        <texcoord u="10.154" v="-95.5406"/>
                    </vertex>
                    <vertex>
                        <position x="344.278" y="2500.44" z="389.114"/>
                        <normal x="-0.0345885" y="-0.247007" z="0.968396"/>
                        <texcoord u="10.2085" v="-95.5195"/>
                    </vertex>
                    <vertex>
                        <position x="355.382" y="2508.76" z="386.623"/>
                        <normal x="0.428528" y="-0.280831" z="0.858777"/>
                        <texcoord u="10.6547" v="-95.8497"/>
                    </vertex>
                    <vertex>
                        <position x="355.041" y="2509.86" z="388.622"/>
                        <normal x="0.594856" y="-0.672332" z="0.440586"/>
                        <texcoord u="1.3702" v="-79.9953"/>
                    </vertex>
                    <vertex>
                        <position x="342.9" y="2500.97" z="389.233"/>
                        <normal x="0.280713" y="-0.673263" z="0.684044"/>
                        <texcoord u="10.154" v="-95.5406"/>
                    </vertex>
                    <vertex>
                        <position x="363.518" y="2518.11" z="386.254"/>
                        <normal x="0.75371" y="-0.366216" z="0.545718"/>
                        <texcoord u="-0.723387" v="-88.3724"/>
                    </vertex>
                    <vertex>
                        <position x="355.041" y="2509.86" z="388.622"/>
                        <normal x="0.594856" y="-0.672332" z="0.440586"/>
                        <texcoord u="1.3702" v="-79.9953"/>
                    </vertex>
                    <vertex>
                        <position x="355.382" y="2508.76" z="386.623"/>
                        <normal x="0.428528" y="-0.280831" z="0.858777"/>
                        <texcoord u="10.6547" v="-95.8497"/>
                    </vertex>
                    <vertex>
                        <position x="364.65" y="2518.32" z="384.865"/>
                        <normal x="0.384617" y="-0.0288379" z="0.922626"/>
                        <texcoord u="-0.157121" v="-88.9017"/>
                    </vertex>
                    <vertex>
                        <position x="363.518" y="2518.11" z="386.254"/>
                        <normal x="0.75371" y="-0.366216" z="0.545718"/>
                        <texcoord u="-0.723387" v="-88.3724"/>
                    </vertex>
                    <vertex>
                        <position x="355.382" y="2508.76" z="386.623"/>
                        <normal x="0.428528" y="-0.280831" z="0.858777"/>
                        <texcoord u="10.6547" v="-95.8497"/>
                    </vertex>
                    <vertex>
                        <position x="364.65" y="2518.32" z="384.865"/>
                        <normal x="0.384617" y="-0.0288379" z="0.922626"/>
                        <texcoord u="-0.157121" v="-88.9017"/>
                    </vertex>
                    <vertex>
                        <position x="360.425" y="2526.11" z="388.428"/>
                        <normal x="0.374825" y="0.25523" z="0.891271"/>
                        <texcoord u="1.10792" v="-95.9389"/>
                    </vertex>
                    <vertex>
                        <position x="363.518" y="2518.11" z="386.254"/>
                        <normal x="0.75371" y="-0.366216" z="0.545718"/>
                        <texcoord u="-0.723387" v="-88.3724"/>
                    </vertex>
                    <vertex>
                        <position x="361.612" y="2527.21" z="388.133"/>
                        <normal x="0.18221" y="0.0665633" z="0.981004"/>
                        <texcoord u="7.51799" v="-99.1264"/>
                    </vertex>
                    <vertex>
                        <position x="360.425" y="2526.11" z="388.428"/>
                        <normal x="0.374825" y="0.25523" z="0.891271"/>
                        <texcoord u="1.10792" v="-95.9389"/>
                    </vertex>
                    <vertex>
                        <position x="364.65" y="2518.32" z="384.865"/>
                        <normal x="0.384617" y="-0.0288379" z="0.922626"/>
                        <texcoord u="-0.157121" v="-88.9017"/>
                    </vertex>
                    <vertex>
                        <position x="353.092" y="2530.91" z="386.358"/>
                        <normal x="0.00186917" y="0.430025" z="0.902815"/>
                        <texcoord u="12.3304" v="-91.019"/>
                    </vertex>
                    <vertex>
                        <position x="360.425" y="2526.11" z="388.428"/>
                        <normal x="0.374825" y="0.25523" z="0.891271"/>
                        <texcoord u="1.10792" v="-95.9389"/>
                    </vertex>
                    <vertex>
                        <position x="361.612" y="2527.21" z="388.133"/>
                        <normal x="0.18221" y="0.0665633" z="0.981004"/>
                        <texcoord u="7.51799" v="-99.1264"/>
                    </vertex>
                    <vertex>
                        <position x="353.092" y="2530.91" z="386.358"/>
                        <normal x="0.00186917" y="0.430025" z="0.902815"/>
                        <texcoord u="12.3304" v="-91.019"/>
                    </vertex>
                    <vertex>
                        <position x="352.938" y="2529.63" z="387.622"/>
                        <normal x="-0.226884" y="0.70331" z="0.673705"/>
                        <texcoord u="8.41649" v="-65.1893"/>
                    </vertex>
                    <vertex>
                        <position x="360.425" y="2526.11" z="388.428"/>
                        <normal x="0.374825" y="0.25523" z="0.891271"/>
                        <texcoord u="1.10792" v="-95.9389"/>
                    </vertex>
                    <vertex>
                        <position x="353.092" y="2530.91" z="386.358"/>
                        <normal x="0.00186917" y="0.430025" z="0.902815"/>
                        <texcoord u="12.3304" v="-91.019"/>
                    </vertex>
                    <vertex>
                        <position x="342.871" y="2522.39" z="388.239"/>
                        <normal x="-0.12965" y="0.335898" z="0.932933"/>
                        <texcoord u="14.3416" v="-73.4561"/>
                    </vertex>
                    <vertex>
                        <position x="352.938" y="2529.63" z="387.622"/>
                        <normal x="-0.226884" y="0.70331" z="0.673705"/>
                        <texcoord u="8.41649" v="-65.1893"/>
                    </vertex>
                    <vertex>
                        <position x="353.092" y="2530.91" z="386.358"/>
                        <normal x="0.00186917" y="0.430025" z="0.902815"/>
                        <texcoord u="12.3304" v="-91.019"/>
                    </vertex>
                    <vertex>
                        <position x="341.816" y="2522.86" z="388.581"/>
                        <normal x="0.276686" y="-0.0760191" z="0.957949"/>
                        <texcoord u="8.64385" v="-98.9759"/>
                    </vertex>
                    <vertex>
                        <position x="342.871" y="2522.39" z="388.239"/>
                        <normal x="-0.12965" y="0.335898" z="0.932933"/>
                        <texcoord u="14.3416" v="-73.4561"/>
                    </vertex>
                    <vertex>
                        <position x="341.816" y="2522.86" z="388.581"/>
                        <normal x="0.276686" y="-0.0760191" z="0.957949"/>
                        <texcoord u="8.64385" v="-98.9759"/>
                    </vertex>
                    <vertex>
                        <position x="333.784" y="2511.87" z="390.47"/>
                        <normal x="-0.133013" y="-0.138385" z="0.981406"/>
                        <texcoord u="8.03116" v="-98.329"/>
                    </vertex>
                    <vertex>
                        <position x="342.871" y="2522.39" z="388.239"/>
                        <normal x="-0.12965" y="0.335898" z="0.932933"/>
                        <texcoord u="14.3416" v="-73.4561"/>
                    </vertex>
                    <vertex>
                        <position x="342.871" y="2522.39" z="388.239"/>
                        <normal x="-0.12965" y="0.335898" z="0.932933"/>
                        <texcoord u="14.3416" v="-73.4561"/>
                    </vertex>
                    <vertex>
                        <position x="333.784" y="2511.87" z="390.47"/>
                        <normal x="-0.133013" y="-0.138385" z="0.981406"/>
                        <texcoord u="8.03116" v="-98.329"/>
                    </vertex>
                    <vertex>
                        <position x="334.19" y="2510.46" z="390.359"/>
                        <normal x="-0.499611" y="0.102113" z="0.86021"/>
                        <texcoord u="8.57324" v="-97.9043"/>
                    </vertex>
                    <vertex>
                        <position x="332.119" y="2512.02" z="387.316"/>
                        <normal x="-0.854563" y="-0.28007" z="0.437359"/>
                        <texcoord u="12.7227" v="-92.3086"/>
                    </vertex>
                    <vertex>
                        <position x="334.19" y="2510.46" z="390.359"/>
                        <normal x="-0.499611" y="0.102113" z="0.86021"/>
                        <texcoord u="8.57324" v="-97.9043"/>
                    </vertex>
                    <vertex>
                        <position x="333.784" y="2511.87" z="390.47"/>
                        <normal x="-0.133013" y="-0.138385" z="0.981406"/>
                        <texcoord u="8.03116" v="-98.329"/>
                    </vertex>
                    <vertex>
                        <position x="342.871" y="2522.39" z="388.239"/>
                        <normal x="-0.12965" y="0.335898" z="0.932933"/>
                        <texcoord u="14.3416" v="-73.4561"/>
                    </vertex>
                    <vertex>
                        <position x="334.19" y="2510.46" z="390.359"/>
                        <normal x="-0.499611" y="0.102113" z="0.86021"/>
                        <texcoord u="8.57324" v="-97.9043"/>
                    </vertex>
                    <vertex>
                        <position x="344.183" y="2521.69" z="390.025"/>
                        <normal x="-0.511761" y="0.602401" z="0.612546"/>
                        <texcoord u="14.3817" v="-83.9801"/>
                    </vertex>
                    <vertex>
                        <position x="352.938" y="2529.63" z="387.622"/>
                        <normal x="-0.226884" y="0.70331" z="0.673705"/>
                        <texcoord u="8.41649" v="-65.1893"/>
                    </vertex>
                    <vertex>
                        <position x="342.871" y="2522.39" z="388.239"/>
                        <normal x="-0.12965" y="0.335898" z="0.932933"/>
                        <texcoord u="14.3416" v="-73.4561"/>
                    </vertex>
                    <vertex>
                        <position x="344.183" y="2521.69" z="390.025"/>
                        <normal x="-0.511761" y="0.602401" z="0.612546"/>
                        <texcoord u="14.3817" v="-83.9801"/>
                    </vertex>
                    <vertex>
                        <position x="364.65" y="2518.32" z="384.865"/>
                        <normal x="0.384617" y="-0.0288379" z="0.922626"/>
                        <texcoord u="-0.157121" v="-88.9017"/>
                    </vertex>
                    <vertex>
                        <position x="355.382" y="2508.76" z="386.623"/>
                        <normal x="0.428528" y="-0.280831" z="0.858777"/>
                        <texcoord u="10.6547" v="-95.8497"/>
                    </vertex>
                    <vertex>
                        <position x="355.79" y="2507.64" z="386.776"/>
                        <normal x="-0.0440193" y="0.234256" z="0.971178"/>
                        <texcoord u="11.6007" v="-95.3064"/>
                    </vertex>
                    <vertex>
                        <position x="355.382" y="2508.76" z="386.623"/>
                        <normal x="0.428528" y="-0.280831" z="0.858777"/>
                        <texcoord u="10.6547" v="-95.8497"/>
                    </vertex>
                    <vertex>
                        <position x="344.278" y="2500.44" z="389.114"/>
                        <normal x="-0.0345885" y="-0.247007" z="0.968396"/>
                        <texcoord u="10.2085" v="-95.5195"/>
                    </vertex>
                    <vertex>
                        <position x="355.79" y="2507.64" z="386.776"/>
                        <normal x="-0.0440193" y="0.234256" z="0.971178"/>
                        <texcoord u="11.6007" v="-95.3064"/>
                    </vertex>
                    <vertex>
                        <position x="368.505" y="2518.86" z="385.762"/>
                        <normal x="-0.259041" y="0.374257" z="0.89041"/>
                        <texcoord u="14.3276" v="-89.1655"/>
                    </vertex>
                    <vertex>
                        <position x="364.65" y="2518.32" z="384.865"/>
                        <normal x="0.384617" y="-0.0288379" z="0.922626"/>
                        <texcoord u="-0.157121" v="-88.9017"/>
                    </vertex>
                    <vertex>
                        <position x="355.79" y="2507.64" z="386.776"/>
                        <normal x="-0.0440193" y="0.234256" z="0.971178"/>
                        <texcoord u="11.6007" v="-95.3064"/>
                    </vertex>
                    <vertex>
                        <position x="355.041" y="2509.86" z="388.622"/>
                        <normal x="0.594856" y="-0.672332" z="0.440586"/>
                        <texcoord u="1.3702" v="-79.9953"/>
                    </vertex>
                    <vertex>
                        <position x="344.039" y="2502.54" z="390.497"/>
                        <normal x="0.553887" y="-0.728333" z="0.403411"/>
                        <texcoord u="-0.365604" v="-77.028"/>
                    </vertex>
                    <vertex>
                        <position x="342.9" y="2500.97" z="389.233"/>
                        <normal x="0.280713" y="-0.673263" z="0.684044"/>
                        <texcoord u="10.154" v="-95.5406"/>
                    </vertex>
                    <vertex>
                        <position x="344.278" y="2500.44" z="389.114"/>
                        <normal x="-0.0345885" y="-0.247007" z="0.968396"/>
                        <texcoord u="10.2085" v="-95.5195"/>
                    </vertex>
                    <vertex>
                        <position x="342.9" y="2500.97" z="389.233"/>
                        <normal x="0.280713" y="-0.673263" z="0.684044"/>
                        <texcoord u="10.154" v="-95.5406"/>
                    </vertex>
                    <vertex>
                        <position x="343.868" y="2499.23" z="385.799"/>
                        <normal x="-0.308314" y="-0.880648" z="0.359725"/>
                        <texcoord u="14.295" v="-44.8111"/>
                    </vertex>
                </vertexbuffer>
            </geometry>
        </submesh>
    </submeshes>
    <submeshnames>
        <submeshname name="submesh0" index="0"/>
    </submeshnames>
</mesh>
