<mesh>
    <submeshes>
        <submesh material="03___Def" usesharedvertices="false" use32bitindexes="false" operationtype="triangle_list">
            <faces count="1">
                <face v1="0" v2="1" v3="2"/>
            </faces>
            <geometry vertexcount="3">
                <vertexbuffer positions="true" normals="true" texture_coord_dimensions_0="2" texture_coords="1">
                    <vertex>
                        <position x="343.219" y="2457.39" z="378.823"/>
                        <normal x="-0.391684" y="-0.182973" z="0.901723"/>
                        <texcoord u="0.809652" v="0.944551"/>
                    </vertex>
                    <vertex>
                        <position x="342.321" y="2455.11" z="377.97"/>
                        <normal x="-0.391684" y="-0.182973" z="0.901723"/>
                        <texcoord u="0.809116" v="0.94543"/>
                    </vertex>
                    <vertex>
                        <position x="345.095" y="2450.48" z="378.236"/>
                        <normal x="-0.391684" y="-0.182973" z="0.901723"/>
                        <texcoord u="0.810103" v="0.947603"/>
                    </vertex>
                </vertexbuffer>
            </geometry>
        </submesh>
    </submeshes>
    <submeshnames>
        <submeshname name="submesh0" index="0"/>
    </submeshnames>
</mesh>
