<mesh>
    <submeshes>
        <submesh material="01___Def" usesharedvertices="false" use32bitindexes="false" operationtype="triangle_list">
            <faces count="72">
                <face v1="0" v2="1" v3="2"/>
                <face v1="3" v2="4" v3="5"/>
                <face v1="6" v2="7" v3="8"/>
                <face v1="9" v2="10" v3="11"/>
                <face v1="12" v2="13" v3="14"/>
                <face v1="15" v2="16" v3="17"/>
                <face v1="18" v2="19" v3="20"/>
                <face v1="21" v2="22" v3="23"/>
                <face v1="24" v2="25" v3="26"/>
                <face v1="27" v2="28" v3="29"/>
                <face v1="30" v2="31" v3="32"/>
                <face v1="33" v2="34" v3="35"/>
                <face v1="36" v2="37" v3="38"/>
                <face v1="39" v2="40" v3="41"/>
                <face v1="42" v2="43" v3="44"/>
                <face v1="45" v2="46" v3="47"/>
                <face v1="48" v2="49" v3="50"/>
                <face v1="51" v2="52" v3="53"/>
                <face v1="54" v2="55" v3="56"/>
                <face v1="57" v2="58" v3="59"/>
                <face v1="60" v2="61" v3="62"/>
                <face v1="63" v2="64" v3="65"/>
                <face v1="66" v2="67" v3="68"/>
                <face v1="69" v2="70" v3="71"/>
                <face v1="72" v2="73" v3="74"/>
                <face v1="75" v2="76" v3="77"/>
                <face v1="78" v2="79" v3="80"/>
                <face v1="81" v2="82" v3="83"/>
                <face v1="84" v2="85" v3="86"/>
                <face v1="87" v2="88" v3="89"/>
                <face v1="90" v2="91" v3="92"/>
                <face v1="93" v2="94" v3="95"/>
                <face v1="96" v2="97" v3="98"/>
                <face v1="99" v2="100" v3="101"/>
                <face v1="102" v2="103" v3="104"/>
                <face v1="105" v2="106" v3="107"/>
                <face v1="108" v2="109" v3="110"/>
                <face v1="111" v2="112" v3="113"/>
                <face v1="114" v2="115" v3="116"/>
                <face v1="117" v2="118" v3="119"/>
                <face v1="120" v2="121" v3="122"/>
                <face v1="123" v2="124" v3="125"/>
                <face v1="126" v2="127" v3="128"/>
                <face v1="129" v2="130" v3="131"/>
                <face v1="132" v2="133" v3="134"/>
                <face v1="135" v2="136" v3="137"/>
                <face v1="138" v2="139" v3="140"/>
                <face v1="141" v2="142" v3="143"/>
                <face v1="144" v2="145" v3="146"/>
                <face v1="147" v2="148" v3="149"/>
                <face v1="150" v2="151" v3="152"/>
                <face v1="153" v2="154" v3="155"/>
                <face v1="156" v2="157" v3="158"/>
                <face v1="159" v2="160" v3="161"/>
                <face v1="162" v2="163" v3="164"/>
                <face v1="165" v2="166" v3="167"/>
                <face v1="168" v2="169" v3="170"/>
                <face v1="171" v2="172" v3="173"/>
                <face v1="174" v2="175" v3="176"/>
                <face v1="177" v2="178" v3="179"/>
                <face v1="180" v2="181" v3="182"/>
                <face v1="183" v2="184" v3="185"/>
                <face v1="186" v2="187" v3="188"/>
                <face v1="189" v2="190" v3="191"/>
                <face v1="192" v2="193" v3="194"/>
                <face v1="195" v2="196" v3="197"/>
                <face v1="198" v2="199" v3="200"/>
                <face v1="201" v2="202" v3="203"/>
                <face v1="204" v2="205" v3="206"/>
                <face v1="207" v2="208" v3="209"/>
                <face v1="210" v2="211" v3="212"/>
                <face v1="213" v2="214" v3="215"/>
            </faces>
            <geometry vertexcount="216">
                <vertexbuffer positions="true" normals="true" texture_coord_dimensions_0="2" texture_coords="1">
                    <vertex>
                        <position x="273.371" y="3719.8" z="86.8691"/>
                        <normal x="-0.406617" y="0.352915" z="-0.842683"/>
                        <texcoord u="0.628988" v="0.528191"/>
                    </vertex>
                    <vertex>
                        <position x="280.993" y="3684.97" z="66.8059"/>
                        <normal x="-0.416882" y="0.413086" z="-0.809672"/>
                        <texcoord u="0.629376" v="0.689182"/>
                    </vertex>
                    <vertex>
                        <position x="248.408" y="3660.7" z="71.1981"/>
                        <normal x="-0.233857" y="0.48104" z="-0.844933"/>
                        <texcoord u="0.550484" v="0.68919"/>
                    </vertex>
                    <vertex>
                        <position x="280.993" y="3684.97" z="66.8059"/>
                        <normal x="-0.416882" y="0.413086" z="-0.809672"/>
                        <texcoord u="0.629376" v="0.689182"/>
                    </vertex>
                    <vertex>
                        <position x="298.377" y="3646.57" z="36.0986"/>
                        <normal x="-0.363007" y="0.574218" z="-0.733826"/>
                        <texcoord u="0.630448" v="0.834674"/>
                    </vertex>
                    <vertex>
                        <position x="248.408" y="3660.7" z="71.1981"/>
                        <normal x="-0.233857" y="0.48104" z="-0.844933"/>
                        <texcoord u="0.550484" v="0.68919"/>
                    </vertex>
                    <vertex>
                        <position x="248.408" y="3660.7" z="71.1981"/>
                        <normal x="-0.233857" y="0.48104" z="-0.844933"/>
                        <texcoord u="0.550484" v="0.68919"/>
                    </vertex>
                    <vertex>
                        <position x="298.377" y="3646.57" z="36.0986"/>
                        <normal x="-0.363007" y="0.574218" z="-0.733826"/>
                        <texcoord u="0.630448" v="0.834674"/>
                    </vertex>
                    <vertex>
                        <position x="261.228" y="3622.47" z="36.5624"/>
                        <normal x="-0.394449" y="0.594434" z="-0.700756"/>
                        <texcoord u="0.550481" v="0.834977"/>
                    </vertex>
                    <vertex>
                        <position x="298.377" y="3646.57" z="36.0986"/>
                        <normal x="-0.363007" y="0.574218" z="-0.733826"/>
                        <texcoord u="0.630448" v="0.834674"/>
                    </vertex>
                    <vertex>
                        <position x="289.394" y="3600" z="-3.37721"/>
                        <normal x="-0.321784" y="0.647567" z="-0.690733"/>
                        <texcoord u="0.550645" v="0.952571"/>
                    </vertex>
                    <vertex>
                        <position x="261.228" y="3622.47" z="36.5624"/>
                        <normal x="-0.394449" y="0.594434" z="-0.700756"/>
                        <texcoord u="0.550481" v="0.834977"/>
                    </vertex>
                    <vertex>
                        <position x="298.377" y="3646.57" z="36.0986"/>
                        <normal x="-0.363007" y="0.574218" z="-0.733826"/>
                        <texcoord u="0.630448" v="0.834674"/>
                    </vertex>
                    <vertex>
                        <position x="328.993" y="3620.99" z="3.53012"/>
                        <normal x="-0.221224" y="0.655065" z="-0.722461"/>
                        <texcoord u="0.631569" v="0.954754"/>
                    </vertex>
                    <vertex>
                        <position x="289.394" y="3600" z="-3.37721"/>
                        <normal x="-0.321784" y="0.647567" z="-0.690733"/>
                        <texcoord u="0.550645" v="0.952571"/>
                    </vertex>
                    <vertex>
                        <position x="273.371" y="3719.8" z="86.8691"/>
                        <normal x="-0.406617" y="0.352915" z="-0.842683"/>
                        <texcoord u="0.628988" v="0.528191"/>
                    </vertex>
                    <vertex>
                        <position x="248.408" y="3660.7" z="71.1981"/>
                        <normal x="-0.233857" y="0.48104" z="-0.844933"/>
                        <texcoord u="0.550484" v="0.68919"/>
                    </vertex>
                    <vertex>
                        <position x="239.273" y="3705.65" z="93.9025"/>
                        <normal x="-0.0674802" y="0.469946" z="-0.880112"/>
                        <texcoord u="0.550485" v="0.528191"/>
                    </vertex>
                    <vertex>
                        <position x="239.273" y="3705.65" z="93.9025"/>
                        <normal x="-0.0674802" y="0.469946" z="-0.880112"/>
                        <texcoord u="0.550485" v="0.528191"/>
                    </vertex>
                    <vertex>
                        <position x="248.408" y="3660.7" z="71.1981"/>
                        <normal x="-0.233857" y="0.48104" z="-0.844933"/>
                        <texcoord u="0.550484" v="0.68919"/>
                    </vertex>
                    <vertex>
                        <position x="183.341" y="3653.93" z="60.3164"/>
                        <normal x="0.116301" y="0.550619" z="-0.826616"/>
                        <texcoord u="0.428951" v="0.689196"/>
                    </vertex>
                    <vertex>
                        <position x="248.408" y="3660.7" z="71.1981"/>
                        <normal x="-0.233857" y="0.48104" z="-0.844933"/>
                        <texcoord u="0.550484" v="0.68919"/>
                    </vertex>
                    <vertex>
                        <position x="264.233" y="3618.38" z="41.8712"/>
                        <normal x="0.034195" y="0.788053" z="-0.614657"/>
                        <texcoord u="0.550483" v="0.834514"/>
                    </vertex>
                    <vertex>
                        <position x="183.341" y="3653.93" z="60.3164"/>
                        <normal x="0.116301" y="0.550619" z="-0.826616"/>
                        <texcoord u="0.428951" v="0.689196"/>
                    </vertex>
                    <vertex>
                        <position x="183.341" y="3653.93" z="60.3164"/>
                        <normal x="0.116301" y="0.550619" z="-0.826616"/>
                        <texcoord u="0.428951" v="0.689196"/>
                    </vertex>
                    <vertex>
                        <position x="264.233" y="3618.38" z="41.8712"/>
                        <normal x="0.034195" y="0.788053" z="-0.614657"/>
                        <texcoord u="0.550483" v="0.834514"/>
                    </vertex>
                    <vertex>
                        <position x="196.525" y="3610.3" z="22.2979"/>
                        <normal x="0.0792867" y="0.794315" z="-0.602311"/>
                        <texcoord u="0.42969" v="0.834566"/>
                    </vertex>
                    <vertex>
                        <position x="264.233" y="3618.38" z="41.8712"/>
                        <normal x="0.034195" y="0.788053" z="-0.614657"/>
                        <texcoord u="0.550483" v="0.834514"/>
                    </vertex>
                    <vertex>
                        <position x="221.999" y="3582.53" z="-30.27"/>
                        <normal x="-0.0355841" y="0.903091" z="-0.427971"/>
                        <texcoord u="0.43064" v="0.955941"/>
                    </vertex>
                    <vertex>
                        <position x="196.525" y="3610.3" z="22.2979"/>
                        <normal x="0.0792867" y="0.794315" z="-0.602311"/>
                        <texcoord u="0.42969" v="0.834566"/>
                    </vertex>
                    <vertex>
                        <position x="284.918" y="3602.52" z="0.322468"/>
                        <normal x="-0.0969766" y="0.912754" z="-0.396832"/>
                        <texcoord u="0.551789" v="0.951435"/>
                    </vertex>
                    <vertex>
                        <position x="221.999" y="3582.53" z="-30.27"/>
                        <normal x="-0.0355841" y="0.903091" z="-0.427971"/>
                        <texcoord u="0.43064" v="0.955941"/>
                    </vertex>
                    <vertex>
                        <position x="264.233" y="3618.38" z="41.8712"/>
                        <normal x="0.034195" y="0.788053" z="-0.614657"/>
                        <texcoord u="0.550483" v="0.834514"/>
                    </vertex>
                    <vertex>
                        <position x="239.273" y="3705.65" z="93.9025"/>
                        <normal x="-0.0674802" y="0.469946" z="-0.880112"/>
                        <texcoord u="0.550485" v="0.528191"/>
                    </vertex>
                    <vertex>
                        <position x="183.341" y="3653.93" z="60.3164"/>
                        <normal x="0.116301" y="0.550619" z="-0.826616"/>
                        <texcoord u="0.428951" v="0.689196"/>
                    </vertex>
                    <vertex>
                        <position x="177.799" y="3700.76" z="85.9035"/>
                        <normal x="0.123354" y="0.519961" z="-0.845236"/>
                        <texcoord u="0.428909" v="0.528191"/>
                    </vertex>
                    <vertex>
                        <position x="177.799" y="3700.76" z="85.9035"/>
                        <normal x="0.123354" y="0.519961" z="-0.845236"/>
                        <texcoord u="0.428909" v="0.528191"/>
                    </vertex>
                    <vertex>
                        <position x="183.341" y="3653.93" z="60.3164"/>
                        <normal x="0.116301" y="0.550619" z="-0.826616"/>
                        <texcoord u="0.428951" v="0.689196"/>
                    </vertex>
                    <vertex>
                        <position x="117.604" y="3700.66" z="73.1031"/>
                        <normal x="0.0981617" y="0.506476" z="-0.856648"/>
                        <texcoord u="0.330174" v="0.528191"/>
                    </vertex>
                    <vertex>
                        <position x="117.604" y="3700.66" z="73.1031"/>
                        <normal x="0.0981617" y="0.506476" z="-0.856648"/>
                        <texcoord u="0.330174" v="0.528191"/>
                    </vertex>
                    <vertex>
                        <position x="183.341" y="3653.93" z="60.3164"/>
                        <normal x="0.116301" y="0.550619" z="-0.826616"/>
                        <texcoord u="0.428951" v="0.689196"/>
                    </vertex>
                    <vertex>
                        <position x="122.225" y="3648.27" z="46.8213"/>
                        <normal x="0.0565441" y="0.595808" z="-0.801134"/>
                        <texcoord u="0.330161" v="0.688324"/>
                    </vertex>
                    <vertex>
                        <position x="183.341" y="3653.93" z="60.3164"/>
                        <normal x="0.116301" y="0.550619" z="-0.826616"/>
                        <texcoord u="0.428951" v="0.689196"/>
                    </vertex>
                    <vertex>
                        <position x="190.646" y="3608.37" z="19.0375"/>
                        <normal x="0.101861" y="0.78014" z="-0.617256"/>
                        <texcoord u="0.429009" v="0.834617"/>
                    </vertex>
                    <vertex>
                        <position x="122.225" y="3648.27" z="46.8213"/>
                        <normal x="0.0565441" y="0.595808" z="-0.801134"/>
                        <texcoord u="0.330161" v="0.688324"/>
                    </vertex>
                    <vertex>
                        <position x="190.646" y="3608.37" z="19.0375"/>
                        <normal x="0.101861" y="0.78014" z="-0.617256"/>
                        <texcoord u="0.429009" v="0.834617"/>
                    </vertex>
                    <vertex>
                        <position x="130.129" y="3607.18" z="6.06284"/>
                        <normal x="0.0727331" y="0.844101" z="-0.531228"/>
                        <texcoord u="0.330183" v="0.834569"/>
                    </vertex>
                    <vertex>
                        <position x="122.225" y="3648.27" z="46.8213"/>
                        <normal x="0.0565441" y="0.595808" z="-0.801134"/>
                        <texcoord u="0.330161" v="0.688324"/>
                    </vertex>
                    <vertex>
                        <position x="208.924" y="3583.15" z="-35.385"/>
                        <normal x="0.0407376" y="0.896034" z="-0.442113"/>
                        <texcoord u="0.429201" v="0.955375"/>
                    </vertex>
                    <vertex>
                        <position x="130.129" y="3607.18" z="6.06284"/>
                        <normal x="0.0727331" y="0.844101" z="-0.531228"/>
                        <texcoord u="0.330183" v="0.834569"/>
                    </vertex>
                    <vertex>
                        <position x="190.646" y="3608.37" z="19.0375"/>
                        <normal x="0.101861" y="0.78014" z="-0.617256"/>
                        <texcoord u="0.429009" v="0.834617"/>
                    </vertex>
                    <vertex>
                        <position x="208.924" y="3583.15" z="-35.385"/>
                        <normal x="0.0407376" y="0.896034" z="-0.442113"/>
                        <texcoord u="0.429201" v="0.955375"/>
                    </vertex>
                    <vertex>
                        <position x="143.623" y="3572.95" z="-55.7111"/>
                        <normal x="0.0134256" y="0.875877" z="-0.482347"/>
                        <texcoord u="0.330259" v="0.958164"/>
                    </vertex>
                    <vertex>
                        <position x="130.129" y="3607.18" z="6.06284"/>
                        <normal x="0.0727331" y="0.844101" z="-0.531228"/>
                        <texcoord u="0.330183" v="0.834569"/>
                    </vertex>
                    <vertex>
                        <position x="117.604" y="3700.66" z="73.1031"/>
                        <normal x="0.0981617" y="0.506476" z="-0.856648"/>
                        <texcoord u="0.330174" v="0.528191"/>
                    </vertex>
                    <vertex>
                        <position x="122.225" y="3648.27" z="46.8213"/>
                        <normal x="0.0565441" y="0.595808" z="-0.801134"/>
                        <texcoord u="0.330161" v="0.688324"/>
                    </vertex>
                    <vertex>
                        <position x="48.1901" y="3698.73" z="71.8606"/>
                        <normal x="-0.0156317" y="0.470387" z="-0.882322"/>
                        <texcoord u="0.222027" v="0.528191"/>
                    </vertex>
                    <vertex>
                        <position x="48.1901" y="3698.73" z="71.8606"/>
                        <normal x="-0.0156317" y="0.470387" z="-0.882322"/>
                        <texcoord u="0.222027" v="0.528191"/>
                    </vertex>
                    <vertex>
                        <position x="122.225" y="3648.27" z="46.8213"/>
                        <normal x="0.0565441" y="0.595808" z="-0.801134"/>
                        <texcoord u="0.330161" v="0.688324"/>
                    </vertex>
                    <vertex>
                        <position x="52.6394" y="3645.75" z="45.3987"/>
                        <normal x="0.000443566" y="0.582499" z="-0.812831"/>
                        <texcoord u="0.222043" v="0.6892"/>
                    </vertex>
                    <vertex>
                        <position x="122.225" y="3648.27" z="46.8213"/>
                        <normal x="0.0565441" y="0.595808" z="-0.801134"/>
                        <texcoord u="0.330161" v="0.688324"/>
                    </vertex>
                    <vertex>
                        <position x="59.1923" y="3604.7" z="5.3022"/>
                        <normal x="0.00537454" y="0.770848" z="-0.636996"/>
                        <texcoord u="0.222041" v="0.834516"/>
                    </vertex>
                    <vertex>
                        <position x="52.6394" y="3645.75" z="45.3987"/>
                        <normal x="0.000443566" y="0.582499" z="-0.812831"/>
                        <texcoord u="0.222043" v="0.6892"/>
                    </vertex>
                    <vertex>
                        <position x="122.225" y="3648.27" z="46.8213"/>
                        <normal x="0.0565441" y="0.595808" z="-0.801134"/>
                        <texcoord u="0.330161" v="0.688324"/>
                    </vertex>
                    <vertex>
                        <position x="123.294" y="3603.59" z="5.25594"/>
                        <normal x="0.0100468" y="0.842328" z="-0.538872"/>
                        <texcoord u="0.330078" v="0.834683"/>
                    </vertex>
                    <vertex>
                        <position x="59.1923" y="3604.7" z="5.3022"/>
                        <normal x="0.00537454" y="0.770848" z="-0.636996"/>
                        <texcoord u="0.222041" v="0.834516"/>
                    </vertex>
                    <vertex>
                        <position x="123.294" y="3603.59" z="5.25594"/>
                        <normal x="0.0100468" y="0.842328" z="-0.538872"/>
                        <texcoord u="0.330078" v="0.834683"/>
                    </vertex>
                    <vertex>
                        <position x="54.9213" y="3575.9" z="-54.4091"/>
                        <normal x="0.00919978" y="0.902992" z="-0.42956"/>
                        <texcoord u="0.222023" v="0.955318"/>
                    </vertex>
                    <vertex>
                        <position x="59.1923" y="3604.7" z="5.3022"/>
                        <normal x="0.00537454" y="0.770848" z="-0.636996"/>
                        <texcoord u="0.222041" v="0.834516"/>
                    </vertex>
                    <vertex>
                        <position x="127.157" y="3573.84" z="-58.2818"/>
                        <normal x="0.00312692" y="0.905719" z="-0.423866"/>
                        <texcoord u="0.330012" v="0.957582"/>
                    </vertex>
                    <vertex>
                        <position x="54.9213" y="3575.9" z="-54.4091"/>
                        <normal x="0.00919978" y="0.902992" z="-0.42956"/>
                        <texcoord u="0.222023" v="0.955318"/>
                    </vertex>
                    <vertex>
                        <position x="123.294" y="3603.59" z="5.25594"/>
                        <normal x="0.0100468" y="0.842328" z="-0.538872"/>
                        <texcoord u="0.330078" v="0.834683"/>
                    </vertex>
                    <vertex>
                        <position x="48.1901" y="3698.73" z="71.8606"/>
                        <normal x="-0.0156317" y="0.470387" z="-0.882322"/>
                        <texcoord u="0.222027" v="0.528191"/>
                    </vertex>
                    <vertex>
                        <position x="52.6394" y="3645.75" z="45.3987"/>
                        <normal x="0.000443566" y="0.582499" z="-0.812831"/>
                        <texcoord u="0.222043" v="0.6892"/>
                    </vertex>
                    <vertex>
                        <position x="-12.8251" y="3695.34" z="72.3117"/>
                        <normal x="0.362177" y="0.443726" z="-0.819716"/>
                        <texcoord u="0.111695" v="0.528191"/>
                    </vertex>
                    <vertex>
                        <position x="-12.8251" y="3695.34" z="72.3117"/>
                        <normal x="0.362177" y="0.443726" z="-0.819716"/>
                        <texcoord u="0.111695" v="0.528191"/>
                    </vertex>
                    <vertex>
                        <position x="52.6394" y="3645.75" z="45.3987"/>
                        <normal x="0.000443566" y="0.582499" z="-0.812831"/>
                        <texcoord u="0.222043" v="0.6892"/>
                    </vertex>
                    <vertex>
                        <position x="-9.6689" y="3648.31" z="45.9325"/>
                        <normal x="0.447644" y="0.503115" z="-0.739249"/>
                        <texcoord u="0.111615" v="0.689189"/>
                    </vertex>
                    <vertex>
                        <position x="-9.6689" y="3648.31" z="45.9325"/>
                        <normal x="0.447644" y="0.503115" z="-0.739249"/>
                        <texcoord u="0.111615" v="0.689189"/>
                    </vertex>
                    <vertex>
                        <position x="52.6394" y="3645.75" z="45.3987"/>
                        <normal x="0.000443566" y="0.582499" z="-0.812831"/>
                        <texcoord u="0.222043" v="0.6892"/>
                    </vertex>
                    <vertex>
                        <position x="-20.8808" y="3608.31" z="8.22506"/>
                        <normal x="0.024393" y="0.767802" z="-0.640223"/>
                        <texcoord u="0.111553" v="0.834381"/>
                    </vertex>
                    <vertex>
                        <position x="52.6394" y="3645.75" z="45.3987"/>
                        <normal x="0.000443566" y="0.582499" z="-0.812831"/>
                        <texcoord u="0.222043" v="0.6892"/>
                    </vertex>
                    <vertex>
                        <position x="51.6227" y="3602.44" z="3.34037"/>
                        <normal x="0.0285957" y="0.841013" z="-0.540259"/>
                        <texcoord u="0.222161" v="0.834586"/>
                    </vertex>
                    <vertex>
                        <position x="-20.8808" y="3608.31" z="8.22506"/>
                        <normal x="0.024393" y="0.767802" z="-0.640223"/>
                        <texcoord u="0.111553" v="0.834381"/>
                    </vertex>
                    <vertex>
                        <position x="51.6227" y="3602.44" z="3.34037"/>
                        <normal x="0.0285957" y="0.841013" z="-0.540259"/>
                        <texcoord u="0.222161" v="0.834586"/>
                    </vertex>
                    <vertex>
                        <position x="-33.9883" y="3582.82" z="-43.9854"/>
                        <normal x="0.0382723" y="0.896699" z="-0.440983"/>
                        <texcoord u="0.111557" v="0.952624"/>
                    </vertex>
                    <vertex>
                        <position x="-20.8808" y="3608.31" z="8.22506"/>
                        <normal x="0.024393" y="0.767802" z="-0.640223"/>
                        <texcoord u="0.111553" v="0.834381"/>
                    </vertex>
                    <vertex>
                        <position x="51.6227" y="3602.44" z="3.34037"/>
                        <normal x="0.0285957" y="0.841013" z="-0.540259"/>
                        <texcoord u="0.222161" v="0.834586"/>
                    </vertex>
                    <vertex>
                        <position x="42.5315" y="3574.43" z="-55.3136"/>
                        <normal x="0.0342281" y="0.899802" z="-0.434954"/>
                        <texcoord u="0.222306" v="0.955615"/>
                    </vertex>
                    <vertex>
                        <position x="-33.9883" y="3582.82" z="-43.9854"/>
                        <normal x="0.0382723" y="0.896699" z="-0.440983"/>
                        <texcoord u="0.111557" v="0.952624"/>
                    </vertex>
                    <vertex>
                        <position x="-9.6689" y="3648.31" z="45.9325"/>
                        <normal x="0.447644" y="0.503115" z="-0.739249"/>
                        <texcoord u="0.111615" v="0.689189"/>
                    </vertex>
                    <vertex>
                        <position x="-37.2841" y="3709.67" z="55.7747"/>
                        <normal x="0.614263" y="0.358024" z="-0.703207"/>
                        <texcoord u="0.026622" v="0.528191"/>
                    </vertex>
                    <vertex>
                        <position x="-12.8251" y="3695.34" z="72.3117"/>
                        <normal x="0.362177" y="0.443726" z="-0.819716"/>
                        <texcoord u="0.111695" v="0.528191"/>
                    </vertex>
                    <vertex>
                        <position x="-37.2841" y="3709.67" z="55.7747"/>
                        <normal x="0.614263" y="0.358024" z="-0.703207"/>
                        <texcoord u="0.026622" v="0.528191"/>
                    </vertex>
                    <vertex>
                        <position x="-9.6689" y="3648.31" z="45.9325"/>
                        <normal x="0.447644" y="0.503115" z="-0.739249"/>
                        <texcoord u="0.111615" v="0.689189"/>
                    </vertex>
                    <vertex>
                        <position x="-42.5769" y="3667.99" z="32.8818"/>
                        <normal x="0.558009" y="0.487872" z="-0.671273"/>
                        <texcoord u="0.02596" v="0.689183"/>
                    </vertex>
                    <vertex>
                        <position x="-9.6689" y="3648.31" z="45.9325"/>
                        <normal x="0.447644" y="0.503115" z="-0.739249"/>
                        <texcoord u="0.111615" v="0.689189"/>
                    </vertex>
                    <vertex>
                        <position x="-51.4357" y="3638.76" z="-8.52771"/>
                        <normal x="0.686694" y="0.407499" z="-0.601994"/>
                        <texcoord u="0.025024" v="0.834667"/>
                    </vertex>
                    <vertex>
                        <position x="-42.5769" y="3667.99" z="32.8818"/>
                        <normal x="0.558009" y="0.487872" z="-0.671273"/>
                        <texcoord u="0.02596" v="0.689183"/>
                    </vertex>
                    <vertex>
                        <position x="-51.4357" y="3638.76" z="-8.52771"/>
                        <normal x="0.686694" y="0.407499" z="-0.601994"/>
                        <texcoord u="0.025024" v="0.834667"/>
                    </vertex>
                    <vertex>
                        <position x="-9.6689" y="3648.31" z="45.9325"/>
                        <normal x="0.447644" y="0.503115" z="-0.739249"/>
                        <texcoord u="0.111615" v="0.689189"/>
                    </vertex>
                    <vertex>
                        <position x="-31.4117" y="3614.77" z="3.35222"/>
                        <normal x="0.675394" y="0.461845" z="-0.574928"/>
                        <texcoord u="0.111079" v="0.834854"/>
                    </vertex>
                    <vertex>
                        <position x="-77.5169" y="3614.41" z="-50.7482"/>
                        <normal x="0.639935" y="0.537799" z="-0.548868"/>
                        <texcoord u="0.024205" v="0.946472"/>
                    </vertex>
                    <vertex>
                        <position x="-51.4357" y="3638.76" z="-8.52771"/>
                        <normal x="0.686694" y="0.407499" z="-0.601994"/>
                        <texcoord u="0.025024" v="0.834667"/>
                    </vertex>
                    <vertex>
                        <position x="-31.4117" y="3614.77" z="3.35222"/>
                        <normal x="0.675394" y="0.461845" z="-0.574928"/>
                        <texcoord u="0.111079" v="0.834854"/>
                    </vertex>
                    <vertex>
                        <position x="-31.4117" y="3614.77" z="3.35222"/>
                        <normal x="0.675394" y="0.461845" z="-0.574928"/>
                        <texcoord u="0.111079" v="0.834854"/>
                    </vertex>
                    <vertex>
                        <position x="-38.6912" y="3591.72" z="-43.9047"/>
                        <normal x="0.509781" y="0.73971" z="-0.439264"/>
                        <texcoord u="0.110622" v="0.949164"/>
                    </vertex>
                    <vertex>
                        <position x="-77.5169" y="3614.41" z="-50.7482"/>
                        <normal x="0.639935" y="0.537799" z="-0.548868"/>
                        <texcoord u="0.024205" v="0.946472"/>
                    </vertex>
                    <vertex>
                        <position x="-36.7899" y="3775.23" z="85.6308"/>
                        <normal x="0.738485" y="0.229061" z="-0.634169"/>
                        <texcoord u="0.0269" v="0.385183"/>
                    </vertex>
                    <vertex>
                        <position x="-12.8251" y="3695.34" z="72.3117"/>
                        <normal x="0.362177" y="0.443726" z="-0.819716"/>
                        <texcoord u="0.111695" v="0.528191"/>
                    </vertex>
                    <vertex>
                        <position x="-37.2841" y="3709.67" z="55.7747"/>
                        <normal x="0.614263" y="0.358024" z="-0.703207"/>
                        <texcoord u="0.026622" v="0.528191"/>
                    </vertex>
                    <vertex>
                        <position x="-12.8251" y="3695.34" z="72.3117"/>
                        <normal x="0.362177" y="0.443726" z="-0.819716"/>
                        <texcoord u="0.111695" v="0.528191"/>
                    </vertex>
                    <vertex>
                        <position x="-36.7899" y="3775.23" z="85.6308"/>
                        <normal x="0.738485" y="0.229061" z="-0.634169"/>
                        <texcoord u="0.0269" v="0.385183"/>
                    </vertex>
                    <vertex>
                        <position x="-11.8167" y="3776.46" z="118.38"/>
                        <normal x="0.439621" y="0.354315" z="-0.825345"/>
                        <texcoord u="0.111812" v="0.386443"/>
                    </vertex>
                    <vertex>
                        <position x="-41.4094" y="3837.33" z="84.4869"/>
                        <normal x="0.93456" y="0.25368" z="-0.249487"/>
                        <texcoord u="0.027139" v="0.222451"/>
                    </vertex>
                    <vertex>
                        <position x="-11.8167" y="3776.46" z="118.38"/>
                        <normal x="0.439621" y="0.354315" z="-0.825345"/>
                        <texcoord u="0.111812" v="0.386443"/>
                    </vertex>
                    <vertex>
                        <position x="-36.7899" y="3775.23" z="85.6308"/>
                        <normal x="0.738485" y="0.229061" z="-0.634169"/>
                        <texcoord u="0.0269" v="0.385183"/>
                    </vertex>
                    <vertex>
                        <position x="-41.4094" y="3837.33" z="84.4869"/>
                        <normal x="0.93456" y="0.25368" z="-0.249487"/>
                        <texcoord u="0.027139" v="0.222451"/>
                    </vertex>
                    <vertex>
                        <position x="-35.6272" y="3826.79" z="119.984"/>
                        <normal x="0.916268" y="0.390319" z="0.0900251"/>
                        <texcoord u="0.111766" v="0.223453"/>
                    </vertex>
                    <vertex>
                        <position x="-11.8167" y="3776.46" z="118.38"/>
                        <normal x="0.439621" y="0.354315" z="-0.825345"/>
                        <texcoord u="0.111812" v="0.386443"/>
                    </vertex>
                    <vertex>
                        <position x="-70.7302" y="3941.11" z="52.2856"/>
                        <normal x="0.91795" y="0.368638" z="0.146537"/>
                        <texcoord u="0.027181" v="0.113032"/>
                    </vertex>
                    <vertex>
                        <position x="-35.6272" y="3826.79" z="119.984"/>
                        <normal x="0.916268" y="0.390319" z="0.0900251"/>
                        <texcoord u="0.111766" v="0.223453"/>
                    </vertex>
                    <vertex>
                        <position x="-41.4094" y="3837.33" z="84.4869"/>
                        <normal x="0.93456" y="0.25368" z="-0.249487"/>
                        <texcoord u="0.027139" v="0.222451"/>
                    </vertex>
                    <vertex>
                        <position x="-70.7302" y="3941.11" z="52.2856"/>
                        <normal x="0.91795" y="0.368638" z="0.146537"/>
                        <texcoord u="0.027181" v="0.113032"/>
                    </vertex>
                    <vertex>
                        <position x="-74.9505" y="3900.4" z="113.14"/>
                        <normal x="0.805983" y="0.464651" z="0.366729"/>
                        <texcoord u="0.111548" v="0.113116"/>
                    </vertex>
                    <vertex>
                        <position x="-35.6272" y="3826.79" z="119.984"/>
                        <normal x="0.916268" y="0.390319" z="0.0900251"/>
                        <texcoord u="0.111766" v="0.223453"/>
                    </vertex>
                    <vertex>
                        <position x="-74.9505" y="3900.4" z="113.14"/>
                        <normal x="-0.232559" y="-0.267531" z="-0.935063"/>
                        <texcoord u="0.111548" v="0.113116"/>
                    </vertex>
                    <vertex>
                        <position x="49.8103" y="3813.26" z="107.041"/>
                        <normal x="-0.0857131" y="-0.120233" z="-0.989039"/>
                        <texcoord u="0.221972" v="0.22542"/>
                    </vertex>
                    <vertex>
                        <position x="-35.6272" y="3826.79" z="119.984"/>
                        <normal x="-0.206037" y="-0.0731999" z="-0.975802"/>
                        <texcoord u="0.111766" v="0.223453"/>
                    </vertex>
                    <vertex>
                        <position x="-74.9505" y="3900.4" z="113.14"/>
                        <normal x="-0.232559" y="-0.267531" z="-0.935063"/>
                        <texcoord u="0.111548" v="0.113116"/>
                    </vertex>
                    <vertex>
                        <position x="39.1522" y="3847.23" z="97.2104"/>
                        <normal x="-0.0686923" y="-0.245965" z="-0.966842"/>
                        <texcoord u="0.22192" v="0.113816"/>
                    </vertex>
                    <vertex>
                        <position x="49.8103" y="3813.26" z="107.041"/>
                        <normal x="-0.0857131" y="-0.120233" z="-0.989039"/>
                        <texcoord u="0.221972" v="0.22542"/>
                    </vertex>
                    <vertex>
                        <position x="39.1522" y="3847.23" z="97.2104"/>
                        <normal x="-0.0686923" y="-0.245965" z="-0.966842"/>
                        <texcoord u="0.22192" v="0.113816"/>
                    </vertex>
                    <vertex>
                        <position x="113.95" y="3811.45" z="107.339"/>
                        <normal x="0.135401" y="-0.0770477" z="-0.987791"/>
                        <texcoord u="0.330167" v="0.226068"/>
                    </vertex>
                    <vertex>
                        <position x="49.8103" y="3813.26" z="107.041"/>
                        <normal x="-0.0857131" y="-0.120233" z="-0.989039"/>
                        <texcoord u="0.221972" v="0.22542"/>
                    </vertex>
                    <vertex>
                        <position x="98.3645" y="3851.44" z="102.071"/>
                        <normal x="0.171346" y="-0.144476" z="-0.97456"/>
                        <texcoord u="0.330167" v="0.114048"/>
                    </vertex>
                    <vertex>
                        <position x="113.95" y="3811.45" z="107.339"/>
                        <normal x="0.135401" y="-0.0770477" z="-0.987791"/>
                        <texcoord u="0.330167" v="0.226068"/>
                    </vertex>
                    <vertex>
                        <position x="39.1522" y="3847.23" z="97.2104"/>
                        <normal x="-0.0686923" y="-0.245965" z="-0.966842"/>
                        <texcoord u="0.22192" v="0.113816"/>
                    </vertex>
                    <vertex>
                        <position x="98.3645" y="3851.44" z="102.071"/>
                        <normal x="0.171346" y="-0.144476" z="-0.97456"/>
                        <texcoord u="0.330167" v="0.114048"/>
                    </vertex>
                    <vertex>
                        <position x="160.428" y="3829.1" z="119.701"/>
                        <normal x="0.238873" y="-0.0817305" z="-0.967605"/>
                        <texcoord u="0.429014" v="0.225447"/>
                    </vertex>
                    <vertex>
                        <position x="113.95" y="3811.45" z="107.339"/>
                        <normal x="0.135401" y="-0.0770477" z="-0.987791"/>
                        <texcoord u="0.330167" v="0.226068"/>
                    </vertex>
                    <vertex>
                        <position x="156.982" y="3859.29" z="109.182"/>
                        <normal x="0.303726" y="-0.199545" z="-0.931629"/>
                        <texcoord u="0.428921" v="0.113816"/>
                    </vertex>
                    <vertex>
                        <position x="160.428" y="3829.1" z="119.701"/>
                        <normal x="0.238873" y="-0.0817305" z="-0.967605"/>
                        <texcoord u="0.429014" v="0.225447"/>
                    </vertex>
                    <vertex>
                        <position x="98.3645" y="3851.44" z="102.071"/>
                        <normal x="0.171346" y="-0.144476" z="-0.97456"/>
                        <texcoord u="0.330167" v="0.114048"/>
                    </vertex>
                    <vertex>
                        <position x="156.982" y="3859.29" z="109.182"/>
                        <normal x="0.303726" y="-0.199545" z="-0.931629"/>
                        <texcoord u="0.428921" v="0.113816"/>
                    </vertex>
                    <vertex>
                        <position x="228.383" y="3855.71" z="138.935"/>
                        <normal x="-0.267626" y="-0.0169147" z="-0.963374"/>
                        <texcoord u="0.550484" v="0.224994"/>
                    </vertex>
                    <vertex>
                        <position x="160.428" y="3829.1" z="119.701"/>
                        <normal x="0.238873" y="-0.0817305" z="-0.967605"/>
                        <texcoord u="0.429014" v="0.225447"/>
                    </vertex>
                    <vertex>
                        <position x="247.19" y="3933.38" z="145.868"/>
                        <normal x="0.384173" y="-0.0106123" z="-0.9232"/>
                        <texcoord u="0.550482" v="0.113116"/>
                    </vertex>
                    <vertex>
                        <position x="228.383" y="3855.71" z="138.935"/>
                        <normal x="-0.267626" y="-0.0169147" z="-0.963374"/>
                        <texcoord u="0.550484" v="0.224994"/>
                    </vertex>
                    <vertex>
                        <position x="156.982" y="3859.29" z="109.182"/>
                        <normal x="0.303726" y="-0.199545" z="-0.931629"/>
                        <texcoord u="0.428921" v="0.113816"/>
                    </vertex>
                    <vertex>
                        <position x="245.59" y="3865.4" z="103.113"/>
                        <normal x="-0.951272" y="0.0228111" z="-0.307508"/>
                        <texcoord u="0.628549" v="0.222502"/>
                    </vertex>
                    <vertex>
                        <position x="228.383" y="3855.71" z="138.935"/>
                        <normal x="-0.267626" y="-0.0169147" z="-0.963374"/>
                        <texcoord u="0.550484" v="0.224994"/>
                    </vertex>
                    <vertex>
                        <position x="247.19" y="3933.38" z="145.868"/>
                        <normal x="-0.96502" y="0.155477" z="-0.211102"/>
                        <texcoord u="0.550482" v="0.113116"/>
                    </vertex>
                    <vertex>
                        <position x="245.59" y="3865.4" z="103.113"/>
                        <normal x="-0.951272" y="0.0228111" z="-0.307508"/>
                        <texcoord u="0.628549" v="0.222502"/>
                    </vertex>
                    <vertex>
                        <position x="260.874" y="3789.28" z="114.256"/>
                        <normal x="-0.652863" y="0.0263956" z="-0.757016"/>
                        <texcoord u="0.628705" v="0.385177"/>
                    </vertex>
                    <vertex>
                        <position x="228.383" y="3855.71" z="138.935"/>
                        <normal x="-0.267626" y="-0.0169147" z="-0.963374"/>
                        <texcoord u="0.550484" v="0.224994"/>
                    </vertex>
                    <vertex>
                        <position x="228.383" y="3855.71" z="138.935"/>
                        <normal x="-0.267626" y="-0.0169147" z="-0.963374"/>
                        <texcoord u="0.550484" v="0.224994"/>
                    </vertex>
                    <vertex>
                        <position x="260.874" y="3789.28" z="114.256"/>
                        <normal x="-0.652863" y="0.0263956" z="-0.757016"/>
                        <texcoord u="0.628705" v="0.385177"/>
                    </vertex>
                    <vertex>
                        <position x="228.6" y="3768.99" z="129.869"/>
                        <normal x="-0.167828" y="0.238535" z="-0.956522"/>
                        <texcoord u="0.550486" v="0.386401"/>
                    </vertex>
                    <vertex>
                        <position x="260.874" y="3789.28" z="114.256"/>
                        <normal x="-0.652863" y="0.0263956" z="-0.757016"/>
                        <texcoord u="0.628705" v="0.385177"/>
                    </vertex>
                    <vertex>
                        <position x="273.371" y="3719.8" z="86.8691"/>
                        <normal x="-0.406617" y="0.352915" z="-0.842683"/>
                        <texcoord u="0.628988" v="0.528191"/>
                    </vertex>
                    <vertex>
                        <position x="228.6" y="3768.99" z="129.869"/>
                        <normal x="-0.167828" y="0.238535" z="-0.956522"/>
                        <texcoord u="0.550486" v="0.386401"/>
                    </vertex>
                    <vertex>
                        <position x="228.6" y="3768.99" z="129.869"/>
                        <normal x="-0.167828" y="0.238535" z="-0.956522"/>
                        <texcoord u="0.550486" v="0.386401"/>
                    </vertex>
                    <vertex>
                        <position x="273.371" y="3719.8" z="86.8691"/>
                        <normal x="-0.406617" y="0.352915" z="-0.842683"/>
                        <texcoord u="0.628988" v="0.528191"/>
                    </vertex>
                    <vertex>
                        <position x="239.273" y="3705.65" z="93.9025"/>
                        <normal x="-0.0674802" y="0.469946" z="-0.880112"/>
                        <texcoord u="0.550485" v="0.528191"/>
                    </vertex>
                    <vertex>
                        <position x="228.6" y="3768.99" z="129.869"/>
                        <normal x="-0.167828" y="0.238535" z="-0.956522"/>
                        <texcoord u="0.550486" v="0.386401"/>
                    </vertex>
                    <vertex>
                        <position x="239.273" y="3705.65" z="93.9025"/>
                        <normal x="-0.0674802" y="0.469946" z="-0.880112"/>
                        <texcoord u="0.550485" v="0.528191"/>
                    </vertex>
                    <vertex>
                        <position x="171.725" y="3758.81" z="121.346"/>
                        <normal x="0.143839" y="0.264983" z="-0.953464"/>
                        <texcoord u="0.429036" v="0.386527"/>
                    </vertex>
                    <vertex>
                        <position x="171.725" y="3758.81" z="121.346"/>
                        <normal x="0.143839" y="0.264983" z="-0.953464"/>
                        <texcoord u="0.429036" v="0.386527"/>
                    </vertex>
                    <vertex>
                        <position x="239.273" y="3705.65" z="93.9025"/>
                        <normal x="-0.0674802" y="0.469946" z="-0.880112"/>
                        <texcoord u="0.550485" v="0.528191"/>
                    </vertex>
                    <vertex>
                        <position x="177.799" y="3700.76" z="85.9035"/>
                        <normal x="0.123354" y="0.519961" z="-0.845236"/>
                        <texcoord u="0.428909" v="0.528191"/>
                    </vertex>
                    <vertex>
                        <position x="171.725" y="3758.81" z="121.346"/>
                        <normal x="0.143839" y="0.264983" z="-0.953464"/>
                        <texcoord u="0.429036" v="0.386527"/>
                    </vertex>
                    <vertex>
                        <position x="177.799" y="3700.76" z="85.9035"/>
                        <normal x="0.123354" y="0.519961" z="-0.845236"/>
                        <texcoord u="0.428909" v="0.528191"/>
                    </vertex>
                    <vertex>
                        <position x="111.316" y="3753.5" z="109.297"/>
                        <normal x="0.117025" y="0.288963" z="-0.950161"/>
                        <texcoord u="0.330177" v="0.386744"/>
                    </vertex>
                    <vertex>
                        <position x="111.316" y="3753.5" z="109.297"/>
                        <normal x="0.117025" y="0.288963" z="-0.950161"/>
                        <texcoord u="0.330177" v="0.386744"/>
                    </vertex>
                    <vertex>
                        <position x="177.799" y="3700.76" z="85.9035"/>
                        <normal x="0.123354" y="0.519961" z="-0.845236"/>
                        <texcoord u="0.428909" v="0.528191"/>
                    </vertex>
                    <vertex>
                        <position x="117.604" y="3700.66" z="73.1031"/>
                        <normal x="0.0981617" y="0.506476" z="-0.856648"/>
                        <texcoord u="0.330174" v="0.528191"/>
                    </vertex>
                    <vertex>
                        <position x="111.316" y="3753.5" z="109.297"/>
                        <normal x="0.117025" y="0.288963" z="-0.950161"/>
                        <texcoord u="0.330177" v="0.386744"/>
                    </vertex>
                    <vertex>
                        <position x="117.604" y="3700.66" z="73.1031"/>
                        <normal x="0.0981617" y="0.506476" z="-0.856648"/>
                        <texcoord u="0.330174" v="0.528191"/>
                    </vertex>
                    <vertex>
                        <position x="45.7339" y="3753.32" z="102.892"/>
                        <normal x="-0.0517847" y="0.277189" z="-0.959419"/>
                        <texcoord u="0.221983" v="0.386435"/>
                    </vertex>
                    <vertex>
                        <position x="45.7339" y="3753.32" z="102.892"/>
                        <normal x="-0.0517847" y="0.277189" z="-0.959419"/>
                        <texcoord u="0.221983" v="0.386435"/>
                    </vertex>
                    <vertex>
                        <position x="117.604" y="3700.66" z="73.1031"/>
                        <normal x="0.0981617" y="0.506476" z="-0.856648"/>
                        <texcoord u="0.330174" v="0.528191"/>
                    </vertex>
                    <vertex>
                        <position x="48.1901" y="3698.73" z="71.8606"/>
                        <normal x="-0.0156317" y="0.470387" z="-0.882322"/>
                        <texcoord u="0.222027" v="0.528191"/>
                    </vertex>
                    <vertex>
                        <position x="-11.8167" y="3776.46" z="118.38"/>
                        <normal x="0.439621" y="0.354315" z="-0.825345"/>
                        <texcoord u="0.111812" v="0.386443"/>
                    </vertex>
                    <vertex>
                        <position x="45.7339" y="3753.32" z="102.892"/>
                        <normal x="-0.0517847" y="0.277189" z="-0.959419"/>
                        <texcoord u="0.221983" v="0.386435"/>
                    </vertex>
                    <vertex>
                        <position x="48.1901" y="3698.73" z="71.8606"/>
                        <normal x="-0.0156317" y="0.470387" z="-0.882322"/>
                        <texcoord u="0.222027" v="0.528191"/>
                    </vertex>
                    <vertex>
                        <position x="-35.6272" y="3826.79" z="119.984"/>
                        <normal x="-0.206037" y="-0.0731999" z="-0.975802"/>
                        <texcoord u="0.111766" v="0.223453"/>
                    </vertex>
                    <vertex>
                        <position x="45.7339" y="3753.32" z="102.892"/>
                        <normal x="-0.0517847" y="0.277189" z="-0.959419"/>
                        <texcoord u="0.221983" v="0.386435"/>
                    </vertex>
                    <vertex>
                        <position x="-11.8167" y="3776.46" z="118.38"/>
                        <normal x="0.439621" y="0.354315" z="-0.825345"/>
                        <texcoord u="0.111812" v="0.386443"/>
                    </vertex>
                    <vertex>
                        <position x="-35.6272" y="3826.79" z="119.984"/>
                        <normal x="-0.206037" y="-0.0731999" z="-0.975802"/>
                        <texcoord u="0.111766" v="0.223453"/>
                    </vertex>
                    <vertex>
                        <position x="49.8103" y="3813.26" z="107.041"/>
                        <normal x="-0.0857131" y="-0.120233" z="-0.989039"/>
                        <texcoord u="0.221972" v="0.22542"/>
                    </vertex>
                    <vertex>
                        <position x="45.7339" y="3753.32" z="102.892"/>
                        <normal x="-0.0517847" y="0.277189" z="-0.959419"/>
                        <texcoord u="0.221983" v="0.386435"/>
                    </vertex>
                    <vertex>
                        <position x="49.8103" y="3813.26" z="107.041"/>
                        <normal x="-0.0857131" y="-0.120233" z="-0.989039"/>
                        <texcoord u="0.221972" v="0.22542"/>
                    </vertex>
                    <vertex>
                        <position x="111.316" y="3753.5" z="109.297"/>
                        <normal x="0.117025" y="0.288963" z="-0.950161"/>
                        <texcoord u="0.330177" v="0.386744"/>
                    </vertex>
                    <vertex>
                        <position x="45.7339" y="3753.32" z="102.892"/>
                        <normal x="-0.0517847" y="0.277189" z="-0.959419"/>
                        <texcoord u="0.221983" v="0.386435"/>
                    </vertex>
                    <vertex>
                        <position x="49.8103" y="3813.26" z="107.041"/>
                        <normal x="-0.0857131" y="-0.120233" z="-0.989039"/>
                        <texcoord u="0.221972" v="0.22542"/>
                    </vertex>
                    <vertex>
                        <position x="113.95" y="3811.45" z="107.339"/>
                        <normal x="0.135401" y="-0.0770477" z="-0.987791"/>
                        <texcoord u="0.330167" v="0.226068"/>
                    </vertex>
                    <vertex>
                        <position x="111.316" y="3753.5" z="109.297"/>
                        <normal x="0.117025" y="0.288963" z="-0.950161"/>
                        <texcoord u="0.330177" v="0.386744"/>
                    </vertex>
                    <vertex>
                        <position x="113.95" y="3811.45" z="107.339"/>
                        <normal x="0.135401" y="-0.0770477" z="-0.987791"/>
                        <texcoord u="0.330167" v="0.226068"/>
                    </vertex>
                    <vertex>
                        <position x="171.725" y="3758.81" z="121.346"/>
                        <normal x="0.143839" y="0.264983" z="-0.953464"/>
                        <texcoord u="0.429036" v="0.386527"/>
                    </vertex>
                    <vertex>
                        <position x="111.316" y="3753.5" z="109.297"/>
                        <normal x="0.117025" y="0.288963" z="-0.950161"/>
                        <texcoord u="0.330177" v="0.386744"/>
                    </vertex>
                    <vertex>
                        <position x="160.428" y="3829.1" z="119.701"/>
                        <normal x="0.238873" y="-0.0817305" z="-0.967605"/>
                        <texcoord u="0.429014" v="0.225447"/>
                    </vertex>
                    <vertex>
                        <position x="171.725" y="3758.81" z="121.346"/>
                        <normal x="0.143839" y="0.264983" z="-0.953464"/>
                        <texcoord u="0.429036" v="0.386527"/>
                    </vertex>
                    <vertex>
                        <position x="113.95" y="3811.45" z="107.339"/>
                        <normal x="0.135401" y="-0.0770477" z="-0.987791"/>
                        <texcoord u="0.330167" v="0.226068"/>
                    </vertex>
                    <vertex>
                        <position x="160.428" y="3829.1" z="119.701"/>
                        <normal x="0.238873" y="-0.0817305" z="-0.967605"/>
                        <texcoord u="0.429014" v="0.225447"/>
                    </vertex>
                    <vertex>
                        <position x="228.6" y="3768.99" z="129.869"/>
                        <normal x="-0.167828" y="0.238535" z="-0.956522"/>
                        <texcoord u="0.550486" v="0.386401"/>
                    </vertex>
                    <vertex>
                        <position x="171.725" y="3758.81" z="121.346"/>
                        <normal x="0.143839" y="0.264983" z="-0.953464"/>
                        <texcoord u="0.429036" v="0.386527"/>
                    </vertex>
                    <vertex>
                        <position x="228.383" y="3855.71" z="138.935"/>
                        <normal x="-0.267626" y="-0.0169147" z="-0.963374"/>
                        <texcoord u="0.550484" v="0.224994"/>
                    </vertex>
                    <vertex>
                        <position x="228.6" y="3768.99" z="129.869"/>
                        <normal x="-0.167828" y="0.238535" z="-0.956522"/>
                        <texcoord u="0.550486" v="0.386401"/>
                    </vertex>
                    <vertex>
                        <position x="160.428" y="3829.1" z="119.701"/>
                        <normal x="0.238873" y="-0.0817305" z="-0.967605"/>
                        <texcoord u="0.429014" v="0.225447"/>
                    </vertex>
                    <vertex>
                        <position x="-11.8167" y="3776.46" z="118.38"/>
                        <normal x="0.439621" y="0.354315" z="-0.825345"/>
                        <texcoord u="0.111812" v="0.386443"/>
                    </vertex>
                    <vertex>
                        <position x="48.1901" y="3698.73" z="71.8606"/>
                        <normal x="-0.0156317" y="0.470387" z="-0.882322"/>
                        <texcoord u="0.222027" v="0.528191"/>
                    </vertex>
                    <vertex>
                        <position x="-12.8251" y="3695.34" z="72.3117"/>
                        <normal x="0.362177" y="0.443726" z="-0.819716"/>
                        <texcoord u="0.111695" v="0.528191"/>
                    </vertex>
                    <vertex>
                        <position x="252.562" y="3974.21" z="85.1307"/>
                        <normal x="-0.997162" y="0.0554798" z="-0.0508984"/>
                        <texcoord u="0.627982" v="0.113032"/>
                    </vertex>
                    <vertex>
                        <position x="245.59" y="3865.4" z="103.113"/>
                        <normal x="-0.951272" y="0.0228111" z="-0.307508"/>
                        <texcoord u="0.628549" v="0.222502"/>
                    </vertex>
                    <vertex>
                        <position x="247.19" y="3933.38" z="145.868"/>
                        <normal x="-0.96502" y="0.155477" z="-0.211102"/>
                        <texcoord u="0.550482" v="0.113116"/>
                    </vertex>
                </vertexbuffer>
            </geometry>
        </submesh>
    </submeshes>
    <submeshnames>
        <submeshname name="submesh0" index="0"/>
    </submeshnames>
</mesh>
