<mesh>
    <submeshes>
        <submesh material="FrontCol" usesharedvertices="false" use32bitindexes="false" operationtype="triangle_list">
            <faces count="1">
                <face v1="0" v2="1" v3="2"/>
            </faces>
            <geometry vertexcount="3">
                <vertexbuffer positions="true" normals="true" texture_coord_dimensions_0="2" texture_coords="1">
                    <vertex>
                        <position x="343.219" y="2457.39" z="378.823"/>
                        <normal x="-0.697074" y="0.00607257" z="0.716974"/>
                        <texcoord u="13.9999" v="-95.758"/>
                    </vertex>
                    <vertex>
                        <position x="340.361" y="2454.57" z="376.068"/>
                        <normal x="-0.697074" y="0.00607257" z="0.716974"/>
                        <texcoord u="13.8437" v="-95.6468"/>
                    </vertex>
                    <vertex>
                        <position x="342.321" y="2455.11" z="377.97"/>
                        <normal x="-0.697074" y="0.00607257" z="0.716974"/>
                        <texcoord u="13.9512" v="-95.668"/>
                    </vertex>
                </vertexbuffer>
            </geometry>
        </submesh>
    </submeshes>
    <submeshnames>
        <submeshname name="submesh0" index="0"/>
    </submeshnames>
</mesh>
