<mesh>
    <submeshes>
        <submesh material="FrontCol" usesharedvertices="false" use32bitindexes="false" operationtype="triangle_list">
            <faces count="1">
                <face v1="0" v2="1" v3="2"/>
            </faces>
            <geometry vertexcount="3">
                <vertexbuffer positions="true" normals="true" texture_coord_dimensions_0="2" texture_coords="1">
                    <vertex>
                        <position x="-522.735" y="1922.91" z="225.997"/>
                        <normal x="0.258826" y="-0.918" z="-0.300474"/>
                        <texcoord u="15.664" v="-13.8316"/>
                    </vertex>
                    <vertex>
                        <position x="-525.378" y="1922.37" z="225.376"/>
                        <normal x="0.258826" y="-0.918" z="-0.300474"/>
                        <texcoord u="15.7588" v="-13.7778"/>
                    </vertex>
                    <vertex>
                        <position x="-526.668" y="1922.71" z="223.213"/>
                        <normal x="0.258826" y="-0.918" z="-0.300474"/>
                        <texcoord u="15.8529" v="-13.812"/>
                    </vertex>
                </vertexbuffer>
            </geometry>
        </submesh>
    </submeshes>
    <submeshnames>
        <submeshname name="submesh0" index="0"/>
    </submeshnames>
</mesh>
