<mesh>
    <submeshes>
        <submesh material="03___Def" usesharedvertices="false" use32bitindexes="false" operationtype="triangle_list">
            <faces count="1">
                <face v1="0" v2="1" v3="2"/>
            </faces>
            <geometry vertexcount="3">
                <vertexbuffer positions="true" normals="true" texture_coord_dimensions_0="2" texture_coords="1">
                    <vertex>
                        <position x="-525.378" y="1922.37" z="225.376"/>
                        <normal x="-0.0948931" y="-0.990339" z="-0.101111"/>
                        <texcoord u="0.810847" v="0.949862"/>
                    </vertex>
                    <vertex>
                        <position x="-527.7" y="1922.12" z="230.035"/>
                        <normal x="-0.0948931" y="-0.990339" z="-0.101111"/>
                        <texcoord u="0.810103" v="0.947603"/>
                    </vertex>
                    <vertex>
                        <position x="-526.668" y="1922.71" z="223.213"/>
                        <normal x="-0.0948931" y="-0.990339" z="-0.101111"/>
                        <texcoord u="0.811843" v="0.950199"/>
                    </vertex>
                </vertexbuffer>
            </geometry>
        </submesh>
    </submeshes>
    <submeshnames>
        <submeshname name="submesh0" index="0"/>
    </submeshnames>
</mesh>
