<mesh>
    <submeshes>
        <submesh material="FrontCol" usesharedvertices="false" use32bitindexes="false" operationtype="triangle_list">
            <faces count="1">
                <face v1="0" v2="1" v3="2"/>
            </faces>
            <geometry vertexcount="3">
                <vertexbuffer positions="true" normals="true" texture_coord_dimensions_0="2" texture_coords="1">
                    <vertex>
                        <position x="-499.867" y="2039.15" z="127.75"/>
                        <normal x="0.753498" y="0.597675" z="0.273907"/>
                        <texcoord u="-5.98199" v="-75.9099"/>
                    </vertex>
                    <vertex>
                        <position x="-496.999" y="2034.09" z="130.902"/>
                        <normal x="0.753498" y="0.597675" z="0.273907"/>
                        <texcoord u="-6.06005" v="-75.6614"/>
                    </vertex>
                    <vertex>
                        <position x="-495.806" y="2033.05" z="129.886"/>
                        <normal x="0.753498" y="0.597675" z="0.273907"/>
                        <texcoord u="-6.00642" v="-75.6105"/>
                    </vertex>
                </vertexbuffer>
            </geometry>
        </submesh>
    </submeshes>
    <submeshnames>
        <submeshname name="submesh0" index="0"/>
    </submeshnames>
</mesh>
