<mesh>
    <submeshes>
        <submesh material="FrontCol" usesharedvertices="false" use32bitindexes="false" operationtype="triangle_list">
            <faces count="45">
                <face v1="0" v2="1" v3="2"/>
                <face v1="3" v2="4" v3="5"/>
                <face v1="6" v2="7" v3="8"/>
                <face v1="9" v2="10" v3="11"/>
                <face v1="12" v2="13" v3="14"/>
                <face v1="15" v2="16" v3="17"/>
                <face v1="18" v2="19" v3="20"/>
                <face v1="21" v2="22" v3="23"/>
                <face v1="24" v2="25" v3="26"/>
                <face v1="27" v2="28" v3="29"/>
                <face v1="30" v2="31" v3="32"/>
                <face v1="33" v2="34" v3="35"/>
                <face v1="36" v2="37" v3="38"/>
                <face v1="39" v2="40" v3="41"/>
                <face v1="42" v2="43" v3="44"/>
                <face v1="45" v2="46" v3="47"/>
                <face v1="48" v2="49" v3="50"/>
                <face v1="51" v2="52" v3="53"/>
                <face v1="54" v2="55" v3="56"/>
                <face v1="57" v2="58" v3="59"/>
                <face v1="60" v2="61" v3="62"/>
                <face v1="63" v2="64" v3="65"/>
                <face v1="66" v2="67" v3="68"/>
                <face v1="69" v2="70" v3="71"/>
                <face v1="72" v2="73" v3="74"/>
                <face v1="75" v2="76" v3="77"/>
                <face v1="78" v2="79" v3="80"/>
                <face v1="81" v2="82" v3="83"/>
                <face v1="84" v2="85" v3="86"/>
                <face v1="87" v2="88" v3="89"/>
                <face v1="90" v2="91" v3="92"/>
                <face v1="93" v2="94" v3="95"/>
                <face v1="96" v2="97" v3="98"/>
                <face v1="99" v2="100" v3="101"/>
                <face v1="102" v2="103" v3="104"/>
                <face v1="105" v2="106" v3="107"/>
                <face v1="108" v2="109" v3="110"/>
                <face v1="111" v2="112" v3="113"/>
                <face v1="114" v2="115" v3="116"/>
                <face v1="117" v2="118" v3="119"/>
                <face v1="120" v2="121" v3="122"/>
                <face v1="123" v2="124" v3="125"/>
                <face v1="126" v2="127" v3="128"/>
                <face v1="129" v2="130" v3="131"/>
                <face v1="132" v2="133" v3="134"/>
            </faces>
            <geometry vertexcount="135">
                <vertexbuffer positions="true" normals="true" texture_coord_dimensions_0="2" texture_coords="1">
                    <vertex>
                        <position x="448.43" y="2425.92" z="298.341"/>
                        <normal x="-0.0620892" y="-0.969988" z="0.235092"/>
                        <texcoord u="14.1662" v="-36.9778"/>
                    </vertex>
                    <vertex>
                        <position x="445.447" y="2428.18" z="301.319"/>
                        <normal x="-0.379617" y="-0.719666" z="0.581353"/>
                        <texcoord u="14.1766" v="-37.1659"/>
                    </vertex>
                    <vertex>
                        <position x="444.486" y="2428.12" z="300.058"/>
                        <normal x="-0.55504" y="-0.746179" z="0.367626"/>
                        <texcoord u="14.1143" v="-37.1609"/>
                    </vertex>
                    <vertex>
                        <position x="449.612" y="2426.57" z="299.763"/>
                        <normal x="-0.0139738" y="-0.853746" z="0.520502"/>
                        <texcoord u="16.4382" v="-49.9263"/>
                    </vertex>
                    <vertex>
                        <position x="445.447" y="2428.18" z="301.319"/>
                        <normal x="-0.379617" y="-0.719666" z="0.581353"/>
                        <texcoord u="14.1766" v="-37.1659"/>
                    </vertex>
                    <vertex>
                        <position x="448.43" y="2425.92" z="298.341"/>
                        <normal x="-0.0620892" y="-0.969988" z="0.235092"/>
                        <texcoord u="14.1662" v="-36.9778"/>
                    </vertex>
                    <vertex>
                        <position x="449.612" y="2426.57" z="299.763"/>
                        <normal x="-0.0139738" y="-0.853746" z="0.520502"/>
                        <texcoord u="16.4382" v="-49.9263"/>
                    </vertex>
                    <vertex>
                        <position x="446.848" y="2428.69" z="302.498"/>
                        <normal x="-0.107941" y="-0.601788" z="0.791328"/>
                        <texcoord u="16.3359" v="-51.5199"/>
                    </vertex>
                    <vertex>
                        <position x="445.447" y="2428.18" z="301.319"/>
                        <normal x="-0.379617" y="-0.719666" z="0.581353"/>
                        <texcoord u="14.1766" v="-37.1659"/>
                    </vertex>
                    <vertex>
                        <position x="451.482" y="2426.73" z="299.62"/>
                        <normal x="0.207932" y="-0.870909" z="0.445288"/>
                        <texcoord u="14.6156" v="-70.2376"/>
                    </vertex>
                    <vertex>
                        <position x="446.848" y="2428.69" z="302.498"/>
                        <normal x="-0.107941" y="-0.601788" z="0.791328"/>
                        <texcoord u="16.3359" v="-51.5199"/>
                    </vertex>
                    <vertex>
                        <position x="449.612" y="2426.57" z="299.763"/>
                        <normal x="-0.0139738" y="-0.853746" z="0.520502"/>
                        <texcoord u="16.4382" v="-49.9263"/>
                    </vertex>
                    <vertex>
                        <position x="448.256" y="2429.63" z="303.012"/>
                        <normal x="0.0313102" y="-0.514645" z="0.856831"/>
                        <texcoord u="13.8927" v="-76.6933"/>
                    </vertex>
                    <vertex>
                        <position x="446.848" y="2428.69" z="302.498"/>
                        <normal x="-0.107941" y="-0.601788" z="0.791328"/>
                        <texcoord u="16.3359" v="-51.5199"/>
                    </vertex>
                    <vertex>
                        <position x="451.482" y="2426.73" z="299.62"/>
                        <normal x="0.207932" y="-0.870909" z="0.445288"/>
                        <texcoord u="14.6156" v="-70.2376"/>
                    </vertex>
                    <vertex>
                        <position x="444.886" y="2433.86" z="304.14"/>
                        <normal x="-0.420593" y="-0.173467" z="0.890511"/>
                        <texcoord u="15.9624" v="-90.3015"/>
                    </vertex>
                    <vertex>
                        <position x="446.848" y="2428.69" z="302.498"/>
                        <normal x="-0.107941" y="-0.601788" z="0.791328"/>
                        <texcoord u="16.3359" v="-51.5199"/>
                    </vertex>
                    <vertex>
                        <position x="448.256" y="2429.63" z="303.012"/>
                        <normal x="0.0313102" y="-0.514645" z="0.856831"/>
                        <texcoord u="13.8927" v="-76.6933"/>
                    </vertex>
                    <vertex>
                        <position x="444.886" y="2433.86" z="304.14"/>
                        <normal x="-0.420593" y="-0.173467" z="0.890511"/>
                        <texcoord u="15.9624" v="-90.3015"/>
                    </vertex>
                    <vertex>
                        <position x="444.355" y="2432.25" z="303.365"/>
                        <normal x="-0.425457" y="-0.398008" z="0.812758"/>
                        <texcoord u="16.2172" v="-88.6847"/>
                    </vertex>
                    <vertex>
                        <position x="446.848" y="2428.69" z="302.498"/>
                        <normal x="-0.107941" y="-0.601788" z="0.791328"/>
                        <texcoord u="16.3359" v="-51.5199"/>
                    </vertex>
                    <vertex>
                        <position x="444.886" y="2433.86" z="304.14"/>
                        <normal x="-0.420593" y="-0.173467" z="0.890511"/>
                        <texcoord u="15.9624" v="-90.3015"/>
                    </vertex>
                    <vertex>
                        <position x="442.764" y="2432.04" z="302.224"/>
                        <normal x="-0.679879" y="-0.289333" z="0.673833"/>
                        <texcoord u="15.6667" v="-91.7875"/>
                    </vertex>
                    <vertex>
                        <position x="444.355" y="2432.25" z="303.365"/>
                        <normal x="-0.425457" y="-0.398008" z="0.812758"/>
                        <texcoord u="16.2172" v="-88.6847"/>
                    </vertex>
                    <vertex>
                        <position x="444.886" y="2433.86" z="304.14"/>
                        <normal x="-0.420593" y="-0.173467" z="0.890511"/>
                        <texcoord u="15.9624" v="-90.3015"/>
                    </vertex>
                    <vertex>
                        <position x="443.341" y="2433.84" z="303.046"/>
                        <normal x="-0.598526" y="-0.103742" z="0.794357"/>
                        <texcoord u="15.6413" v="-92.3126"/>
                    </vertex>
                    <vertex>
                        <position x="442.764" y="2432.04" z="302.224"/>
                        <normal x="-0.679879" y="-0.289333" z="0.673833"/>
                        <texcoord u="15.6667" v="-91.7875"/>
                    </vertex>
                    <vertex>
                        <position x="451.953" y="2441.29" z="306.547"/>
                        <normal x="-0.488049" y="0.287135" z="0.824234"/>
                        <texcoord u="15.9749" v="-92.6452"/>
                    </vertex>
                    <vertex>
                        <position x="443.341" y="2433.84" z="303.046"/>
                        <normal x="-0.598526" y="-0.103742" z="0.794357"/>
                        <texcoord u="15.6413" v="-92.3126"/>
                    </vertex>
                    <vertex>
                        <position x="444.886" y="2433.86" z="304.14"/>
                        <normal x="-0.420593" y="-0.173467" z="0.890511"/>
                        <texcoord u="15.9624" v="-90.3015"/>
                    </vertex>
                    <vertex>
                        <position x="450.886" y="2442.55" z="305.54"/>
                        <normal x="-0.101544" y="-0.106762" z="0.989086"/>
                        <texcoord u="16.145" v="-93.6964"/>
                    </vertex>
                    <vertex>
                        <position x="443.341" y="2433.84" z="303.046"/>
                        <normal x="-0.598526" y="-0.103742" z="0.794357"/>
                        <texcoord u="15.6413" v="-92.3126"/>
                    </vertex>
                    <vertex>
                        <position x="451.953" y="2441.29" z="306.547"/>
                        <normal x="-0.488049" y="0.287135" z="0.824234"/>
                        <texcoord u="15.9749" v="-92.6452"/>
                    </vertex>
                    <vertex>
                        <position x="450.886" y="2442.55" z="305.54"/>
                        <normal x="-0.101544" y="-0.106762" z="0.989086"/>
                        <texcoord u="16.145" v="-93.6964"/>
                    </vertex>
                    <vertex>
                        <position x="443.059" y="2434.88" z="303.668"/>
                        <normal x="-0.147854" y="-0.552342" z="0.820401"/>
                        <texcoord u="13.4061" v="-88.7685"/>
                    </vertex>
                    <vertex>
                        <position x="443.341" y="2433.84" z="303.046"/>
                        <normal x="-0.598526" y="-0.103742" z="0.794357"/>
                        <texcoord u="15.6413" v="-92.3126"/>
                    </vertex>
                    <vertex>
                        <position x="450.038" y="2442.88" z="306.011"/>
                        <normal x="0.256359" y="-0.507693" z="0.822513"/>
                        <texcoord u="13.1534" v="-88.1315"/>
                    </vertex>
                    <vertex>
                        <position x="443.059" y="2434.88" z="303.668"/>
                        <normal x="-0.147854" y="-0.552342" z="0.820401"/>
                        <texcoord u="13.4061" v="-88.7685"/>
                    </vertex>
                    <vertex>
                        <position x="450.886" y="2442.55" z="305.54"/>
                        <normal x="-0.101544" y="-0.106762" z="0.989086"/>
                        <texcoord u="16.145" v="-93.6964"/>
                    </vertex>
                    <vertex>
                        <position x="459.575" y="2448.5" z="306.881"/>
                        <normal x="0.0524105" y="-0.0223944" z="0.998375"/>
                        <texcoord u="13.785" v="-85.789"/>
                    </vertex>
                    <vertex>
                        <position x="450.038" y="2442.88" z="306.011"/>
                        <normal x="0.256359" y="-0.507693" z="0.822513"/>
                        <texcoord u="13.1534" v="-88.1315"/>
                    </vertex>
                    <vertex>
                        <position x="450.886" y="2442.55" z="305.54"/>
                        <normal x="-0.101544" y="-0.106762" z="0.989086"/>
                        <texcoord u="16.145" v="-93.6964"/>
                    </vertex>
                    <vertex>
                        <position x="459.575" y="2448.5" z="306.881"/>
                        <normal x="0.0524105" y="-0.0223944" z="0.998375"/>
                        <texcoord u="13.785" v="-85.789"/>
                    </vertex>
                    <vertex>
                        <position x="450.886" y="2442.55" z="305.54"/>
                        <normal x="-0.101544" y="-0.106762" z="0.989086"/>
                        <texcoord u="16.145" v="-93.6964"/>
                    </vertex>
                    <vertex>
                        <position x="459.413" y="2447.13" z="307.348"/>
                        <normal x="-0.144637" y="0.343742" z="0.927859"/>
                        <texcoord u="16.884" v="-90.0173"/>
                    </vertex>
                    <vertex>
                        <position x="459.413" y="2447.13" z="307.348"/>
                        <normal x="-0.144637" y="0.343742" z="0.927859"/>
                        <texcoord u="16.884" v="-90.0173"/>
                    </vertex>
                    <vertex>
                        <position x="450.886" y="2442.55" z="305.54"/>
                        <normal x="-0.101544" y="-0.106762" z="0.989086"/>
                        <texcoord u="16.145" v="-93.6964"/>
                    </vertex>
                    <vertex>
                        <position x="451.953" y="2441.29" z="306.547"/>
                        <normal x="-0.488049" y="0.287135" z="0.824234"/>
                        <texcoord u="15.9749" v="-92.6452"/>
                    </vertex>
                    <vertex>
                        <position x="459.575" y="2448.5" z="306.881"/>
                        <normal x="0.0524105" y="-0.0223944" z="0.998375"/>
                        <texcoord u="13.785" v="-85.789"/>
                    </vertex>
                    <vertex>
                        <position x="459.413" y="2447.13" z="307.348"/>
                        <normal x="-0.144637" y="0.343742" z="0.927859"/>
                        <texcoord u="16.884" v="-90.0173"/>
                    </vertex>
                    <vertex>
                        <position x="465.656" y="2443.29" z="306.187"/>
                        <normal x="0.406249" y="-0.192191" z="0.893322"/>
                        <texcoord u="13.3411" v="-88.7575"/>
                    </vertex>
                    <vertex>
                        <position x="459.575" y="2448.5" z="306.881"/>
                        <normal x="0.0524105" y="-0.0223944" z="0.998375"/>
                        <texcoord u="13.785" v="-85.789"/>
                    </vertex>
                    <vertex>
                        <position x="465.656" y="2443.29" z="306.187"/>
                        <normal x="0.406249" y="-0.192191" z="0.893322"/>
                        <texcoord u="13.3411" v="-88.7575"/>
                    </vertex>
                    <vertex>
                        <position x="466.661" y="2444.1" z="306.335"/>
                        <normal x="0.188163" y="-0.396577" z="0.898511"/>
                        <texcoord u="16.389" v="-94.8604"/>
                    </vertex>
                    <vertex>
                        <position x="466.661" y="2444.1" z="306.335"/>
                        <normal x="0.188163" y="-0.396577" z="0.898511"/>
                        <texcoord u="16.389" v="-94.8604"/>
                    </vertex>
                    <vertex>
                        <position x="465.656" y="2443.29" z="306.187"/>
                        <normal x="0.406249" y="-0.192191" z="0.893322"/>
                        <texcoord u="13.3411" v="-88.7575"/>
                    </vertex>
                    <vertex>
                        <position x="468.778" y="2438.56" z="300.577"/>
                        <normal x="0.376694" y="-0.46039" z="0.80383"/>
                        <texcoord u="12.0126" v="-83.495"/>
                    </vertex>
                    <vertex>
                        <position x="468.778" y="2438.56" z="300.577"/>
                        <normal x="0.376694" y="-0.46039" z="0.80383"/>
                        <texcoord u="12.0126" v="-83.495"/>
                    </vertex>
                    <vertex>
                        <position x="465.656" y="2443.29" z="306.187"/>
                        <normal x="0.406249" y="-0.192191" z="0.893322"/>
                        <texcoord u="13.3411" v="-88.7575"/>
                    </vertex>
                    <vertex>
                        <position x="467.853" y="2438.01" z="301.565"/>
                        <normal x="0.720445" y="-0.613887" z="0.322648"/>
                        <texcoord u="5.92686" v="-96.2316"/>
                    </vertex>
                    <vertex>
                        <position x="468.778" y="2438.56" z="300.577"/>
                        <normal x="0.376694" y="-0.46039" z="0.80383"/>
                        <texcoord u="12.0126" v="-83.495"/>
                    </vertex>
                    <vertex>
                        <position x="467.853" y="2438.01" z="301.565"/>
                        <normal x="0.720445" y="-0.613887" z="0.322648"/>
                        <texcoord u="5.92686" v="-96.2316"/>
                    </vertex>
                    <vertex>
                        <position x="460.934" y="2431.69" z="298.655"/>
                        <normal x="0.395744" y="-0.659094" z="0.639517"/>
                        <texcoord u="-0.873793" v="-73.8533"/>
                    </vertex>
                    <vertex>
                        <position x="467.853" y="2438.01" z="301.565"/>
                        <normal x="0.720445" y="-0.613887" z="0.322648"/>
                        <texcoord u="5.92686" v="-96.2316"/>
                    </vertex>
                    <vertex>
                        <position x="460.699" y="2431.84" z="300.555"/>
                        <normal x="0.52932" y="-0.841959" z="0.10453"/>
                        <texcoord u="-1.71678" v="-74.045"/>
                    </vertex>
                    <vertex>
                        <position x="460.934" y="2431.69" z="298.655"/>
                        <normal x="0.395744" y="-0.659094" z="0.639517"/>
                        <texcoord u="-0.873793" v="-73.8533"/>
                    </vertex>
                    <vertex>
                        <position x="460.934" y="2431.69" z="298.655"/>
                        <normal x="0.395744" y="-0.659094" z="0.639517"/>
                        <texcoord u="-0.873793" v="-73.8533"/>
                    </vertex>
                    <vertex>
                        <position x="460.699" y="2431.84" z="300.555"/>
                        <normal x="0.52932" y="-0.841959" z="0.10453"/>
                        <texcoord u="-1.71678" v="-74.045"/>
                    </vertex>
                    <vertex>
                        <position x="450.495" y="2426.11" z="298.145"/>
                        <normal x="0.17016" y="-0.953243" z="0.249747"/>
                        <texcoord u="-0.855953" v="-59.2746"/>
                    </vertex>
                    <vertex>
                        <position x="460.699" y="2431.84" z="300.555"/>
                        <normal x="0.52932" y="-0.841959" z="0.10453"/>
                        <texcoord u="-1.71678" v="-74.045"/>
                    </vertex>
                    <vertex>
                        <position x="451.482" y="2426.73" z="299.62"/>
                        <normal x="0.207932" y="-0.870909" z="0.445288"/>
                        <texcoord u="14.6156" v="-70.2376"/>
                    </vertex>
                    <vertex>
                        <position x="450.495" y="2426.11" z="298.145"/>
                        <normal x="0.17016" y="-0.953243" z="0.249747"/>
                        <texcoord u="-0.855953" v="-59.2746"/>
                    </vertex>
                    <vertex>
                        <position x="451.482" y="2426.73" z="299.62"/>
                        <normal x="0.207932" y="-0.870909" z="0.445288"/>
                        <texcoord u="14.6156" v="-70.2376"/>
                    </vertex>
                    <vertex>
                        <position x="448.43" y="2425.92" z="298.341"/>
                        <normal x="-0.0620892" y="-0.969988" z="0.235092"/>
                        <texcoord u="14.1662" v="-36.9778"/>
                    </vertex>
                    <vertex>
                        <position x="450.495" y="2426.11" z="298.145"/>
                        <normal x="0.17016" y="-0.953243" z="0.249747"/>
                        <texcoord u="-0.855953" v="-59.2746"/>
                    </vertex>
                    <vertex>
                        <position x="451.482" y="2426.73" z="299.62"/>
                        <normal x="0.207932" y="-0.870909" z="0.445288"/>
                        <texcoord u="14.6156" v="-70.2376"/>
                    </vertex>
                    <vertex>
                        <position x="449.612" y="2426.57" z="299.763"/>
                        <normal x="-0.0139738" y="-0.853746" z="0.520502"/>
                        <texcoord u="16.4382" v="-49.9263"/>
                    </vertex>
                    <vertex>
                        <position x="448.43" y="2425.92" z="298.341"/>
                        <normal x="-0.0620892" y="-0.969988" z="0.235092"/>
                        <texcoord u="14.1662" v="-36.9778"/>
                    </vertex>
                    <vertex>
                        <position x="450.495" y="2426.11" z="298.145"/>
                        <normal x="0.17016" y="-0.953243" z="0.249747"/>
                        <texcoord u="-0.855953" v="-59.2746"/>
                    </vertex>
                    <vertex>
                        <position x="448.43" y="2425.92" z="298.341"/>
                        <normal x="-0.0620892" y="-0.969988" z="0.235092"/>
                        <texcoord u="14.1662" v="-36.9778"/>
                    </vertex>
                    <vertex>
                        <position x="449.869" y="2426.23" z="296.237"/>
                        <normal x="0.139595" y="-0.989044" z="-0.0480056"/>
                        <texcoord u="-14.9282" v="-17.2749"/>
                    </vertex>
                    <vertex>
                        <position x="449.869" y="2426.23" z="296.237"/>
                        <normal x="0.139595" y="-0.989044" z="-0.0480056"/>
                        <texcoord u="-14.9282" v="-17.2749"/>
                    </vertex>
                    <vertex>
                        <position x="448.43" y="2425.92" z="298.341"/>
                        <normal x="-0.0620892" y="-0.969988" z="0.235092"/>
                        <texcoord u="14.1662" v="-36.9778"/>
                    </vertex>
                    <vertex>
                        <position x="448.006" y="2425.84" z="297.022"/>
                        <normal x="-0.116132" y="-0.988809" z="0.0936454"/>
                        <texcoord u="-5.69603" v="-32.873"/>
                    </vertex>
                    <vertex>
                        <position x="448.43" y="2425.92" z="298.341"/>
                        <normal x="-0.0620892" y="-0.969988" z="0.235092"/>
                        <texcoord u="14.1662" v="-36.9778"/>
                    </vertex>
                    <vertex>
                        <position x="444.486" y="2428.12" z="300.058"/>
                        <normal x="-0.55504" y="-0.746179" z="0.367626"/>
                        <texcoord u="14.1143" v="-37.1609"/>
                    </vertex>
                    <vertex>
                        <position x="448.006" y="2425.84" z="297.022"/>
                        <normal x="-0.116132" y="-0.988809" z="0.0936454"/>
                        <texcoord u="-5.69603" v="-32.873"/>
                    </vertex>
                    <vertex>
                        <position x="444.486" y="2428.12" z="300.058"/>
                        <normal x="-0.3493" y="0.333789" z="-0.875542"/>
                        <texcoord u="14.1143" v="-37.1609"/>
                    </vertex>
                    <vertex>
                        <position x="449.869" y="2426.23" z="296.237"/>
                        <normal x="-0.423674" y="0.416981" z="-0.804131"/>
                        <texcoord u="-14.9282" v="-17.2749"/>
                    </vertex>
                    <vertex>
                        <position x="448.006" y="2425.84" z="297.022"/>
                        <normal x="-0.423909" y="0.416533" z="-0.80424"/>
                        <texcoord u="-5.69603" v="-32.873"/>
                    </vertex>
                    <vertex>
                        <position x="449.869" y="2426.23" z="296.237"/>
                        <normal x="-0.423674" y="0.416981" z="-0.804131"/>
                        <texcoord u="-14.9282" v="-17.2749"/>
                    </vertex>
                    <vertex>
                        <position x="444.486" y="2428.12" z="300.058"/>
                        <normal x="-0.3493" y="0.333789" z="-0.875542"/>
                        <texcoord u="14.1143" v="-37.1609"/>
                    </vertex>
                    <vertex>
                        <position x="445.59" y="2429.15" z="300.009"/>
                        <normal x="-0.267418" y="0.243005" z="-0.932436"/>
                        <texcoord u="-11.2318" v="-90.8552"/>
                    </vertex>
                    <vertex>
                        <position x="441.897" y="2432.45" z="301.208"/>
                        <normal x="-0.182294" y="0.149328" z="-0.971838"/>
                        <texcoord u="-14.071" v="-94.8882"/>
                    </vertex>
                    <vertex>
                        <position x="445.59" y="2429.15" z="300.009"/>
                        <normal x="-0.267418" y="0.243005" z="-0.932436"/>
                        <texcoord u="-11.2318" v="-90.8552"/>
                    </vertex>
                    <vertex>
                        <position x="444.486" y="2428.12" z="300.058"/>
                        <normal x="-0.3493" y="0.333789" z="-0.875542"/>
                        <texcoord u="14.1143" v="-37.1609"/>
                    </vertex>
                    <vertex>
                        <position x="445.59" y="2429.15" z="300.009"/>
                        <normal x="-0.267418" y="0.243005" z="-0.932436"/>
                        <texcoord u="-11.2318" v="-90.8552"/>
                    </vertex>
                    <vertex>
                        <position x="441.897" y="2432.45" z="301.208"/>
                        <normal x="-0.182294" y="0.149328" z="-0.971838"/>
                        <texcoord u="-14.071" v="-94.8882"/>
                    </vertex>
                    <vertex>
                        <position x="442.271" y="2434.43" z="301.443"/>
                        <normal x="-0.182597" y="0.148987" z="-0.971834"/>
                        <texcoord u="-14.0838" v="-94.9674"/>
                    </vertex>
                    <vertex>
                        <position x="441.897" y="2432.45" z="301.208"/>
                        <normal x="-0.78308" y="-0.256482" z="0.566571"/>
                        <texcoord u="-14.071" v="-94.8882"/>
                    </vertex>
                    <vertex>
                        <position x="442.764" y="2432.04" z="302.224"/>
                        <normal x="-0.679879" y="-0.289333" z="0.673833"/>
                        <texcoord u="15.6667" v="-91.7875"/>
                    </vertex>
                    <vertex>
                        <position x="442.271" y="2434.43" z="301.443"/>
                        <normal x="-0.790223" y="0.036851" z="0.61171"/>
                        <texcoord u="-14.0838" v="-94.9674"/>
                    </vertex>
                    <vertex>
                        <position x="444.486" y="2428.12" z="300.058"/>
                        <normal x="-0.55504" y="-0.746179" z="0.367626"/>
                        <texcoord u="14.1143" v="-37.1609"/>
                    </vertex>
                    <vertex>
                        <position x="442.764" y="2432.04" z="302.224"/>
                        <normal x="-0.679879" y="-0.289333" z="0.673833"/>
                        <texcoord u="15.6667" v="-91.7875"/>
                    </vertex>
                    <vertex>
                        <position x="441.897" y="2432.45" z="301.208"/>
                        <normal x="-0.78308" y="-0.256482" z="0.566571"/>
                        <texcoord u="-14.071" v="-94.8882"/>
                    </vertex>
                    <vertex>
                        <position x="444.486" y="2428.12" z="300.058"/>
                        <normal x="-0.55504" y="-0.746179" z="0.367626"/>
                        <texcoord u="14.1143" v="-37.1609"/>
                    </vertex>
                    <vertex>
                        <position x="445.447" y="2428.18" z="301.319"/>
                        <normal x="-0.379617" y="-0.719666" z="0.581353"/>
                        <texcoord u="14.1766" v="-37.1659"/>
                    </vertex>
                    <vertex>
                        <position x="442.764" y="2432.04" z="302.224"/>
                        <normal x="-0.679879" y="-0.289333" z="0.673833"/>
                        <texcoord u="15.6667" v="-91.7875"/>
                    </vertex>
                    <vertex>
                        <position x="444.355" y="2432.25" z="303.365"/>
                        <normal x="-0.425457" y="-0.398008" z="0.812758"/>
                        <texcoord u="16.2172" v="-88.6847"/>
                    </vertex>
                    <vertex>
                        <position x="442.764" y="2432.04" z="302.224"/>
                        <normal x="-0.679879" y="-0.289333" z="0.673833"/>
                        <texcoord u="15.6667" v="-91.7875"/>
                    </vertex>
                    <vertex>
                        <position x="445.447" y="2428.18" z="301.319"/>
                        <normal x="-0.379617" y="-0.719666" z="0.581353"/>
                        <texcoord u="14.1766" v="-37.1659"/>
                    </vertex>
                    <vertex>
                        <position x="444.355" y="2432.25" z="303.365"/>
                        <normal x="-0.425457" y="-0.398008" z="0.812758"/>
                        <texcoord u="16.2172" v="-88.6847"/>
                    </vertex>
                    <vertex>
                        <position x="445.447" y="2428.18" z="301.319"/>
                        <normal x="-0.379617" y="-0.719666" z="0.581353"/>
                        <texcoord u="14.1766" v="-37.1659"/>
                    </vertex>
                    <vertex>
                        <position x="446.848" y="2428.69" z="302.498"/>
                        <normal x="-0.107941" y="-0.601788" z="0.791328"/>
                        <texcoord u="16.3359" v="-51.5199"/>
                    </vertex>
                    <vertex>
                        <position x="442.271" y="2434.43" z="301.443"/>
                        <normal x="-0.790223" y="0.036851" z="0.61171"/>
                        <texcoord u="-14.0838" v="-94.9674"/>
                    </vertex>
                    <vertex>
                        <position x="442.764" y="2432.04" z="302.224"/>
                        <normal x="-0.679879" y="-0.289333" z="0.673833"/>
                        <texcoord u="15.6667" v="-91.7875"/>
                    </vertex>
                    <vertex>
                        <position x="443.341" y="2433.84" z="303.046"/>
                        <normal x="-0.598526" y="-0.103742" z="0.794357"/>
                        <texcoord u="15.6413" v="-92.3126"/>
                    </vertex>
                    <vertex>
                        <position x="460.934" y="2431.69" z="298.655"/>
                        <normal x="0.395744" y="-0.659094" z="0.639517"/>
                        <texcoord u="-0.873793" v="-73.8533"/>
                    </vertex>
                    <vertex>
                        <position x="450.495" y="2426.11" z="298.145"/>
                        <normal x="0.17016" y="-0.953243" z="0.249747"/>
                        <texcoord u="-0.855953" v="-59.2746"/>
                    </vertex>
                    <vertex>
                        <position x="451.616" y="2425.64" z="297.805"/>
                        <normal x="-0.0624059" y="-0.644749" z="0.761842"/>
                        <texcoord u="14.7641" v="-91.2487"/>
                    </vertex>
                    <vertex>
                        <position x="451.616" y="2425.64" z="297.805"/>
                        <normal x="-0.0624059" y="-0.644749" z="0.761842"/>
                        <texcoord u="14.7641" v="-91.2487"/>
                    </vertex>
                    <vertex>
                        <position x="450.495" y="2426.11" z="298.145"/>
                        <normal x="0.17016" y="-0.953243" z="0.249747"/>
                        <texcoord u="-0.855953" v="-59.2746"/>
                    </vertex>
                    <vertex>
                        <position x="451.217" y="2425.93" z="294.921"/>
                        <normal x="-0.395468" y="-0.917732" z="-0.0370613"/>
                        <texcoord u="3.54833" v="-22.1887"/>
                    </vertex>
                    <vertex>
                        <position x="460.934" y="2431.69" z="298.655"/>
                        <normal x="0.395744" y="-0.659094" z="0.639517"/>
                        <texcoord u="-0.873793" v="-73.8533"/>
                    </vertex>
                    <vertex>
                        <position x="451.616" y="2425.64" z="297.805"/>
                        <normal x="-0.0624059" y="-0.644749" z="0.761842"/>
                        <texcoord u="14.7641" v="-91.2487"/>
                    </vertex>
                    <vertex>
                        <position x="461.244" y="2430.77" z="298.333"/>
                        <normal x="-0.0236716" y="-0.230664" z="0.972746"/>
                        <texcoord u="15.3896" v="-92.4281"/>
                    </vertex>
                    <vertex>
                        <position x="468.778" y="2438.56" z="300.577"/>
                        <normal x="0.376694" y="-0.46039" z="0.80383"/>
                        <texcoord u="12.0126" v="-83.495"/>
                    </vertex>
                    <vertex>
                        <position x="460.934" y="2431.69" z="298.655"/>
                        <normal x="0.395744" y="-0.659094" z="0.639517"/>
                        <texcoord u="-0.873793" v="-73.8533"/>
                    </vertex>
                    <vertex>
                        <position x="461.244" y="2430.77" z="298.333"/>
                        <normal x="-0.0236716" y="-0.230664" z="0.972746"/>
                        <texcoord u="15.3896" v="-92.4281"/>
                    </vertex>
                    <vertex>
                        <position x="468.778" y="2438.56" z="300.577"/>
                        <normal x="0.376694" y="-0.46039" z="0.80383"/>
                        <texcoord u="12.0126" v="-83.495"/>
                    </vertex>
                    <vertex>
                        <position x="461.244" y="2430.77" z="298.333"/>
                        <normal x="-0.0236716" y="-0.230664" z="0.972746"/>
                        <texcoord u="15.3896" v="-92.4281"/>
                    </vertex>
                    <vertex>
                        <position x="471.972" y="2438.31" z="301.291"/>
                        <normal x="-0.222568" y="-0.0650374" z="0.972745"/>
                        <texcoord u="17.2537" v="-94.8889"/>
                    </vertex>
                    <vertex>
                        <position x="441.672" y="2436.24" z="301.461"/>
                        <normal x="-0.864913" y="-0.407339" z="0.293258"/>
                        <texcoord u="9.92189" v="-81.3864"/>
                    </vertex>
                    <vertex>
                        <position x="443.341" y="2433.84" z="303.046"/>
                        <normal x="-0.598526" y="-0.103742" z="0.794357"/>
                        <texcoord u="15.6413" v="-92.3126"/>
                    </vertex>
                    <vertex>
                        <position x="443.059" y="2434.88" z="303.668"/>
                        <normal x="-0.147854" y="-0.552342" z="0.820401"/>
                        <texcoord u="13.4061" v="-88.7685"/>
                    </vertex>
                </vertexbuffer>
            </geometry>
        </submesh>
    </submeshes>
    <submeshnames>
        <submeshname name="submesh0" index="0"/>
    </submeshnames>
</mesh>
