<mesh>
    <submeshes>
        <submesh material="FrontCol" usesharedvertices="false" use32bitindexes="false" operationtype="triangle_list">
            <faces count="20">
                <face v1="0" v2="1" v3="2"/>
                <face v1="3" v2="4" v3="5"/>
                <face v1="6" v2="7" v3="8"/>
                <face v1="9" v2="10" v3="11"/>
                <face v1="12" v2="13" v3="14"/>
                <face v1="15" v2="16" v3="17"/>
                <face v1="18" v2="19" v3="20"/>
                <face v1="21" v2="22" v3="23"/>
                <face v1="24" v2="25" v3="26"/>
                <face v1="27" v2="28" v3="29"/>
                <face v1="30" v2="31" v3="32"/>
                <face v1="33" v2="34" v3="35"/>
                <face v1="36" v2="37" v3="38"/>
                <face v1="39" v2="40" v3="41"/>
                <face v1="42" v2="43" v3="44"/>
                <face v1="45" v2="46" v3="47"/>
                <face v1="48" v2="49" v3="50"/>
                <face v1="51" v2="52" v3="53"/>
                <face v1="54" v2="55" v3="56"/>
                <face v1="57" v2="58" v3="59"/>
            </faces>
            <geometry vertexcount="60">
                <vertexbuffer positions="true" normals="true" texture_coord_dimensions_0="2" texture_coords="1">
                    <vertex>
                        <position x="-589.523" y="1932.99" z="226.055"/>
                        <normal x="-0.832235" y="-0.551303" z="-0.0587453"/>
                        <texcoord u="4.75877" v="-76.7188"/>
                    </vertex>
                    <vertex>
                        <position x="-583.785" y="1922.81" z="233.071"/>
                        <normal x="-0.534873" y="-0.833492" z="-0.138575"/>
                        <texcoord u="5.01184" v="-76.2458"/>
                    </vertex>
                    <vertex>
                        <position x="-590.034" y="1933.67" z="226.865"/>
                        <normal x="-0.545839" y="-0.614906" z="-0.569166"/>
                        <texcoord u="4.79247" v="-76.7507"/>
                    </vertex>
                    <vertex>
                        <position x="-590.034" y="1933.67" z="226.865"/>
                        <normal x="-0.545839" y="-0.614906" z="-0.569166"/>
                        <texcoord u="4.79247" v="-76.7507"/>
                    </vertex>
                    <vertex>
                        <position x="-583.785" y="1922.81" z="233.071"/>
                        <normal x="-0.534873" y="-0.833492" z="-0.138575"/>
                        <texcoord u="5.01184" v="-76.2458"/>
                    </vertex>
                    <vertex>
                        <position x="-583.878" y="1922.6" z="234.476"/>
                        <normal x="-0.198073" y="-0.868825" z="-0.453773"/>
                        <texcoord u="6.76339" v="-75.5256"/>
                    </vertex>
                    <vertex>
                        <position x="-580.5" y="1924.17" z="233.151"/>
                        <normal x="0.380665" y="-0.917785" z="-0.112983"/>
                        <texcoord u="4.60306" v="-6.45019"/>
                    </vertex>
                    <vertex>
                        <position x="-583.878" y="1922.6" z="234.476"/>
                        <normal x="-0.198073" y="-0.868825" z="-0.453773"/>
                        <texcoord u="6.76339" v="-75.5256"/>
                    </vertex>
                    <vertex>
                        <position x="-583.785" y="1922.81" z="233.071"/>
                        <normal x="-0.534873" y="-0.833492" z="-0.138575"/>
                        <texcoord u="5.01184" v="-76.2458"/>
                    </vertex>
                    <vertex>
                        <position x="-590.034" y="1933.67" z="226.865"/>
                        <normal x="-0.545839" y="-0.614906" z="-0.569166"/>
                        <texcoord u="4.79247" v="-76.7507"/>
                    </vertex>
                    <vertex>
                        <position x="-583.878" y="1922.6" z="234.476"/>
                        <normal x="-0.198073" y="-0.868825" z="-0.453773"/>
                        <texcoord u="6.76339" v="-75.5256"/>
                    </vertex>
                    <vertex>
                        <position x="-592.11" y="1932.89" z="227.477"/>
                        <normal x="-0.0655943" y="-0.501853" z="-0.862462"/>
                        <texcoord u="25.4625" v="-60.3025"/>
                    </vertex>
                    <vertex>
                        <position x="-597.757" y="1942.72" z="223.518"/>
                        <normal x="-0.334369" y="-0.33964" z="-0.879115"/>
                        <texcoord u="25.7086" v="-68.6201"/>
                    </vertex>
                    <vertex>
                        <position x="-590.034" y="1933.67" z="226.865"/>
                        <normal x="-0.545839" y="-0.614906" z="-0.569166"/>
                        <texcoord u="4.79247" v="-76.7507"/>
                    </vertex>
                    <vertex>
                        <position x="-592.11" y="1932.89" z="227.477"/>
                        <normal x="-0.0655943" y="-0.501853" z="-0.862462"/>
                        <texcoord u="25.4625" v="-60.3025"/>
                    </vertex>
                    <vertex>
                        <position x="-597.163" y="1944.2" z="222.703"/>
                        <normal x="-0.640338" y="-0.47792" z="-0.601298"/>
                        <texcoord u="25.652" v="-68.4355"/>
                    </vertex>
                    <vertex>
                        <position x="-590.034" y="1933.67" z="226.865"/>
                        <normal x="-0.545839" y="-0.614906" z="-0.569166"/>
                        <texcoord u="4.79247" v="-76.7507"/>
                    </vertex>
                    <vertex>
                        <position x="-597.757" y="1942.72" z="223.518"/>
                        <normal x="-0.334369" y="-0.33964" z="-0.879115"/>
                        <texcoord u="25.7086" v="-68.6201"/>
                    </vertex>
                    <vertex>
                        <position x="-597.163" y="1944.2" z="222.703"/>
                        <normal x="-0.640338" y="-0.47792" z="-0.601298"/>
                        <texcoord u="25.652" v="-68.4355"/>
                    </vertex>
                    <vertex>
                        <position x="-589.523" y="1932.99" z="226.055"/>
                        <normal x="-0.832235" y="-0.551303" z="-0.0587453"/>
                        <texcoord u="4.75877" v="-76.7188"/>
                    </vertex>
                    <vertex>
                        <position x="-590.034" y="1933.67" z="226.865"/>
                        <normal x="-0.545839" y="-0.614906" z="-0.569166"/>
                        <texcoord u="4.79247" v="-76.7507"/>
                    </vertex>
                    <vertex>
                        <position x="-597.163" y="1944.2" z="222.703"/>
                        <normal x="-0.640338" y="-0.47792" z="-0.601298"/>
                        <texcoord u="25.652" v="-68.4355"/>
                    </vertex>
                    <vertex>
                        <position x="-597.757" y="1942.72" z="223.518"/>
                        <normal x="-0.334369" y="-0.33964" z="-0.879115"/>
                        <texcoord u="25.7086" v="-68.6201"/>
                    </vertex>
                    <vertex>
                        <position x="-603.735" y="1945.31" z="229.26"/>
                        <normal x="-0.899752" y="-0.317199" z="-0.299719"/>
                        <texcoord u="19.8367" v="-76.8616"/>
                    </vertex>
                    <vertex>
                        <position x="-597.163" y="1944.2" z="222.703"/>
                        <normal x="-0.640338" y="-0.47792" z="-0.601298"/>
                        <texcoord u="25.652" v="-68.4355"/>
                    </vertex>
                    <vertex>
                        <position x="-603.735" y="1945.31" z="229.26"/>
                        <normal x="-0.899752" y="-0.317199" z="-0.299719"/>
                        <texcoord u="19.8367" v="-76.8616"/>
                    </vertex>
                    <vertex>
                        <position x="-604.521" y="1946.64" z="228.685"/>
                        <normal x="-0.798247" y="-0.565609" z="-0.207095"/>
                        <texcoord u="18.4899" v="-71.5584"/>
                    </vertex>
                    <vertex>
                        <position x="-604.521" y="1946.64" z="228.685"/>
                        <normal x="-0.798247" y="-0.565609" z="-0.207095"/>
                        <texcoord u="18.4899" v="-71.5584"/>
                    </vertex>
                    <vertex>
                        <position x="-603.735" y="1945.31" z="229.26"/>
                        <normal x="-0.899752" y="-0.317199" z="-0.299719"/>
                        <texcoord u="19.8367" v="-76.8616"/>
                    </vertex>
                    <vertex>
                        <position x="-603.545" y="1947.31" z="237.685"/>
                        <normal x="-0.894179" y="-0.444932" z="-0.0497915"/>
                        <texcoord u="-1.04687" v="-78.9542"/>
                    </vertex>
                    <vertex>
                        <position x="-603.735" y="1945.31" z="229.26"/>
                        <normal x="-0.899752" y="-0.317199" z="-0.299719"/>
                        <texcoord u="19.8367" v="-76.8616"/>
                    </vertex>
                    <vertex>
                        <position x="-603.599" y="1945.57" z="237.231"/>
                        <normal x="-0.880153" y="-0.0856743" z="0.466895"/>
                        <texcoord u="2.34211" v="-74.8879"/>
                    </vertex>
                    <vertex>
                        <position x="-603.545" y="1947.31" z="237.685"/>
                        <normal x="-0.894179" y="-0.444932" z="-0.0497915"/>
                        <texcoord u="-1.04687" v="-78.9542"/>
                    </vertex>
                    <vertex>
                        <position x="-603.599" y="1945.57" z="237.231"/>
                        <normal x="-0.880153" y="-0.0856743" z="0.466895"/>
                        <texcoord u="2.34211" v="-74.8879"/>
                    </vertex>
                    <vertex>
                        <position x="-596.942" y="1937.05" z="243.083"/>
                        <normal x="-0.860373" y="-0.468374" z="0.200958"/>
                        <texcoord u="-14.386" v="-77.5515"/>
                    </vertex>
                    <vertex>
                        <position x="-603.545" y="1947.31" z="237.685"/>
                        <normal x="-0.894179" y="-0.444932" z="-0.0497915"/>
                        <texcoord u="-1.04687" v="-78.9542"/>
                    </vertex>
                    <vertex>
                        <position x="-603.599" y="1945.57" z="237.231"/>
                        <normal x="-0.880153" y="-0.0856743" z="0.466895"/>
                        <texcoord u="2.34211" v="-74.8879"/>
                    </vertex>
                    <vertex>
                        <position x="-598.105" y="1935.82" z="241.551"/>
                        <normal x="-0.66623" y="-0.212724" z="0.714763"/>
                        <texcoord u="-14.8944" v="-77.2402"/>
                    </vertex>
                    <vertex>
                        <position x="-596.942" y="1937.05" z="243.083"/>
                        <normal x="-0.860373" y="-0.468374" z="0.200958"/>
                        <texcoord u="-14.386" v="-77.5515"/>
                    </vertex>
                    <vertex>
                        <position x="-596.942" y="1937.05" z="243.083"/>
                        <normal x="-0.860373" y="-0.468374" z="0.200958"/>
                        <texcoord u="-14.386" v="-77.5515"/>
                    </vertex>
                    <vertex>
                        <position x="-598.105" y="1935.82" z="241.551"/>
                        <normal x="-0.66623" y="-0.212724" z="0.714763"/>
                        <texcoord u="-14.8944" v="-77.2402"/>
                    </vertex>
                    <vertex>
                        <position x="-588.688" y="1924.95" z="245.766"/>
                        <normal x="-0.597546" y="-0.571627" z="0.562299"/>
                        <texcoord u="-16.6849" v="-77.1356"/>
                    </vertex>
                    <vertex>
                        <position x="-598.105" y="1935.82" z="241.551"/>
                        <normal x="-0.66623" y="-0.212724" z="0.714763"/>
                        <texcoord u="-14.8944" v="-77.2402"/>
                    </vertex>
                    <vertex>
                        <position x="-590.507" y="1925.3" z="244.42"/>
                        <normal x="-0.606609" y="-0.230444" z="0.760869"/>
                        <texcoord u="-17.9147" v="-76.9478"/>
                    </vertex>
                    <vertex>
                        <position x="-588.688" y="1924.95" z="245.766"/>
                        <normal x="-0.597546" y="-0.571627" z="0.562299"/>
                        <texcoord u="-16.6849" v="-77.1356"/>
                    </vertex>
                    <vertex>
                        <position x="-596.942" y="1937.05" z="243.083"/>
                        <normal x="-0.860373" y="-0.468374" z="0.200958"/>
                        <texcoord u="-14.386" v="-77.5515"/>
                    </vertex>
                    <vertex>
                        <position x="-588.688" y="1924.95" z="245.766"/>
                        <normal x="-0.597546" y="-0.571627" z="0.562299"/>
                        <texcoord u="-16.6849" v="-77.1356"/>
                    </vertex>
                    <vertex>
                        <position x="-589.579" y="1925.64" z="246.674"/>
                        <normal x="-0.592869" y="-0.805294" z="-0.00285379"/>
                        <texcoord u="12.1998" v="-73.6716"/>
                    </vertex>
                    <vertex>
                        <position x="-586.987" y="1927.34" z="248.38"/>
                        <normal x="0.0693472" y="-0.759141" z="0.647221"/>
                        <texcoord u="-25.3981" v="-48.7715"/>
                    </vertex>
                    <vertex>
                        <position x="-589.579" y="1925.64" z="246.674"/>
                        <normal x="-0.592869" y="-0.805294" z="-0.00285379"/>
                        <texcoord u="12.1998" v="-73.6716"/>
                    </vertex>
                    <vertex>
                        <position x="-588.688" y="1924.95" z="245.766"/>
                        <normal x="-0.597546" y="-0.571627" z="0.562299"/>
                        <texcoord u="-16.6849" v="-77.1356"/>
                    </vertex>
                    <vertex>
                        <position x="-596.942" y="1937.05" z="243.083"/>
                        <normal x="-0.860373" y="-0.468374" z="0.200958"/>
                        <texcoord u="-14.386" v="-77.5515"/>
                    </vertex>
                    <vertex>
                        <position x="-589.579" y="1925.64" z="246.674"/>
                        <normal x="-0.592869" y="-0.805294" z="-0.00285379"/>
                        <texcoord u="12.1998" v="-73.6716"/>
                    </vertex>
                    <vertex>
                        <position x="-597.238" y="1936.76" z="244.169"/>
                        <normal x="-0.624315" y="-0.631353" z="-0.460026"/>
                        <texcoord u="13.9406" v="-73.5823"/>
                    </vertex>
                    <vertex>
                        <position x="-603.545" y="1947.31" z="237.685"/>
                        <normal x="-0.894179" y="-0.444932" z="-0.0497915"/>
                        <texcoord u="-1.04687" v="-78.9542"/>
                    </vertex>
                    <vertex>
                        <position x="-596.942" y="1937.05" z="243.083"/>
                        <normal x="-0.860373" y="-0.468374" z="0.200958"/>
                        <texcoord u="-14.386" v="-77.5515"/>
                    </vertex>
                    <vertex>
                        <position x="-597.238" y="1936.76" z="244.169"/>
                        <normal x="-0.624315" y="-0.631353" z="-0.460026"/>
                        <texcoord u="13.9406" v="-73.5823"/>
                    </vertex>
                    <vertex>
                        <position x="-597.238" y="1936.76" z="244.169"/>
                        <normal x="-0.624315" y="-0.631353" z="-0.460026"/>
                        <texcoord u="13.9406" v="-73.5823"/>
                    </vertex>
                    <vertex>
                        <position x="-607.035" y="1949.12" z="238.145"/>
                        <normal x="-0.418172" y="-0.643586" z="-0.641038"/>
                        <texcoord u="23.2962" v="-65.3637"/>
                    </vertex>
                    <vertex>
                        <position x="-603.545" y="1947.31" z="237.685"/>
                        <normal x="-0.894179" y="-0.444932" z="-0.0497915"/>
                        <texcoord u="-1.04687" v="-78.9542"/>
                    </vertex>
                </vertexbuffer>
            </geometry>
        </submesh>
    </submeshes>
    <submeshnames>
        <submeshname name="submesh0" index="0"/>
    </submeshnames>
</mesh>
