<mesh>
    <submeshes>
        <submesh material="FrontCol" usesharedvertices="false" use32bitindexes="false" operationtype="triangle_list">
            <faces count="20">
                <face v1="0" v2="1" v3="2"/>
                <face v1="3" v2="4" v3="5"/>
                <face v1="6" v2="7" v3="8"/>
                <face v1="9" v2="10" v3="11"/>
                <face v1="12" v2="13" v3="14"/>
                <face v1="15" v2="16" v3="17"/>
                <face v1="18" v2="19" v3="20"/>
                <face v1="21" v2="22" v3="23"/>
                <face v1="24" v2="25" v3="26"/>
                <face v1="27" v2="28" v3="29"/>
                <face v1="30" v2="31" v3="32"/>
                <face v1="33" v2="34" v3="35"/>
                <face v1="36" v2="37" v3="38"/>
                <face v1="39" v2="40" v3="41"/>
                <face v1="42" v2="43" v3="44"/>
                <face v1="45" v2="46" v3="47"/>
                <face v1="48" v2="49" v3="50"/>
                <face v1="51" v2="52" v3="53"/>
                <face v1="54" v2="55" v3="56"/>
                <face v1="57" v2="58" v3="59"/>
            </faces>
            <geometry vertexcount="60">
                <vertexbuffer positions="true" normals="true" texture_coord_dimensions_0="2" texture_coords="1">
                    <vertex>
                        <position x="340.398" y="2500.58" z="389.568"/>
                        <normal x="-0.0497637" y="-0.743773" z="0.666577"/>
                        <texcoord u="13.8608" v="-73.5429"/>
                    </vertex>
                    <vertex>
                        <position x="336.588" y="2504.22" z="391.601"/>
                        <normal x="-0.352094" y="-0.395643" z="0.848232"/>
                        <texcoord u="13.755" v="-73.7385"/>
                    </vertex>
                    <vertex>
                        <position x="335.464" y="2503.38" z="390.259"/>
                        <normal x="-0.522156" y="-0.532142" z="0.666467"/>
                        <texcoord u="13.6934" v="-73.6931"/>
                    </vertex>
                    <vertex>
                        <position x="336.588" y="2504.22" z="391.601"/>
                        <normal x="-0.352094" y="-0.395643" z="0.848232"/>
                        <texcoord u="13.755" v="-73.7385"/>
                    </vertex>
                    <vertex>
                        <position x="340.398" y="2500.58" z="389.568"/>
                        <normal x="-0.0497637" y="-0.743773" z="0.666577"/>
                        <texcoord u="13.8608" v="-73.5429"/>
                    </vertex>
                    <vertex>
                        <position x="341.774" y="2502.18" z="390.754"/>
                        <normal x="0.0496012" y="-0.536162" z="0.842657"/>
                        <texcoord u="12.1551" v="-85.5728"/>
                    </vertex>
                    <vertex>
                        <position x="344.039" y="2502.54" z="390.497"/>
                        <normal x="0.189877" y="-0.435779" z="0.879797"/>
                        <texcoord u="8.79951" v="-78.6709"/>
                    </vertex>
                    <vertex>
                        <position x="341.774" y="2502.18" z="390.754"/>
                        <normal x="0.0496012" y="-0.536162" z="0.842657"/>
                        <texcoord u="12.1551" v="-85.5728"/>
                    </vertex>
                    <vertex>
                        <position x="340.398" y="2500.58" z="389.568"/>
                        <normal x="-0.0497637" y="-0.743773" z="0.666577"/>
                        <texcoord u="13.8608" v="-73.5429"/>
                    </vertex>
                    <vertex>
                        <position x="338.234" y="2505.58" z="392.599"/>
                        <normal x="-0.0980175" y="-0.17886" z="0.97898"/>
                        <texcoord u="9.56803" v="-95.4269"/>
                    </vertex>
                    <vertex>
                        <position x="341.774" y="2502.18" z="390.754"/>
                        <normal x="0.0496012" y="-0.536162" z="0.842657"/>
                        <texcoord u="12.1551" v="-85.5728"/>
                    </vertex>
                    <vertex>
                        <position x="344.039" y="2502.54" z="390.497"/>
                        <normal x="0.189877" y="-0.435779" z="0.879797"/>
                        <texcoord u="8.79951" v="-78.6709"/>
                    </vertex>
                    <vertex>
                        <position x="338.234" y="2505.58" z="392.599"/>
                        <normal x="-0.0980175" y="-0.17886" z="0.97898"/>
                        <texcoord u="9.56803" v="-95.4269"/>
                    </vertex>
                    <vertex>
                        <position x="336.588" y="2504.22" z="391.601"/>
                        <normal x="-0.352094" y="-0.395643" z="0.848232"/>
                        <texcoord u="13.755" v="-73.7385"/>
                    </vertex>
                    <vertex>
                        <position x="341.774" y="2502.18" z="390.754"/>
                        <normal x="0.0496012" y="-0.536162" z="0.842657"/>
                        <texcoord u="12.1551" v="-85.5728"/>
                    </vertex>
                    <vertex>
                        <position x="335.472" y="2509.04" z="391.568"/>
                        <normal x="-0.443797" y="0.00809386" z="0.896091"/>
                        <texcoord u="13.9275" v="-97.5688"/>
                    </vertex>
                    <vertex>
                        <position x="336.588" y="2504.22" z="391.601"/>
                        <normal x="-0.352094" y="-0.395643" z="0.848232"/>
                        <texcoord u="13.755" v="-73.7385"/>
                    </vertex>
                    <vertex>
                        <position x="338.234" y="2505.58" z="392.599"/>
                        <normal x="-0.0980175" y="-0.17886" z="0.97898"/>
                        <texcoord u="9.56803" v="-95.4269"/>
                    </vertex>
                    <vertex>
                        <position x="335.472" y="2509.04" z="391.568"/>
                        <normal x="-0.443797" y="0.00809386" z="0.896091"/>
                        <texcoord u="13.9275" v="-97.5688"/>
                    </vertex>
                    <vertex>
                        <position x="333.593" y="2507.99" z="390.446"/>
                        <normal x="-0.663481" y="-0.0498988" z="0.746528"/>
                        <texcoord u="13.879" v="-97.4865"/>
                    </vertex>
                    <vertex>
                        <position x="336.588" y="2504.22" z="391.601"/>
                        <normal x="-0.352094" y="-0.395643" z="0.848232"/>
                        <texcoord u="13.755" v="-73.7385"/>
                    </vertex>
                    <vertex>
                        <position x="336.023" y="2511.27" z="391.533"/>
                        <normal x="-0.328185" y="0.123947" z="0.936446"/>
                        <texcoord u="14.194" v="-96.5688"/>
                    </vertex>
                    <vertex>
                        <position x="333.593" y="2507.99" z="390.446"/>
                        <normal x="-0.663481" y="-0.0498988" z="0.746528"/>
                        <texcoord u="13.879" v="-97.4865"/>
                    </vertex>
                    <vertex>
                        <position x="335.472" y="2509.04" z="391.568"/>
                        <normal x="-0.443797" y="0.00809386" z="0.896091"/>
                        <texcoord u="13.9275" v="-97.5688"/>
                    </vertex>
                    <vertex>
                        <position x="336.023" y="2511.27" z="391.533"/>
                        <normal x="-0.328185" y="0.123947" z="0.936446"/>
                        <texcoord u="14.194" v="-96.5688"/>
                    </vertex>
                    <vertex>
                        <position x="335.472" y="2509.04" z="391.568"/>
                        <normal x="-0.443797" y="0.00809386" z="0.896091"/>
                        <texcoord u="13.9275" v="-97.5688"/>
                    </vertex>
                    <vertex>
                        <position x="338.234" y="2505.58" z="392.599"/>
                        <normal x="-0.0980175" y="-0.17886" z="0.97898"/>
                        <texcoord u="9.56803" v="-95.4269"/>
                    </vertex>
                    <vertex>
                        <position x="336.023" y="2511.27" z="391.533"/>
                        <normal x="-0.328185" y="0.123947" z="0.936446"/>
                        <texcoord u="14.194" v="-96.5688"/>
                    </vertex>
                    <vertex>
                        <position x="338.234" y="2505.58" z="392.599"/>
                        <normal x="-0.0980175" y="-0.17886" z="0.97898"/>
                        <texcoord u="9.56803" v="-95.4269"/>
                    </vertex>
                    <vertex>
                        <position x="339.892" y="2507.07" z="392.632"/>
                        <normal x="0.037602" y="-0.0632866" z="0.997287"/>
                        <texcoord u="12.4076" v="-95.9048"/>
                    </vertex>
                    <vertex>
                        <position x="339.892" y="2507.07" z="392.632"/>
                        <normal x="0.037602" y="-0.0632866" z="0.997287"/>
                        <texcoord u="12.4076" v="-95.9048"/>
                    </vertex>
                    <vertex>
                        <position x="338.234" y="2505.58" z="392.599"/>
                        <normal x="-0.0980175" y="-0.17886" z="0.97898"/>
                        <texcoord u="9.56803" v="-95.4269"/>
                    </vertex>
                    <vertex>
                        <position x="344.039" y="2502.54" z="390.497"/>
                        <normal x="0.189877" y="-0.435779" z="0.879797"/>
                        <texcoord u="8.79951" v="-78.6709"/>
                    </vertex>
                    <vertex>
                        <position x="333.593" y="2507.99" z="390.446"/>
                        <normal x="-0.663481" y="-0.0498988" z="0.746528"/>
                        <texcoord u="13.879" v="-97.4865"/>
                    </vertex>
                    <vertex>
                        <position x="335.464" y="2503.38" z="390.259"/>
                        <normal x="-0.522156" y="-0.532142" z="0.666467"/>
                        <texcoord u="13.6934" v="-73.6931"/>
                    </vertex>
                    <vertex>
                        <position x="336.588" y="2504.22" z="391.601"/>
                        <normal x="-0.352094" y="-0.395643" z="0.848232"/>
                        <texcoord u="13.755" v="-73.7385"/>
                    </vertex>
                    <vertex>
                        <position x="332.56" y="2507.79" z="389.118"/>
                        <normal x="-0.789121" y="-0.00128114" z="0.614236"/>
                        <texcoord u="13.7787" v="-91.7209"/>
                    </vertex>
                    <vertex>
                        <position x="335.464" y="2503.38" z="390.259"/>
                        <normal x="-0.522156" y="-0.532142" z="0.666467"/>
                        <texcoord u="13.6934" v="-73.6931"/>
                    </vertex>
                    <vertex>
                        <position x="333.593" y="2507.99" z="390.446"/>
                        <normal x="-0.663481" y="-0.0498988" z="0.746528"/>
                        <texcoord u="13.879" v="-97.4865"/>
                    </vertex>
                    <vertex>
                        <position x="332.56" y="2507.79" z="389.118"/>
                        <normal x="-0.128012" y="-0.323105" z="-0.937665"/>
                        <texcoord u="13.7787" v="-91.7209"/>
                    </vertex>
                    <vertex>
                        <position x="336.769" y="2504.63" z="389.631"/>
                        <normal x="-0.285805" y="-0.169088" z="-0.943252"/>
                        <texcoord u="-9.82053" v="-88.7242"/>
                    </vertex>
                    <vertex>
                        <position x="335.464" y="2503.38" z="390.259"/>
                        <normal x="-0.288109" y="-0.172102" z="-0.942005"/>
                        <texcoord u="13.6934" v="-73.6931"/>
                    </vertex>
                    <vertex>
                        <position x="332.921" y="2510.13" z="388.281"/>
                        <normal x="-0.12283" y="-0.316663" z="-0.940552"/>
                        <texcoord u="-9.7959" v="-89.5525"/>
                    </vertex>
                    <vertex>
                        <position x="336.769" y="2504.63" z="389.631"/>
                        <normal x="-0.285805" y="-0.169088" z="-0.943252"/>
                        <texcoord u="-9.82053" v="-88.7242"/>
                    </vertex>
                    <vertex>
                        <position x="332.56" y="2507.79" z="389.118"/>
                        <normal x="-0.128012" y="-0.323105" z="-0.937665"/>
                        <texcoord u="13.7787" v="-91.7209"/>
                    </vertex>
                    <vertex>
                        <position x="332.921" y="2510.13" z="388.281"/>
                        <normal x="-0.771734" y="0.315835" z="0.551974"/>
                        <texcoord u="-9.7959" v="-89.5525"/>
                    </vertex>
                    <vertex>
                        <position x="332.56" y="2507.79" z="389.118"/>
                        <normal x="-0.789121" y="-0.00128114" z="0.614236"/>
                        <texcoord u="13.7787" v="-91.7209"/>
                    </vertex>
                    <vertex>
                        <position x="333.593" y="2507.99" z="390.446"/>
                        <normal x="-0.663481" y="-0.0498988" z="0.746528"/>
                        <texcoord u="13.879" v="-97.4865"/>
                    </vertex>
                    <vertex>
                        <position x="336.769" y="2504.63" z="389.631"/>
                        <normal x="-0.285805" y="-0.169088" z="-0.943252"/>
                        <texcoord u="-9.82053" v="-88.7242"/>
                    </vertex>
                    <vertex>
                        <position x="339.924" y="2499.77" z="388.167"/>
                        <normal x="-0.429687" y="-0.00685115" z="-0.902952"/>
                        <texcoord u="-6.46659" v="-97.3343"/>
                    </vertex>
                    <vertex>
                        <position x="335.464" y="2503.38" z="390.259"/>
                        <normal x="-0.288109" y="-0.172102" z="-0.942005"/>
                        <texcoord u="13.6934" v="-73.6931"/>
                    </vertex>
                    <vertex>
                        <position x="336.769" y="2504.63" z="389.631"/>
                        <normal x="-0.285805" y="-0.169088" z="-0.943252"/>
                        <texcoord u="-9.82053" v="-88.7242"/>
                    </vertex>
                    <vertex>
                        <position x="342.191" y="2500.04" z="387.084"/>
                        <normal x="-0.430409" y="-0.00742434" z="-0.902603"/>
                        <texcoord u="-6.54505" v="-97.3296"/>
                    </vertex>
                    <vertex>
                        <position x="339.924" y="2499.77" z="388.167"/>
                        <normal x="-0.429687" y="-0.00685115" z="-0.902952"/>
                        <texcoord u="-6.46659" v="-97.3343"/>
                    </vertex>
                    <vertex>
                        <position x="342.191" y="2500.04" z="387.084"/>
                        <normal x="0.296284" y="-0.866209" z="0.402366"/>
                        <texcoord u="-6.54505" v="-97.3296"/>
                    </vertex>
                    <vertex>
                        <position x="340.398" y="2500.58" z="389.568"/>
                        <normal x="-0.0497637" y="-0.743773" z="0.666577"/>
                        <texcoord u="13.8608" v="-73.5429"/>
                    </vertex>
                    <vertex>
                        <position x="339.924" y="2499.77" z="388.167"/>
                        <normal x="-0.0281746" y="-0.860352" z="0.508922"/>
                        <texcoord u="-6.46659" v="-97.3343"/>
                    </vertex>
                    <vertex>
                        <position x="340.398" y="2500.58" z="389.568"/>
                        <normal x="-0.0497637" y="-0.743773" z="0.666577"/>
                        <texcoord u="13.8608" v="-73.5429"/>
                    </vertex>
                    <vertex>
                        <position x="335.464" y="2503.38" z="390.259"/>
                        <normal x="-0.522156" y="-0.532142" z="0.666467"/>
                        <texcoord u="13.6934" v="-73.6931"/>
                    </vertex>
                    <vertex>
                        <position x="339.924" y="2499.77" z="388.167"/>
                        <normal x="-0.0281746" y="-0.860352" z="0.508922"/>
                        <texcoord u="-6.46659" v="-97.3343"/>
                    </vertex>
                </vertexbuffer>
            </geometry>
        </submesh>
    </submeshes>
    <submeshnames>
        <submeshname name="submesh0" index="0"/>
    </submeshnames>
</mesh>
