<mesh>
    <submeshes>
        <submesh material="FrontCol" usesharedvertices="false" use32bitindexes="false" operationtype="triangle_list">
            <faces count="1">
                <face v1="0" v2="1" v3="2"/>
            </faces>
            <geometry vertexcount="3">
                <vertexbuffer positions="true" normals="true" texture_coord_dimensions_0="2" texture_coords="1">
                    <vertex>
                        <position x="417.767" y="2440.02" z="343.571"/>
                        <normal x="0.433392" y="-0.888761" z="0.149251"/>
                        <texcoord u="-1.89252" v="-57.1092"/>
                    </vertex>
                    <vertex>
                        <position x="405.76" y="2433.79" z="341.341"/>
                        <normal x="0.433392" y="-0.888761" z="0.149251"/>
                        <texcoord u="-1.9635" v="-56.5741"/>
                    </vertex>
                    <vertex>
                        <position x="404.66" y="2432.91" z="339.285"/>
                        <normal x="0.433392" y="-0.888761" z="0.149251"/>
                        <texcoord u="-1.9011" v="-56.4984"/>
                    </vertex>
                </vertexbuffer>
            </geometry>
        </submesh>
    </submeshes>
    <submeshnames>
        <submeshname name="submesh0" index="0"/>
    </submeshnames>
</mesh>
