<mesh>
    <submeshes>
        <submesh material="FrontCol" usesharedvertices="false" use32bitindexes="false" operationtype="triangle_list">
            <faces count="1">
                <face v1="0" v2="1" v3="2"/>
            </faces>
            <geometry vertexcount="3">
                <vertexbuffer positions="true" normals="true" texture_coord_dimensions_0="2" texture_coords="1">
                    <vertex>
                        <position x="358.651" y="2659.91" z="321.457"/>
                        <normal x="-0.800612" y="0.468185" z="0.37393"/>
                        <texcoord u="10.5967" v="-95.4317"/>
                    </vertex>
                    <vertex>
                        <position x="359.016" y="2657.52" z="325.239"/>
                        <normal x="-0.800612" y="0.468185" z="0.37393"/>
                        <texcoord u="10.7377" v="-95.325"/>
                    </vertex>
                    <vertex>
                        <position x="359.546" y="2659.55" z="323.821"/>
                        <normal x="-0.800612" y="0.468185" z="0.37393"/>
                        <texcoord u="10.6959" v="-95.4158"/>
                    </vertex>
                </vertexbuffer>
            </geometry>
        </submesh>
    </submeshes>
    <submeshnames>
        <submeshname name="submesh0" index="0"/>
    </submeshnames>
</mesh>
