<mesh>
    <submeshes>
        <submesh material="FrontCol" usesharedvertices="false" use32bitindexes="false" operationtype="triangle_list">
            <faces count="11">
                <face v1="0" v2="1" v3="2"/>
                <face v1="3" v2="4" v3="5"/>
                <face v1="6" v2="7" v3="8"/>
                <face v1="9" v2="10" v3="11"/>
                <face v1="12" v2="13" v3="14"/>
                <face v1="15" v2="16" v3="17"/>
                <face v1="18" v2="19" v3="20"/>
                <face v1="21" v2="22" v3="23"/>
                <face v1="24" v2="25" v3="26"/>
                <face v1="27" v2="28" v3="29"/>
                <face v1="30" v2="31" v3="32"/>
            </faces>
            <geometry vertexcount="33">
                <vertexbuffer positions="true" normals="true" texture_coord_dimensions_0="2" texture_coords="1">
                    <vertex>
                        <position x="-577.934" y="2019.42" z="275.648"/>
                        <normal x="0.0641463" y="-0.662758" z="0.746082"/>
                        <texcoord u="-24.1084" v="-60.043"/>
                    </vertex>
                    <vertex>
                        <position x="-584.565" y="2017.73" z="273.074"/>
                        <normal x="-0.388909" y="-0.762307" z="0.517338"/>
                        <texcoord u="-24.3801" v="-59.9481"/>
                    </vertex>
                    <vertex>
                        <position x="-583.56" y="2016.33" z="271.774"/>
                        <normal x="-0.364729" y="-0.796376" z="0.48245"/>
                        <texcoord u="-24.3473" v="-59.8698"/>
                    </vertex>
                    <vertex>
                        <position x="-583.56" y="2016.33" z="271.774"/>
                        <normal x="-0.364729" y="-0.796376" z="0.48245"/>
                        <texcoord u="-24.3473" v="-59.8698"/>
                    </vertex>
                    <vertex>
                        <position x="-584.565" y="2017.73" z="273.074"/>
                        <normal x="-0.388909" y="-0.762307" z="0.517338"/>
                        <texcoord u="-24.3801" v="-59.9481"/>
                    </vertex>
                    <vertex>
                        <position x="-588.979" y="2019.66" z="267.79"/>
                        <normal x="-0.735216" y="-0.66496" z="0.131474"/>
                        <texcoord u="-6.2904" v="-72.2084"/>
                    </vertex>
                    <vertex>
                        <position x="-583.56" y="2016.33" z="271.774"/>
                        <normal x="-0.364729" y="-0.796376" z="0.48245"/>
                        <texcoord u="-24.3473" v="-59.8698"/>
                    </vertex>
                    <vertex>
                        <position x="-588.979" y="2019.66" z="267.79"/>
                        <normal x="-0.735216" y="-0.66496" z="0.131474"/>
                        <texcoord u="-6.2904" v="-72.2084"/>
                    </vertex>
                    <vertex>
                        <position x="-588.434" y="2018.85" z="266.224"/>
                        <normal x="-0.77475" y="-0.629761" z="0.0562458"/>
                        <texcoord u="-3.65713" v="-69.1477"/>
                    </vertex>
                    <vertex>
                        <position x="-589.46" y="2021.17" z="264.572"/>
                        <normal x="-0.890352" y="-0.448605" z="-0.077635"/>
                        <texcoord u="6.02164" v="-81.2728"/>
                    </vertex>
                    <vertex>
                        <position x="-588.434" y="2018.85" z="266.224"/>
                        <normal x="-0.77475" y="-0.629761" z="0.0562458"/>
                        <texcoord u="-3.65713" v="-69.1477"/>
                    </vertex>
                    <vertex>
                        <position x="-588.979" y="2019.66" z="267.79"/>
                        <normal x="-0.735216" y="-0.66496" z="0.131474"/>
                        <texcoord u="-6.2904" v="-72.2084"/>
                    </vertex>
                    <vertex>
                        <position x="-589.46" y="2021.17" z="264.572"/>
                        <normal x="0.480535" y="-0.585023" z="-0.653326"/>
                        <texcoord u="6.02164" v="-81.2728"/>
                    </vertex>
                    <vertex>
                        <position x="-583.281" y="2018.54" z="271.473"/>
                        <normal x="0.518557" y="-0.341092" z="-0.784063"/>
                        <texcoord u="14.7835" v="-73.2418"/>
                    </vertex>
                    <vertex>
                        <position x="-588.434" y="2018.85" z="266.224"/>
                        <normal x="0.695956" y="-0.184317" z="-0.694026"/>
                        <texcoord u="-3.65713" v="-69.1477"/>
                    </vertex>
                    <vertex>
                        <position x="-583.281" y="2018.54" z="271.473"/>
                        <normal x="0.518557" y="-0.341092" z="-0.784063"/>
                        <texcoord u="14.7835" v="-73.2418"/>
                    </vertex>
                    <vertex>
                        <position x="-589.46" y="2021.17" z="264.572"/>
                        <normal x="0.480535" y="-0.585023" z="-0.653326"/>
                        <texcoord u="6.02164" v="-81.2728"/>
                    </vertex>
                    <vertex>
                        <position x="-590.727" y="2022.17" z="262.323"/>
                        <normal x="0.165876" y="-0.862834" z="-0.477496"/>
                        <texcoord u="22.7141" v="-29.0082"/>
                    </vertex>
                    <vertex>
                        <position x="-588.434" y="2018.85" z="266.224"/>
                        <normal x="0.695956" y="-0.184317" z="-0.694026"/>
                        <texcoord u="-3.65713" v="-69.1477"/>
                    </vertex>
                    <vertex>
                        <position x="-583.281" y="2018.54" z="271.473"/>
                        <normal x="0.518557" y="-0.341092" z="-0.784063"/>
                        <texcoord u="14.7835" v="-73.2418"/>
                    </vertex>
                    <vertex>
                        <position x="-583.56" y="2016.33" z="271.774"/>
                        <normal x="0.568705" y="-0.181241" z="-0.802326"/>
                        <texcoord u="-24.3473" v="-59.8698"/>
                    </vertex>
                    <vertex>
                        <position x="-576.517" y="2018.59" z="274.701"/>
                        <normal x="0.425171" y="-0.176265" z="-0.887784"/>
                        <texcoord u="20.5272" v="-74.7087"/>
                    </vertex>
                    <vertex>
                        <position x="-583.56" y="2016.33" z="271.774"/>
                        <normal x="0.568705" y="-0.181241" z="-0.802326"/>
                        <texcoord u="-24.3473" v="-59.8698"/>
                    </vertex>
                    <vertex>
                        <position x="-583.281" y="2018.54" z="271.473"/>
                        <normal x="0.518557" y="-0.341092" z="-0.784063"/>
                        <texcoord u="14.7835" v="-73.2418"/>
                    </vertex>
                    <vertex>
                        <position x="-576.517" y="2018.59" z="274.701"/>
                        <normal x="0.142053" y="-0.629864" z="0.763605"/>
                        <texcoord u="20.5272" v="-74.7087"/>
                    </vertex>
                    <vertex>
                        <position x="-577.934" y="2019.42" z="275.648"/>
                        <normal x="0.0641463" y="-0.662758" z="0.746082"/>
                        <texcoord u="-24.1084" v="-60.043"/>
                    </vertex>
                    <vertex>
                        <position x="-583.56" y="2016.33" z="271.774"/>
                        <normal x="-0.364729" y="-0.796376" z="0.48245"/>
                        <texcoord u="-24.3473" v="-59.8698"/>
                    </vertex>
                    <vertex>
                        <position x="-574.503" y="2020.85" z="275.214"/>
                        <normal x="0.295768" y="-0.45449" z="0.840214"/>
                        <texcoord u="-24.7207" v="-67.9659"/>
                    </vertex>
                    <vertex>
                        <position x="-577.934" y="2019.42" z="275.648"/>
                        <normal x="0.0641463" y="-0.662758" z="0.746082"/>
                        <texcoord u="-24.1084" v="-60.043"/>
                    </vertex>
                    <vertex>
                        <position x="-576.517" y="2018.59" z="274.701"/>
                        <normal x="0.142053" y="-0.629864" z="0.763605"/>
                        <texcoord u="20.5272" v="-74.7087"/>
                    </vertex>
                    <vertex>
                        <position x="-574.503" y="2020.85" z="275.214"/>
                        <normal x="0.42507" y="-0.177698" z="-0.887546"/>
                        <texcoord u="-24.7207" v="-67.9659"/>
                    </vertex>
                    <vertex>
                        <position x="-576.517" y="2018.59" z="274.701"/>
                        <normal x="0.425171" y="-0.176265" z="-0.887784"/>
                        <texcoord u="20.5272" v="-74.7087"/>
                    </vertex>
                    <vertex>
                        <position x="-583.281" y="2018.54" z="271.473"/>
                        <normal x="0.518557" y="-0.341092" z="-0.784063"/>
                        <texcoord u="14.7835" v="-73.2418"/>
                    </vertex>
                </vertexbuffer>
            </geometry>
        </submesh>
    </submeshes>
    <submeshnames>
        <submeshname name="submesh0" index="0"/>
    </submeshnames>
</mesh>
