<mesh>
    <submeshes>
        <submesh material="FrontCol" usesharedvertices="false" use32bitindexes="false" operationtype="triangle_list">
            <faces count="1">
                <face v1="0" v2="1" v3="2"/>
            </faces>
            <geometry vertexcount="3">
                <vertexbuffer positions="true" normals="true" texture_coord_dimensions_0="2" texture_coords="1">
                    <vertex>
                        <position x="442.201" y="2439.35" z="295.571"/>
                        <normal x="-0.921403" y="-0.30333" z="-0.242913"/>
                        <texcoord u="0.985841" v="-85.628"/>
                    </vertex>
                    <vertex>
                        <position x="442.271" y="2434.43" z="301.443"/>
                        <normal x="-0.921403" y="-0.30333" z="-0.242913"/>
                        <texcoord u="1.20867" v="-85.425"/>
                    </vertex>
                    <vertex>
                        <position x="441.672" y="2436.24" z="301.461"/>
                        <normal x="-0.921403" y="-0.30333" z="-0.242913"/>
                        <texcoord u="1.21538" v="-85.4995"/>
                    </vertex>
                </vertexbuffer>
            </geometry>
        </submesh>
    </submeshes>
    <submeshnames>
        <submeshname name="submesh0" index="0"/>
    </submeshnames>
</mesh>
