<mesh>
    <submeshes>
        <submesh material="03___Def" usesharedvertices="false" use32bitindexes="false" operationtype="triangle_list">
            <faces count="3">
                <face v1="0" v2="1" v3="2"/>
                <face v1="3" v2="4" v3="5"/>
                <face v1="6" v2="7" v3="8"/>
            </faces>
            <geometry vertexcount="9">
                <vertexbuffer positions="true" normals="true" texture_coord_dimensions_0="2" texture_coords="1">
                    <vertex>
                        <position x="-529.116" y="1930.69" z="237.471"/>
                        <normal x="0.17869" y="-0.45523" z="0.872259"/>
                        <texcoord u="0.807218" v="0.942817"/>
                    </vertex>
                    <vertex>
                        <position x="-529.771" y="1926.81" z="235.58"/>
                        <normal x="-0.0329824" y="-0.458136" z="0.88827"/>
                        <texcoord u="0.808387" v="0.944506"/>
                    </vertex>
                    <vertex>
                        <position x="-528.059" y="1928.83" z="236.286"/>
                        <normal x="0.0604099" y="-0.373745" z="0.925562"/>
                        <texcoord u="0.806927" v="0.944559"/>
                    </vertex>
                    <vertex>
                        <position x="-528.059" y="1928.83" z="236.286"/>
                        <normal x="0.0604099" y="-0.373745" z="0.925562"/>
                        <texcoord u="0.806927" v="0.944559"/>
                    </vertex>
                    <vertex>
                        <position x="-529.771" y="1926.81" z="235.58"/>
                        <normal x="-0.0329824" y="-0.458136" z="0.88827"/>
                        <texcoord u="0.808387" v="0.944506"/>
                    </vertex>
                    <vertex>
                        <position x="-527.154" y="1925.63" z="235.393"/>
                        <normal x="-0.140444" y="-0.451683" z="0.881055"/>
                        <texcoord u="0.808021" v="0.945669"/>
                    </vertex>
                    <vertex>
                        <position x="-529.771" y="1926.81" z="235.58"/>
                        <normal x="-0.0329824" y="-0.458136" z="0.88827"/>
                        <texcoord u="0.808387" v="0.944506"/>
                    </vertex>
                    <vertex>
                        <position x="-531.88" y="1925.92" z="234.294"/>
                        <normal x="-0.215888" y="-0.601512" z="0.76914"/>
                        <texcoord u="0.809652" v="0.944551"/>
                    </vertex>
                    <vertex>
                        <position x="-527.154" y="1925.63" z="235.393"/>
                        <normal x="-0.140444" y="-0.451683" z="0.881055"/>
                        <texcoord u="0.808021" v="0.945669"/>
                    </vertex>
                </vertexbuffer>
            </geometry>
        </submesh>
    </submeshes>
    <submeshnames>
        <submeshname name="submesh0" index="0"/>
    </submeshnames>
</mesh>
