<mesh>
    <submeshes>
        <submesh material="FrontCol" usesharedvertices="false" use32bitindexes="false" operationtype="triangle_list">
            <faces count="11">
                <face v1="0" v2="1" v3="2"/>
                <face v1="3" v2="4" v3="5"/>
                <face v1="6" v2="7" v3="8"/>
                <face v1="9" v2="10" v3="11"/>
                <face v1="12" v2="13" v3="14"/>
                <face v1="15" v2="16" v3="17"/>
                <face v1="18" v2="19" v3="20"/>
                <face v1="21" v2="22" v3="23"/>
                <face v1="24" v2="25" v3="26"/>
                <face v1="27" v2="28" v3="29"/>
                <face v1="30" v2="31" v3="32"/>
            </faces>
            <geometry vertexcount="33">
                <vertexbuffer positions="true" normals="true" texture_coord_dimensions_0="2" texture_coords="1">
                    <vertex>
                        <position x="359.016" y="2657.52" z="325.239"/>
                        <normal x="-0.807556" y="0.204198" z="0.553314"/>
                        <texcoord u="12.8666" v="-102.818"/>
                    </vertex>
                    <vertex>
                        <position x="358.796" y="2655.8" z="325.441"/>
                        <normal x="-0.856001" y="0.166929" z="0.489282"/>
                        <texcoord u="12.8662" v="-102.749"/>
                    </vertex>
                    <vertex>
                        <position x="363.901" y="2658.15" z="330.089"/>
                        <normal x="-0.400491" y="0.319067" z="0.858955"/>
                        <texcoord u="13.1376" v="-102.843"/>
                    </vertex>
                    <vertex>
                        <position x="358.003" y="2655.36" z="322.787"/>
                        <normal x="-0.953447" y="0.152554" z="0.260128"/>
                        <texcoord u="9.07304" v="-103.839"/>
                    </vertex>
                    <vertex>
                        <position x="358.796" y="2655.8" z="325.441"/>
                        <normal x="-0.856001" y="0.166929" z="0.489282"/>
                        <texcoord u="12.8662" v="-102.749"/>
                    </vertex>
                    <vertex>
                        <position x="359.016" y="2657.52" z="325.239"/>
                        <normal x="-0.807556" y="0.204198" z="0.553314"/>
                        <texcoord u="12.8666" v="-102.818"/>
                    </vertex>
                    <vertex>
                        <position x="364.568" y="2658.38" z="328.169"/>
                        <normal x="0.164033" y="-0.979323" z="0.118404"/>
                        <texcoord u="-5.39135" v="-52.3124"/>
                    </vertex>
                    <vertex>
                        <position x="358.796" y="2655.8" z="325.441"/>
                        <normal x="0.397339" y="-0.917216" z="0.028936"/>
                        <texcoord u="12.8662" v="-102.749"/>
                    </vertex>
                    <vertex>
                        <position x="358.003" y="2655.36" z="322.787"/>
                        <normal x="0.102019" y="-0.915642" z="0.388834"/>
                        <texcoord u="9.07304" v="-103.839"/>
                    </vertex>
                    <vertex>
                        <position x="364.568" y="2658.38" z="328.169"/>
                        <normal x="0.164033" y="-0.979323" z="0.118404"/>
                        <texcoord u="-5.39135" v="-52.3124"/>
                    </vertex>
                    <vertex>
                        <position x="363.901" y="2658.15" z="330.089"/>
                        <normal x="0.247648" y="-0.968362" z="-0.0307478"/>
                        <texcoord u="13.1376" v="-102.843"/>
                    </vertex>
                    <vertex>
                        <position x="358.796" y="2655.8" z="325.441"/>
                        <normal x="0.397339" y="-0.917216" z="0.028936"/>
                        <texcoord u="12.8662" v="-102.749"/>
                    </vertex>
                    <vertex>
                        <position x="371.138" y="2658.81" z="330.087"/>
                        <normal x="0.0898605" y="-0.992185" z="-0.086573"/>
                        <texcoord u="-13.3405" v="-16.6562"/>
                    </vertex>
                    <vertex>
                        <position x="363.901" y="2658.15" z="330.089"/>
                        <normal x="0.247648" y="-0.968362" z="-0.0307478"/>
                        <texcoord u="13.1376" v="-102.843"/>
                    </vertex>
                    <vertex>
                        <position x="364.568" y="2658.38" z="328.169"/>
                        <normal x="0.164033" y="-0.979323" z="0.118404"/>
                        <texcoord u="-5.39135" v="-52.3124"/>
                    </vertex>
                    <vertex>
                        <position x="370.456" y="2660.31" z="329.545"/>
                        <normal x="0.111154" y="0.417831" z="0.9017"/>
                        <texcoord u="12.6881" v="-95.9844"/>
                    </vertex>
                    <vertex>
                        <position x="363.901" y="2658.15" z="330.089"/>
                        <normal x="-0.400491" y="0.319067" z="0.858955"/>
                        <texcoord u="13.1376" v="-102.843"/>
                    </vertex>
                    <vertex>
                        <position x="371.138" y="2658.81" z="330.087"/>
                        <normal x="0.199689" y="0.412157" z="0.888961"/>
                        <texcoord u="-13.3405" v="-16.6562"/>
                    </vertex>
                    <vertex>
                        <position x="370.456" y="2660.31" z="329.545"/>
                        <normal x="0.111154" y="0.417831" z="0.9017"/>
                        <texcoord u="12.6881" v="-95.9844"/>
                    </vertex>
                    <vertex>
                        <position x="363.801" y="2659.96" z="329.246"/>
                        <normal x="-0.404287" y="0.368346" z="0.837182"/>
                        <texcoord u="12.6451" v="-91.7583"/>
                    </vertex>
                    <vertex>
                        <position x="363.901" y="2658.15" z="330.089"/>
                        <normal x="-0.400491" y="0.319067" z="0.858955"/>
                        <texcoord u="13.1376" v="-102.843"/>
                    </vertex>
                    <vertex>
                        <position x="359.016" y="2657.52" z="325.239"/>
                        <normal x="-0.807556" y="0.204198" z="0.553314"/>
                        <texcoord u="12.8666" v="-102.818"/>
                    </vertex>
                    <vertex>
                        <position x="363.901" y="2658.15" z="330.089"/>
                        <normal x="-0.400491" y="0.319067" z="0.858955"/>
                        <texcoord u="13.1376" v="-102.843"/>
                    </vertex>
                    <vertex>
                        <position x="363.801" y="2659.96" z="329.246"/>
                        <normal x="-0.404287" y="0.368346" z="0.837182"/>
                        <texcoord u="12.6451" v="-91.7583"/>
                    </vertex>
                    <vertex>
                        <position x="370.456" y="2660.31" z="329.545"/>
                        <normal x="0.111154" y="0.417831" z="0.9017"/>
                        <texcoord u="12.6881" v="-95.9844"/>
                    </vertex>
                    <vertex>
                        <position x="371.138" y="2658.81" z="330.087"/>
                        <normal x="0.199689" y="0.412157" z="0.888961"/>
                        <texcoord u="-13.3405" v="-16.6562"/>
                    </vertex>
                    <vertex>
                        <position x="373.496" y="2659.15" z="328.621"/>
                        <normal x="0.41644" y="0.470672" z="0.777847"/>
                        <texcoord u="8.11831" v="-85.9297"/>
                    </vertex>
                    <vertex>
                        <position x="373.496" y="2659.15" z="328.621"/>
                        <normal x="0.0893918" y="-0.992369" z="-0.0849262"/>
                        <texcoord u="8.11831" v="-85.9297"/>
                    </vertex>
                    <vertex>
                        <position x="371.138" y="2658.81" z="330.087"/>
                        <normal x="0.0898605" y="-0.992185" z="-0.086573"/>
                        <texcoord u="-13.3405" v="-16.6562"/>
                    </vertex>
                    <vertex>
                        <position x="364.568" y="2658.38" z="328.169"/>
                        <normal x="0.164033" y="-0.979323" z="0.118404"/>
                        <texcoord u="-5.39135" v="-52.3124"/>
                    </vertex>
                    <vertex>
                        <position x="364.568" y="2658.38" z="328.169"/>
                        <normal x="0.164033" y="-0.979323" z="0.118404"/>
                        <texcoord u="-5.39135" v="-52.3124"/>
                    </vertex>
                    <vertex>
                        <position x="358.003" y="2655.36" z="322.787"/>
                        <normal x="0.102019" y="-0.915642" z="0.388834"/>
                        <texcoord u="9.07304" v="-103.839"/>
                    </vertex>
                    <vertex>
                        <position x="356.514" y="2654.16" z="321.007"/>
                        <normal x="-0.214739" y="-0.716587" z="0.66362"/>
                        <texcoord u="13.2301" v="-73.3689"/>
                    </vertex>
                </vertexbuffer>
            </geometry>
        </submesh>
    </submeshes>
    <submeshnames>
        <submeshname name="submesh0" index="0"/>
    </submeshnames>
</mesh>
