<mesh>
    <submeshes>
        <submesh material="03___Def" usesharedvertices="false" use32bitindexes="false" operationtype="triangle_list">
            <faces count="1">
                <face v1="0" v2="1" v3="2"/>
            </faces>
            <geometry vertexcount="3">
                <vertexbuffer positions="true" normals="true" texture_coord_dimensions_0="2" texture_coords="1">
                    <vertex>
                        <position x="370.203" y="2662.16" z="327.833"/>
                        <normal x="-0.0687106" y="0.672886" z="0.736548"/>
                        <texcoord u="0.836453" v="0.823727"/>
                    </vertex>
                    <vertex>
                        <position x="363.801" y="2659.96" z="329.246"/>
                        <normal x="-0.0687106" y="0.672886" z="0.736548"/>
                        <texcoord u="0.835202" v="0.82064"/>
                    </vertex>
                    <vertex>
                        <position x="370.456" y="2660.31" z="329.545"/>
                        <normal x="-0.0687106" y="0.672886" z="0.736548"/>
                        <texcoord u="0.835344" v="0.823906"/>
                    </vertex>
                </vertexbuffer>
            </geometry>
        </submesh>
    </submeshes>
    <submeshnames>
        <submeshname name="submesh0" index="0"/>
    </submeshnames>
</mesh>
