<mesh>
    <submeshes>
        <submesh material="03___Def" usesharedvertices="false" use32bitindexes="false" operationtype="triangle_list">
            <faces count="1">
                <face v1="0" v2="1" v3="2"/>
            </faces>
            <geometry vertexcount="3">
                <vertexbuffer positions="true" normals="true" texture_coord_dimensions_0="2" texture_coords="1">
                    <vertex>
                        <position x="-590.956" y="2024.13" z="268.435"/>
                        <normal x="-0.782393" y="-0.283525" z="0.554504"/>
                        <texcoord u="0.837243" v="0.824586"/>
                    </vertex>
                    <vertex>
                        <position x="-589.535" y="2021.88" z="269.289"/>
                        <normal x="-0.782393" y="-0.283525" z="0.554504"/>
                        <texcoord u="0.836453" v="0.823727"/>
                    </vertex>
                    <vertex>
                        <position x="-585.397" y="2020.03" z="274.179"/>
                        <normal x="-0.782393" y="-0.283525" z="0.554504"/>
                        <texcoord u="0.836051" v="0.820692"/>
                    </vertex>
                </vertexbuffer>
            </geometry>
        </submesh>
    </submeshes>
    <submeshnames>
        <submeshname name="submesh0" index="0"/>
    </submeshnames>
</mesh>
