<mesh>
    <submeshes>
        <submesh material="03___Def" usesharedvertices="false" use32bitindexes="false" operationtype="triangle_list">
            <faces count="1">
                <face v1="0" v2="1" v3="2"/>
            </faces>
            <geometry vertexcount="3">
                <vertexbuffer positions="true" normals="true" texture_coord_dimensions_0="2" texture_coords="1">
                    <vertex>
                        <position x="-497.39" y="1986.26" z="174.581"/>
                        <normal x="0.765483" y="-0.619241" z="0.174858"/>
                        <texcoord u="0.855204" v="0.989885"/>
                    </vertex>
                    <vertex>
                        <position x="-499.081" y="1985.99" z="181.044"/>
                        <normal x="0.765483" y="-0.619241" z="0.174858"/>
                        <texcoord u="0.85318" v="0.987561"/>
                    </vertex>
                    <vertex>
                        <position x="-499.036" y="1984.26" z="174.709"/>
                        <normal x="0.765483" y="-0.619241" z="0.174858"/>
                        <texcoord u="0.855797" v="0.989044"/>
                    </vertex>
                </vertexbuffer>
            </geometry>
        </submesh>
    </submeshes>
    <submeshnames>
        <submeshname name="submesh0" index="0"/>
    </submeshnames>
</mesh>
