<mesh>
    <submeshes>
        <submesh material="FrontCol" usesharedvertices="false" use32bitindexes="false" operationtype="triangle_list">
            <faces count="17">
                <face v1="0" v2="1" v3="2"/>
                <face v1="3" v2="4" v3="5"/>
                <face v1="6" v2="7" v3="8"/>
                <face v1="9" v2="10" v3="11"/>
                <face v1="12" v2="13" v3="14"/>
                <face v1="15" v2="16" v3="17"/>
                <face v1="18" v2="19" v3="20"/>
                <face v1="21" v2="22" v3="23"/>
                <face v1="24" v2="25" v3="26"/>
                <face v1="27" v2="28" v3="29"/>
                <face v1="30" v2="31" v3="32"/>
                <face v1="33" v2="34" v3="35"/>
                <face v1="36" v2="37" v3="38"/>
                <face v1="39" v2="40" v3="41"/>
                <face v1="42" v2="43" v3="44"/>
                <face v1="45" v2="46" v3="47"/>
                <face v1="48" v2="49" v3="50"/>
            </faces>
            <geometry vertexcount="51">
                <vertexbuffer positions="true" normals="true" texture_coord_dimensions_0="2" texture_coords="1">
                    <vertex>
                        <position x="-574.598" y="2035.33" z="279.906"/>
                        <normal x="-0.333796" y="-0.0400711" z="0.941793"/>
                        <texcoord u="-17.3472" v="-80.5833"/>
                    </vertex>
                    <vertex>
                        <position x="-576.437" y="2021.84" z="276.82"/>
                        <normal x="-0.293931" y="-0.587103" z="0.754264"/>
                        <texcoord u="-17.4773" v="-80.0494"/>
                    </vertex>
                    <vertex>
                        <position x="-575.078" y="2022.56" z="277.904"/>
                        <normal x="-0.478581" y="-0.420469" z="0.770822"/>
                        <texcoord u="-17.4089" v="-80.0775"/>
                    </vertex>
                    <vertex>
                        <position x="-571.845" y="2021.77" z="275.755"/>
                        <normal x="0.0927497" y="-0.881677" z="0.462648"/>
                        <texcoord u="-24.9654" v="-35.9907"/>
                    </vertex>
                    <vertex>
                        <position x="-575.078" y="2022.56" z="277.904"/>
                        <normal x="-0.478581" y="-0.420469" z="0.770822"/>
                        <texcoord u="-17.4089" v="-80.0775"/>
                    </vertex>
                    <vertex>
                        <position x="-576.437" y="2021.84" z="276.82"/>
                        <normal x="-0.293931" y="-0.587103" z="0.754264"/>
                        <texcoord u="-17.4773" v="-80.0494"/>
                    </vertex>
                    <vertex>
                        <position x="-575.078" y="2022.56" z="277.904"/>
                        <normal x="-0.478581" y="-0.420469" z="0.770822"/>
                        <texcoord u="-17.4089" v="-80.0775"/>
                    </vertex>
                    <vertex>
                        <position x="-573.649" y="2034.72" z="280.827"/>
                        <normal x="-0.818871" y="-0.0326748" z="0.573046"/>
                        <texcoord u="-13.8176" v="-80.5374"/>
                    </vertex>
                    <vertex>
                        <position x="-574.598" y="2035.33" z="279.906"/>
                        <normal x="-0.333796" y="-0.0400711" z="0.941793"/>
                        <texcoord u="-17.3472" v="-80.5833"/>
                    </vertex>
                    <vertex>
                        <position x="-574.359" y="2053.8" z="279.896"/>
                        <normal x="-0.534916" y="-0.047573" z="0.843565"/>
                        <texcoord u="-14.7234" v="-79.6642"/>
                    </vertex>
                    <vertex>
                        <position x="-574.598" y="2035.33" z="279.906"/>
                        <normal x="-0.333796" y="-0.0400711" z="0.941793"/>
                        <texcoord u="-17.3472" v="-80.5833"/>
                    </vertex>
                    <vertex>
                        <position x="-573.649" y="2034.72" z="280.827"/>
                        <normal x="-0.818871" y="-0.0326748" z="0.573046"/>
                        <texcoord u="-13.8176" v="-80.5374"/>
                    </vertex>
                    <vertex>
                        <position x="-574.359" y="2053.8" z="279.896"/>
                        <normal x="-0.534916" y="-0.047573" z="0.843565"/>
                        <texcoord u="-14.7234" v="-79.6642"/>
                    </vertex>
                    <vertex>
                        <position x="-575.9" y="2052.39" z="280.272"/>
                        <normal x="0.0750244" y="0.204064" z="0.976079"/>
                        <texcoord u="-25.1107" v="-79.7985"/>
                    </vertex>
                    <vertex>
                        <position x="-574.598" y="2035.33" z="279.906"/>
                        <normal x="-0.333796" y="-0.0400711" z="0.941793"/>
                        <texcoord u="-17.3472" v="-80.5833"/>
                    </vertex>
                    <vertex>
                        <position x="-585.159" y="2054.52" z="274.727"/>
                        <normal x="-0.551692" y="0.297214" z="0.779295"/>
                        <texcoord u="-21.4217" v="-58.1124"/>
                    </vertex>
                    <vertex>
                        <position x="-575.9" y="2052.39" z="280.272"/>
                        <normal x="0.0750244" y="0.204064" z="0.976079"/>
                        <texcoord u="-25.1107" v="-79.7985"/>
                    </vertex>
                    <vertex>
                        <position x="-574.359" y="2053.8" z="279.896"/>
                        <normal x="-0.534916" y="-0.047573" z="0.843565"/>
                        <texcoord u="-14.7234" v="-79.6642"/>
                    </vertex>
                    <vertex>
                        <position x="-585.149" y="2056.45" z="274.762"/>
                        <normal x="-0.57445" y="-0.287948" z="0.76622"/>
                        <texcoord u="-20.8227" v="-80.1637"/>
                    </vertex>
                    <vertex>
                        <position x="-585.159" y="2054.52" z="274.727"/>
                        <normal x="-0.551692" y="0.297214" z="0.779295"/>
                        <texcoord u="-21.4217" v="-58.1124"/>
                    </vertex>
                    <vertex>
                        <position x="-574.359" y="2053.8" z="279.896"/>
                        <normal x="-0.534916" y="-0.047573" z="0.843565"/>
                        <texcoord u="-14.7234" v="-79.6642"/>
                    </vertex>
                    <vertex>
                        <position x="-593.358" y="2054.21" z="266.343"/>
                        <normal x="-0.774154" y="0.166244" z="0.610776"/>
                        <texcoord u="-15.0075" v="-80.0609"/>
                    </vertex>
                    <vertex>
                        <position x="-585.159" y="2054.52" z="274.727"/>
                        <normal x="-0.551692" y="0.297214" z="0.779295"/>
                        <texcoord u="-21.4217" v="-58.1124"/>
                    </vertex>
                    <vertex>
                        <position x="-585.149" y="2056.45" z="274.762"/>
                        <normal x="-0.57445" y="-0.287948" z="0.76622"/>
                        <texcoord u="-20.8227" v="-80.1637"/>
                    </vertex>
                    <vertex>
                        <position x="-593.358" y="2054.21" z="266.343"/>
                        <normal x="-0.774154" y="0.166244" z="0.610776"/>
                        <texcoord u="-15.0075" v="-80.0609"/>
                    </vertex>
                    <vertex>
                        <position x="-593.344" y="2052.78" z="267.829"/>
                        <normal x="-0.884245" y="0.331593" z="0.328872"/>
                        <texcoord u="-14.5721" v="-52.8924"/>
                    </vertex>
                    <vertex>
                        <position x="-585.159" y="2054.52" z="274.727"/>
                        <normal x="-0.551692" y="0.297214" z="0.779295"/>
                        <texcoord u="-21.4217" v="-58.1124"/>
                    </vertex>
                    <vertex>
                        <position x="-593.782" y="2035.74" z="266.231"/>
                        <normal x="-0.679102" y="-0.0440395" z="0.732722"/>
                        <texcoord u="3.08752" v="-78.5459"/>
                    </vertex>
                    <vertex>
                        <position x="-593.344" y="2052.78" z="267.829"/>
                        <normal x="-0.884245" y="0.331593" z="0.328872"/>
                        <texcoord u="-14.5721" v="-52.8924"/>
                    </vertex>
                    <vertex>
                        <position x="-593.358" y="2054.21" z="266.343"/>
                        <normal x="-0.774154" y="0.166244" z="0.610776"/>
                        <texcoord u="-15.0075" v="-80.0609"/>
                    </vertex>
                    <vertex>
                        <position x="-593.358" y="2054.21" z="266.343"/>
                        <normal x="-0.774154" y="0.166244" z="0.610776"/>
                        <texcoord u="-15.0075" v="-80.0609"/>
                    </vertex>
                    <vertex>
                        <position x="-594.992" y="2035.18" z="265.613"/>
                        <normal x="-0.439668" y="-0.0395554" z="0.897289"/>
                        <texcoord u="-20.9301" v="-79.0471"/>
                    </vertex>
                    <vertex>
                        <position x="-593.782" y="2035.74" z="266.231"/>
                        <normal x="-0.679102" y="-0.0440395" z="0.732722"/>
                        <texcoord u="3.08752" v="-78.5459"/>
                    </vertex>
                    <vertex>
                        <position x="-593.782" y="2035.74" z="266.231"/>
                        <normal x="-0.679102" y="-0.0440395" z="0.732722"/>
                        <texcoord u="3.08752" v="-78.5459"/>
                    </vertex>
                    <vertex>
                        <position x="-594.992" y="2035.18" z="265.613"/>
                        <normal x="-0.439668" y="-0.0395554" z="0.897289"/>
                        <texcoord u="-20.9301" v="-79.0471"/>
                    </vertex>
                    <vertex>
                        <position x="-591.986" y="2022.91" z="265.875"/>
                        <normal x="-0.584455" y="-0.424841" z="0.69132"/>
                        <texcoord u="-21.3643" v="-79.5606"/>
                    </vertex>
                    <vertex>
                        <position x="-593.782" y="2035.74" z="266.231"/>
                        <normal x="-0.679102" y="-0.0440395" z="0.732722"/>
                        <texcoord u="3.08752" v="-78.5459"/>
                    </vertex>
                    <vertex>
                        <position x="-591.986" y="2022.91" z="265.875"/>
                        <normal x="-0.584455" y="-0.424841" z="0.69132"/>
                        <texcoord u="-21.3643" v="-79.5606"/>
                    </vertex>
                    <vertex>
                        <position x="-590.525" y="2022.14" z="266.798"/>
                        <normal x="-0.630287" y="-0.592351" z="0.501855"/>
                        <texcoord u="-18.5319" v="-80.0079"/>
                    </vertex>
                    <vertex>
                        <position x="-590.525" y="2022.14" z="266.798"/>
                        <normal x="-0.630287" y="-0.592351" z="0.501855"/>
                        <texcoord u="-18.5319" v="-80.0079"/>
                    </vertex>
                    <vertex>
                        <position x="-591.986" y="2022.91" z="265.875"/>
                        <normal x="-0.584455" y="-0.424841" z="0.69132"/>
                        <texcoord u="-21.3643" v="-79.5606"/>
                    </vertex>
                    <vertex>
                        <position x="-590.727" y="2022.17" z="262.323"/>
                        <normal x="-0.475474" y="-0.87958" z="0.0162298"/>
                        <texcoord u="2.88157" v="-59.2734"/>
                    </vertex>
                    <vertex>
                        <position x="-573.593" y="2055.32" z="282.926"/>
                        <normal x="-0.787864" y="-0.446454" z="0.424204"/>
                        <texcoord u="-15.7588" v="-66.2234"/>
                    </vertex>
                    <vertex>
                        <position x="-585.149" y="2056.45" z="274.762"/>
                        <normal x="-0.57445" y="-0.287948" z="0.76622"/>
                        <texcoord u="-20.8227" v="-80.1637"/>
                    </vertex>
                    <vertex>
                        <position x="-574.359" y="2053.8" z="279.896"/>
                        <normal x="-0.534916" y="-0.047573" z="0.843565"/>
                        <texcoord u="-14.7234" v="-79.6642"/>
                    </vertex>
                    <vertex>
                        <position x="-574.359" y="2053.8" z="279.896"/>
                        <normal x="-0.534916" y="-0.047573" z="0.843565"/>
                        <texcoord u="-14.7234" v="-79.6642"/>
                    </vertex>
                    <vertex>
                        <position x="-573.649" y="2034.72" z="280.827"/>
                        <normal x="-0.818871" y="-0.0326748" z="0.573046"/>
                        <texcoord u="-13.8176" v="-80.5374"/>
                    </vertex>
                    <vertex>
                        <position x="-573.593" y="2055.32" z="282.926"/>
                        <normal x="-0.787864" y="-0.446454" z="0.424204"/>
                        <texcoord u="-15.7588" v="-66.2234"/>
                    </vertex>
                    <vertex>
                        <position x="-575.9" y="2052.39" z="280.272"/>
                        <normal x="0.0750244" y="0.204064" z="0.976079"/>
                        <texcoord u="-25.1107" v="-79.7985"/>
                    </vertex>
                    <vertex>
                        <position x="-577.121" y="2035.63" z="280.679"/>
                        <normal x="0.293109" y="0.00182243" z="0.956077"/>
                        <texcoord u="-25.0332" v="-79.1482"/>
                    </vertex>
                    <vertex>
                        <position x="-574.598" y="2035.33" z="279.906"/>
                        <normal x="-0.333796" y="-0.0400711" z="0.941793"/>
                        <texcoord u="-17.3472" v="-80.5833"/>
                    </vertex>
                </vertexbuffer>
            </geometry>
        </submesh>
    </submeshes>
    <submeshnames>
        <submeshname name="submesh0" index="0"/>
    </submeshnames>
</mesh>
