<mesh>
    <submeshes>
        <submesh material="FrontCol" usesharedvertices="false" use32bitindexes="false" operationtype="triangle_list">
            <faces count="6">
                <face v1="0" v2="1" v3="2"/>
                <face v1="3" v2="4" v3="5"/>
                <face v1="6" v2="7" v3="8"/>
                <face v1="9" v2="10" v3="11"/>
                <face v1="12" v2="13" v3="14"/>
                <face v1="15" v2="16" v3="17"/>
            </faces>
            <geometry vertexcount="18">
                <vertexbuffer positions="true" normals="true" texture_coord_dimensions_0="2" texture_coords="1">
                    <vertex>
                        <position x="-527.7" y="1922.12" z="230.035"/>
                        <normal x="-0.173874" y="-0.94888" z="0.26343"/>
                        <texcoord u="-16.6115" v="-53.2776"/>
                    </vertex>
                    <vertex>
                        <position x="-529.495" y="1924.9" z="234.128"/>
                        <normal x="-0.204831" y="-0.783098" z="0.587198"/>
                        <texcoord u="-16.5692" v="-53.4806"/>
                    </vertex>
                    <vertex>
                        <position x="-531.88" y="1925.92" z="234.294"/>
                        <normal x="-0.323925" y="-0.787471" z="0.524368"/>
                        <texcoord u="-16.6397" v="-53.5548"/>
                    </vertex>
                    <vertex>
                        <position x="-525.232" y="1922.58" z="231.013"/>
                        <normal x="0.0589285" y="-0.951814" z="0.300961"/>
                        <texcoord u="-22.3665" v="-44.558"/>
                    </vertex>
                    <vertex>
                        <position x="-529.495" y="1924.9" z="234.128"/>
                        <normal x="-0.204831" y="-0.783098" z="0.587198"/>
                        <texcoord u="-16.5692" v="-53.4806"/>
                    </vertex>
                    <vertex>
                        <position x="-527.7" y="1922.12" z="230.035"/>
                        <normal x="-0.173874" y="-0.94888" z="0.26343"/>
                        <texcoord u="-16.6115" v="-53.2776"/>
                    </vertex>
                    <vertex>
                        <position x="-525.232" y="1922.58" z="231.013"/>
                        <normal x="0.0589285" y="-0.951814" z="0.300961"/>
                        <texcoord u="-22.3665" v="-44.558"/>
                    </vertex>
                    <vertex>
                        <position x="-527.7" y="1922.12" z="230.035"/>
                        <normal x="-0.173874" y="-0.94888" z="0.26343"/>
                        <texcoord u="-16.6115" v="-53.2776"/>
                    </vertex>
                    <vertex>
                        <position x="-525.378" y="1922.37" z="225.376"/>
                        <normal x="0.171654" y="-0.984636" z="0.0320457"/>
                        <texcoord u="-6.4377" v="9.41237"/>
                    </vertex>
                    <vertex>
                        <position x="-531.88" y="1925.92" z="234.294"/>
                        <normal x="-0.323925" y="-0.787471" z="0.524368"/>
                        <texcoord u="-16.6397" v="-53.5548"/>
                    </vertex>
                    <vertex>
                        <position x="-529.495" y="1924.9" z="234.128"/>
                        <normal x="-0.204831" y="-0.783098" z="0.587198"/>
                        <texcoord u="-16.5692" v="-53.4806"/>
                    </vertex>
                    <vertex>
                        <position x="-527.154" y="1925.63" z="235.393"/>
                        <normal x="-0.213425" y="-0.622402" z="0.753038"/>
                        <texcoord u="-21.2462" v="-63.8256"/>
                    </vertex>
                    <vertex>
                        <position x="-527.7" y="1922.12" z="230.035"/>
                        <normal x="-0.173874" y="-0.94888" z="0.26343"/>
                        <texcoord u="-16.6115" v="-53.2776"/>
                    </vertex>
                    <vertex>
                        <position x="-531.88" y="1925.92" z="234.294"/>
                        <normal x="-0.323925" y="-0.787471" z="0.524368"/>
                        <texcoord u="-16.6397" v="-53.5548"/>
                    </vertex>
                    <vertex>
                        <position x="-529.933" y="1922.71" z="228.884"/>
                        <normal x="-0.313181" y="-0.941562" z="0.124013"/>
                        <texcoord u="-13.2699" v="-55.6921"/>
                    </vertex>
                    <vertex>
                        <position x="-526.668" y="1922.71" z="223.213"/>
                        <normal x="-0.198242" y="-0.973353" z="-0.115258"/>
                        <texcoord u="13.3837" v="-34.4818"/>
                    </vertex>
                    <vertex>
                        <position x="-527.7" y="1922.12" z="230.035"/>
                        <normal x="-0.173874" y="-0.94888" z="0.26343"/>
                        <texcoord u="-16.6115" v="-53.2776"/>
                    </vertex>
                    <vertex>
                        <position x="-529.933" y="1922.71" z="228.884"/>
                        <normal x="-0.313181" y="-0.941562" z="0.124013"/>
                        <texcoord u="-13.2699" v="-55.6921"/>
                    </vertex>
                </vertexbuffer>
            </geometry>
        </submesh>
    </submeshes>
    <submeshnames>
        <submeshname name="submesh0" index="0"/>
    </submeshnames>
</mesh>
