<mesh>
    <submeshes>
        <submesh material="FrontCol" usesharedvertices="false" use32bitindexes="false" operationtype="triangle_list">
            <faces count="18">
                <face v1="0" v2="1" v3="2"/>
                <face v1="3" v2="4" v3="5"/>
                <face v1="6" v2="7" v3="8"/>
                <face v1="9" v2="10" v3="11"/>
                <face v1="12" v2="13" v3="14"/>
                <face v1="15" v2="16" v3="17"/>
                <face v1="18" v2="19" v3="20"/>
                <face v1="21" v2="22" v3="23"/>
                <face v1="24" v2="25" v3="26"/>
                <face v1="27" v2="28" v3="29"/>
                <face v1="30" v2="31" v3="32"/>
                <face v1="33" v2="34" v3="35"/>
                <face v1="36" v2="37" v3="38"/>
                <face v1="39" v2="40" v3="41"/>
                <face v1="42" v2="43" v3="44"/>
                <face v1="45" v2="46" v3="47"/>
                <face v1="48" v2="49" v3="50"/>
                <face v1="51" v2="52" v3="53"/>
            </faces>
            <geometry vertexcount="54">
                <vertexbuffer positions="true" normals="true" texture_coord_dimensions_0="2" texture_coords="1">
                    <vertex>
                        <position x="-498.772" y="1984.74" z="171.045"/>
                        <normal x="0.512443" y="-0.804428" z="0.300496"/>
                        <texcoord u="-20.9688" v="-24.8184"/>
                    </vertex>
                    <vertex>
                        <position x="-511.153" y="1980.79" z="165.024"/>
                        <normal x="0.219854" y="-0.965241" z="0.141332"/>
                        <texcoord u="-21.3745" v="-24.4268"/>
                    </vertex>
                    <vertex>
                        <position x="-510.218" y="1980.54" z="164.151"/>
                        <normal x="0.129735" y="-0.905681" z="0.403621"/>
                        <texcoord u="-21.3298" v="-24.4015"/>
                    </vertex>
                    <vertex>
                        <position x="-498.738" y="1985.28" z="172.536"/>
                        <normal x="0.722606" y="-0.655506" z="0.219437"/>
                        <texcoord u="-20.1847" v="-19.5763"/>
                    </vertex>
                    <vertex>
                        <position x="-511.153" y="1980.79" z="165.024"/>
                        <normal x="0.219854" y="-0.965241" z="0.141332"/>
                        <texcoord u="-21.3745" v="-24.4268"/>
                    </vertex>
                    <vertex>
                        <position x="-498.772" y="1984.74" z="171.045"/>
                        <normal x="0.512443" y="-0.804428" z="0.300496"/>
                        <texcoord u="-20.9688" v="-24.8184"/>
                    </vertex>
                    <vertex>
                        <position x="-498.421" y="1988.29" z="169.479"/>
                        <normal x="0.995562" y="-0.0934427" z="0.0111559"/>
                        <texcoord u="-0.337098" v="-74.9081"/>
                    </vertex>
                    <vertex>
                        <position x="-498.738" y="1985.28" z="172.536"/>
                        <normal x="0.722606" y="-0.655506" z="0.219437"/>
                        <texcoord u="-20.1847" v="-19.5763"/>
                    </vertex>
                    <vertex>
                        <position x="-498.772" y="1984.74" z="171.045"/>
                        <normal x="0.512443" y="-0.804428" z="0.300496"/>
                        <texcoord u="-20.9688" v="-24.8184"/>
                    </vertex>
                    <vertex>
                        <position x="-510.218" y="1980.54" z="164.151"/>
                        <normal x="0.129735" y="-0.905681" z="0.403621"/>
                        <texcoord u="-21.3298" v="-24.4015"/>
                    </vertex>
                    <vertex>
                        <position x="-511.153" y="1980.79" z="165.024"/>
                        <normal x="0.219854" y="-0.965241" z="0.141332"/>
                        <texcoord u="-21.3745" v="-24.4268"/>
                    </vertex>
                    <vertex>
                        <position x="-523.815" y="1976.95" z="161.485"/>
                        <normal x="0.164596" y="-0.971169" z="-0.172452"/>
                        <texcoord u="-21.3001" v="-27.0386"/>
                    </vertex>
                    <vertex>
                        <position x="-511.153" y="1980.79" z="165.024"/>
                        <normal x="0.219854" y="-0.965241" z="0.141332"/>
                        <texcoord u="-21.3745" v="-24.4268"/>
                    </vertex>
                    <vertex>
                        <position x="-522.824" y="1976.19" z="162.869"/>
                        <normal x="0.0759267" y="-0.8499" z="-0.521445"/>
                        <texcoord u="19.563" v="-49.3083"/>
                    </vertex>
                    <vertex>
                        <position x="-523.815" y="1976.95" z="161.485"/>
                        <normal x="0.164596" y="-0.971169" z="-0.172452"/>
                        <texcoord u="-21.3001" v="-27.0386"/>
                    </vertex>
                    <vertex>
                        <position x="-522.824" y="1976.19" z="162.869"/>
                        <normal x="0.0759267" y="-0.8499" z="-0.521445"/>
                        <texcoord u="19.563" v="-49.3083"/>
                    </vertex>
                    <vertex>
                        <position x="-528.537" y="1974.93" z="170.524"/>
                        <normal x="-0.125547" y="-0.982494" z="0.137636"/>
                        <texcoord u="18.5861" v="-42.9234"/>
                    </vertex>
                    <vertex>
                        <position x="-523.815" y="1976.95" z="161.485"/>
                        <normal x="0.164596" y="-0.971169" z="-0.172452"/>
                        <texcoord u="-21.3001" v="-27.0386"/>
                    </vertex>
                    <vertex>
                        <position x="-523.815" y="1976.95" z="161.485"/>
                        <normal x="0.164596" y="-0.971169" z="-0.172452"/>
                        <texcoord u="-21.3001" v="-27.0386"/>
                    </vertex>
                    <vertex>
                        <position x="-528.537" y="1974.93" z="170.524"/>
                        <normal x="-0.125547" y="-0.982494" z="0.137636"/>
                        <texcoord u="18.5861" v="-42.9234"/>
                    </vertex>
                    <vertex>
                        <position x="-530.056" y="1974.51" z="169.955"/>
                        <normal x="0.164823" y="-0.951264" z="0.260636"/>
                        <texcoord u="4.83712" v="-0.435493"/>
                    </vertex>
                    <vertex>
                        <position x="-528.537" y="1974.93" z="170.524"/>
                        <normal x="-0.125547" y="-0.982494" z="0.137636"/>
                        <texcoord u="18.5861" v="-42.9234"/>
                    </vertex>
                    <vertex>
                        <position x="-531.622" y="1980.44" z="178.938"/>
                        <normal x="-0.00892333" y="-0.915146" z="0.403024"/>
                        <texcoord u="-23.0209" v="-41.7976"/>
                    </vertex>
                    <vertex>
                        <position x="-530.056" y="1974.51" z="169.955"/>
                        <normal x="0.164823" y="-0.951264" z="0.260636"/>
                        <texcoord u="4.83712" v="-0.435493"/>
                    </vertex>
                    <vertex>
                        <position x="-528.537" y="1974.93" z="170.524"/>
                        <normal x="-0.125547" y="-0.982494" z="0.137636"/>
                        <texcoord u="18.5861" v="-42.9234"/>
                    </vertex>
                    <vertex>
                        <position x="-530.022" y="1979.41" z="178.964"/>
                        <normal x="-0.376987" y="-0.548826" z="0.746104"/>
                        <texcoord u="-11.9477" v="-62.1879"/>
                    </vertex>
                    <vertex>
                        <position x="-531.622" y="1980.44" z="178.938"/>
                        <normal x="-0.00892333" y="-0.915146" z="0.403024"/>
                        <texcoord u="-23.0209" v="-41.7976"/>
                    </vertex>
                    <vertex>
                        <position x="-519.794" y="1984.66" z="184.345"/>
                        <normal x="0.0108421" y="-0.779458" z="0.626361"/>
                        <texcoord u="-21.4078" v="-73.7699"/>
                    </vertex>
                    <vertex>
                        <position x="-531.622" y="1980.44" z="178.938"/>
                        <normal x="-0.00892333" y="-0.915146" z="0.403024"/>
                        <texcoord u="-23.0209" v="-41.7976"/>
                    </vertex>
                    <vertex>
                        <position x="-530.022" y="1979.41" z="178.964"/>
                        <normal x="-0.376987" y="-0.548826" z="0.746104"/>
                        <texcoord u="-11.9477" v="-62.1879"/>
                    </vertex>
                    <vertex>
                        <position x="-519.794" y="1984.66" z="184.345"/>
                        <normal x="0.0108421" y="-0.779458" z="0.626361"/>
                        <texcoord u="-21.4078" v="-73.7699"/>
                    </vertex>
                    <vertex>
                        <position x="-519.819" y="1984.83" z="185.617"/>
                        <normal x="0.317415" y="-0.94807" z="0.0202988"/>
                        <texcoord u="-10.5227" v="-4.12319"/>
                    </vertex>
                    <vertex>
                        <position x="-531.622" y="1980.44" z="178.938"/>
                        <normal x="-0.00892333" y="-0.915146" z="0.403024"/>
                        <texcoord u="-23.0209" v="-41.7976"/>
                    </vertex>
                    <vertex>
                        <position x="-506.335" y="1988.13" z="187.953"/>
                        <normal x="0.444915" y="-0.779604" z="0.440759"/>
                        <texcoord u="-12.5463" v="-1.2431"/>
                    </vertex>
                    <vertex>
                        <position x="-519.819" y="1984.83" z="185.617"/>
                        <normal x="0.317415" y="-0.94807" z="0.0202988"/>
                        <texcoord u="-10.5227" v="-4.12319"/>
                    </vertex>
                    <vertex>
                        <position x="-519.794" y="1984.66" z="184.345"/>
                        <normal x="0.0108421" y="-0.779458" z="0.626361"/>
                        <texcoord u="-21.4078" v="-73.7699"/>
                    </vertex>
                    <vertex>
                        <position x="-505.153" y="1988.15" z="186.878"/>
                        <normal x="0.202233" y="-0.458603" z="0.865324"/>
                        <texcoord u="-16.0604" v="-6.16019"/>
                    </vertex>
                    <vertex>
                        <position x="-506.335" y="1988.13" z="187.953"/>
                        <normal x="0.444915" y="-0.779604" z="0.440759"/>
                        <texcoord u="-12.5463" v="-1.2431"/>
                    </vertex>
                    <vertex>
                        <position x="-519.794" y="1984.66" z="184.345"/>
                        <normal x="0.0108421" y="-0.779458" z="0.626361"/>
                        <texcoord u="-21.4078" v="-73.7699"/>
                    </vertex>
                    <vertex>
                        <position x="-506.783" y="1992.03" z="188.173"/>
                        <normal x="0.672065" y="0.0353304" z="0.739649"/>
                        <texcoord u="-16.8722" v="-77.8795"/>
                    </vertex>
                    <vertex>
                        <position x="-506.335" y="1988.13" z="187.953"/>
                        <normal x="0.444915" y="-0.779604" z="0.440759"/>
                        <texcoord u="-12.5463" v="-1.2431"/>
                    </vertex>
                    <vertex>
                        <position x="-505.153" y="1988.15" z="186.878"/>
                        <normal x="0.202233" y="-0.458603" z="0.865324"/>
                        <texcoord u="-16.0604" v="-6.16019"/>
                    </vertex>
                    <vertex>
                        <position x="-505.153" y="1988.15" z="186.878"/>
                        <normal x="0.202233" y="-0.458603" z="0.865324"/>
                        <texcoord u="-16.0604" v="-6.16019"/>
                    </vertex>
                    <vertex>
                        <position x="-519.794" y="1984.66" z="184.345"/>
                        <normal x="0.0108421" y="-0.779458" z="0.626361"/>
                        <texcoord u="-21.4078" v="-73.7699"/>
                    </vertex>
                    <vertex>
                        <position x="-519.076" y="1982.31" z="183.606"/>
                        <normal x="-0.162348" y="-0.315744" z="0.934852"/>
                        <texcoord u="-22.3745" v="-73.7379"/>
                    </vertex>
                    <vertex>
                        <position x="-519.794" y="1984.66" z="184.345"/>
                        <normal x="0.0108421" y="-0.779458" z="0.626361"/>
                        <texcoord u="-21.4078" v="-73.7699"/>
                    </vertex>
                    <vertex>
                        <position x="-530.022" y="1979.41" z="178.964"/>
                        <normal x="-0.376987" y="-0.548826" z="0.746104"/>
                        <texcoord u="-11.9477" v="-62.1879"/>
                    </vertex>
                    <vertex>
                        <position x="-519.076" y="1982.31" z="183.606"/>
                        <normal x="-0.162348" y="-0.315744" z="0.934852"/>
                        <texcoord u="-22.3745" v="-73.7379"/>
                    </vertex>
                    <vertex>
                        <position x="-505.153" y="1988.15" z="186.878"/>
                        <normal x="0.202233" y="-0.458603" z="0.865324"/>
                        <texcoord u="-16.0604" v="-6.16019"/>
                    </vertex>
                    <vertex>
                        <position x="-519.076" y="1982.31" z="183.606"/>
                        <normal x="-0.162348" y="-0.315744" z="0.934852"/>
                        <texcoord u="-22.3745" v="-73.7379"/>
                    </vertex>
                    <vertex>
                        <position x="-506.196" y="1985.99" z="186.175"/>
                        <normal x="-0.118562" y="-0.254852" z="0.959684"/>
                        <texcoord u="-21.7616" v="-75.4852"/>
                    </vertex>
                    <vertex>
                        <position x="-519.819" y="1984.83" z="185.617"/>
                        <normal x="0.317415" y="-0.94807" z="0.0202988"/>
                        <texcoord u="-10.5227" v="-4.12319"/>
                    </vertex>
                    <vertex>
                        <position x="-535.043" y="1978.36" z="180.311"/>
                        <normal x="0.443584" y="-0.870973" z="-0.211281"/>
                        <texcoord u="9.48697" v="-18.8649"/>
                    </vertex>
                    <vertex>
                        <position x="-531.622" y="1980.44" z="178.938"/>
                        <normal x="-0.00892333" y="-0.915146" z="0.403024"/>
                        <texcoord u="-23.0209" v="-41.7976"/>
                    </vertex>
                </vertexbuffer>
            </geometry>
        </submesh>
    </submeshes>
    <submeshnames>
        <submeshname name="submesh0" index="0"/>
    </submeshnames>
</mesh>
