<mesh>
    <submeshes>
        <submesh material="FrontCol" usesharedvertices="false" use32bitindexes="false" operationtype="triangle_list">
            <faces count="1">
                <face v1="0" v2="1" v3="2"/>
            </faces>
            <geometry vertexcount="3">
                <vertexbuffer positions="true" normals="true" texture_coord_dimensions_0="2" texture_coords="1">
                    <vertex>
                        <position x="166.792" y="3976.38" z="357.897"/>
                        <normal x="0.205413" y="-0.74526" z="0.634345"/>
                        <texcoord u="1.94399" v="-109.732"/>
                    </vertex>
                    <vertex>
                        <position x="158.54" y="3980.62" z="365.554"/>
                        <normal x="0.205413" y="-0.74526" z="0.634345"/>
                        <texcoord u="1.54207" v="-109.983"/>
                    </vertex>
                    <vertex>
                        <position x="155.999" y="3979.25" z="364.764"/>
                        <normal x="0.205413" y="-0.74526" z="0.634345"/>
                        <texcoord u="1.45645" v="-109.902"/>
                    </vertex>
                </vertexbuffer>
            </geometry>
        </submesh>
    </submeshes>
    <submeshnames>
        <submeshname name="submesh0" index="0"/>
    </submeshnames>
</mesh>
