<mesh>
    <submeshes>
        <submesh material="FrontCol" usesharedvertices="false" use32bitindexes="false" operationtype="triangle_list">
            <faces count="6">
                <face v1="0" v2="1" v3="2"/>
                <face v1="3" v2="4" v3="5"/>
                <face v1="6" v2="7" v3="8"/>
                <face v1="9" v2="10" v3="11"/>
                <face v1="12" v2="13" v3="14"/>
                <face v1="15" v2="16" v3="17"/>
            </faces>
            <geometry vertexcount="18">
                <vertexbuffer positions="true" normals="true" texture_coord_dimensions_0="2" texture_coords="1">
                    <vertex>
                        <position x="364.548" y="2662.78" z="325.516"/>
                        <normal x="-0.339695" y="0.879131" z="0.334269"/>
                        <texcoord u="10.5911" v="-69.15"/>
                    </vertex>
                    <vertex>
                        <position x="358.651" y="2659.91" z="321.457"/>
                        <normal x="-0.552864" y="0.798234" z="0.239091"/>
                        <texcoord u="10.3523" v="-68.9625"/>
                    </vertex>
                    <vertex>
                        <position x="363.999" y="2661.78" z="327.597"/>
                        <normal x="-0.316253" y="0.793681" z="0.519668"/>
                        <texcoord u="10.6577" v="-69.0844"/>
                    </vertex>
                    <vertex>
                        <position x="372.144" y="2663.21" z="326.537"/>
                        <normal x="-0.0221543" y="0.819092" z="0.573234"/>
                        <texcoord u="13.7323" v="-40.6358"/>
                    </vertex>
                    <vertex>
                        <position x="364.548" y="2662.78" z="325.516"/>
                        <normal x="-0.339695" y="0.879131" z="0.334269"/>
                        <texcoord u="10.5911" v="-69.15"/>
                    </vertex>
                    <vertex>
                        <position x="363.999" y="2661.78" z="327.597"/>
                        <normal x="-0.316253" y="0.793681" z="0.519668"/>
                        <texcoord u="10.6577" v="-69.0844"/>
                    </vertex>
                    <vertex>
                        <position x="372.144" y="2663.21" z="326.537"/>
                        <normal x="-0.0221543" y="0.819092" z="0.573234"/>
                        <texcoord u="13.7323" v="-40.6358"/>
                    </vertex>
                    <vertex>
                        <position x="363.999" y="2661.78" z="327.597"/>
                        <normal x="-0.316253" y="0.793681" z="0.519668"/>
                        <texcoord u="10.6577" v="-69.0844"/>
                    </vertex>
                    <vertex>
                        <position x="370.203" y="2662.16" z="327.833"/>
                        <normal x="-0.00970448" y="0.734461" z="0.678582"/>
                        <texcoord u="13.1885" v="-54.3096"/>
                    </vertex>
                    <vertex>
                        <position x="370.203" y="2662.16" z="327.833"/>
                        <normal x="-0.00970448" y="0.734461" z="0.678582"/>
                        <texcoord u="13.1885" v="-54.3096"/>
                    </vertex>
                    <vertex>
                        <position x="363.999" y="2661.78" z="327.597"/>
                        <normal x="-0.316253" y="0.793681" z="0.519668"/>
                        <texcoord u="10.6577" v="-69.0844"/>
                    </vertex>
                    <vertex>
                        <position x="363.801" y="2659.96" z="329.246"/>
                        <normal x="-0.40189" y="0.638504" z="0.656351"/>
                        <texcoord u="12.7768" v="-72.8612"/>
                    </vertex>
                    <vertex>
                        <position x="359.546" y="2659.55" z="323.821"/>
                        <normal x="-0.686997" y="0.527623" z="0.499648"/>
                        <texcoord u="12.0864" v="-91.1817"/>
                    </vertex>
                    <vertex>
                        <position x="363.801" y="2659.96" z="329.246"/>
                        <normal x="-0.40189" y="0.638504" z="0.656351"/>
                        <texcoord u="12.7768" v="-72.8612"/>
                    </vertex>
                    <vertex>
                        <position x="363.999" y="2661.78" z="327.597"/>
                        <normal x="-0.316253" y="0.793681" z="0.519668"/>
                        <texcoord u="10.6577" v="-69.0844"/>
                    </vertex>
                    <vertex>
                        <position x="372.144" y="2663.21" z="326.537"/>
                        <normal x="-0.0221543" y="0.819092" z="0.573234"/>
                        <texcoord u="13.7323" v="-40.6358"/>
                    </vertex>
                    <vertex>
                        <position x="370.203" y="2662.16" z="327.833"/>
                        <normal x="-0.00970448" y="0.734461" z="0.678582"/>
                        <texcoord u="13.1885" v="-54.3096"/>
                    </vertex>
                    <vertex>
                        <position x="370.456" y="2660.31" z="329.545"/>
                        <normal x="0.112401" y="0.683481" z="0.721262"/>
                        <texcoord u="11.3609" v="-69.8174"/>
                    </vertex>
                </vertexbuffer>
            </geometry>
        </submesh>
    </submeshes>
    <submeshnames>
        <submeshname name="submesh0" index="0"/>
    </submeshnames>
</mesh>
