<mesh>
    <submeshes>
        <submesh material="FrontCol" usesharedvertices="false" use32bitindexes="false" operationtype="triangle_list">
            <faces count="6">
                <face v1="0" v2="1" v3="2"/>
                <face v1="3" v2="4" v3="5"/>
                <face v1="6" v2="7" v3="8"/>
                <face v1="9" v2="10" v3="11"/>
                <face v1="12" v2="13" v3="14"/>
                <face v1="15" v2="16" v3="17"/>
            </faces>
            <geometry vertexcount="18">
                <vertexbuffer positions="true" normals="true" texture_coord_dimensions_0="2" texture_coords="1">
                    <vertex>
                        <position x="-577.929" y="2023.86" z="277.702"/>
                        <normal x="-0.238329" y="-0.285052" z="0.92841"/>
                        <texcoord u="-22.4204" v="-78.6648"/>
                    </vertex>
                    <vertex>
                        <position x="-585.397" y="2020.03" z="274.179"/>
                        <normal x="-0.502178" y="-0.324199" z="0.801693"/>
                        <texcoord u="-22.7424" v="-78.5075"/>
                    </vertex>
                    <vertex>
                        <position x="-579.245" y="2021.67" z="276.608"/>
                        <normal x="-0.183817" y="-0.399508" z="0.898112"/>
                        <texcoord u="-22.4827" v="-78.5747"/>
                    </vertex>
                    <vertex>
                        <position x="-577.929" y="2023.86" z="277.702"/>
                        <normal x="-0.238329" y="-0.285052" z="0.92841"/>
                        <texcoord u="-22.4204" v="-78.6648"/>
                    </vertex>
                    <vertex>
                        <position x="-585.592" y="2022.6" z="274.485"/>
                        <normal x="-0.578448" y="-0.13938" z="0.803723"/>
                        <texcoord u="-21.8286" v="-79.6851"/>
                    </vertex>
                    <vertex>
                        <position x="-585.397" y="2020.03" z="274.179"/>
                        <normal x="-0.502178" y="-0.324199" z="0.801693"/>
                        <texcoord u="-22.7424" v="-78.5075"/>
                    </vertex>
                    <vertex>
                        <position x="-590.956" y="2024.13" z="268.435"/>
                        <normal x="-0.7581" y="-0.133314" z="0.638366"/>
                        <texcoord u="-13.2808" v="-80.9073"/>
                    </vertex>
                    <vertex>
                        <position x="-585.397" y="2020.03" z="274.179"/>
                        <normal x="-0.502178" y="-0.324199" z="0.801693"/>
                        <texcoord u="-22.7424" v="-78.5075"/>
                    </vertex>
                    <vertex>
                        <position x="-585.592" y="2022.6" z="274.485"/>
                        <normal x="-0.578448" y="-0.13938" z="0.803723"/>
                        <texcoord u="-21.8286" v="-79.6851"/>
                    </vertex>
                    <vertex>
                        <position x="-579.245" y="2021.67" z="276.608"/>
                        <normal x="-0.183817" y="-0.399508" z="0.898112"/>
                        <texcoord u="-22.4827" v="-78.5747"/>
                    </vertex>
                    <vertex>
                        <position x="-585.397" y="2020.03" z="274.179"/>
                        <normal x="-0.502178" y="-0.324199" z="0.801693"/>
                        <texcoord u="-22.7424" v="-78.5075"/>
                    </vertex>
                    <vertex>
                        <position x="-584.565" y="2017.73" z="273.074"/>
                        <normal x="-0.507879" y="-0.515429" z="0.690211"/>
                        <texcoord u="-23.4051" v="-73.365"/>
                    </vertex>
                    <vertex>
                        <position x="-589.535" y="2021.88" z="269.289"/>
                        <normal x="-0.749136" y="-0.486917" z="0.449118"/>
                        <texcoord u="-9.55855" v="-80.101"/>
                    </vertex>
                    <vertex>
                        <position x="-584.565" y="2017.73" z="273.074"/>
                        <normal x="-0.507879" y="-0.515429" z="0.690211"/>
                        <texcoord u="-23.4051" v="-73.365"/>
                    </vertex>
                    <vertex>
                        <position x="-585.397" y="2020.03" z="274.179"/>
                        <normal x="-0.502178" y="-0.324199" z="0.801693"/>
                        <texcoord u="-22.7424" v="-78.5075"/>
                    </vertex>
                    <vertex>
                        <position x="-577.929" y="2023.86" z="277.702"/>
                        <normal x="-0.238329" y="-0.285052" z="0.92841"/>
                        <texcoord u="-22.4204" v="-78.6648"/>
                    </vertex>
                    <vertex>
                        <position x="-579.245" y="2021.67" z="276.608"/>
                        <normal x="-0.183817" y="-0.399508" z="0.898112"/>
                        <texcoord u="-22.4827" v="-78.5747"/>
                    </vertex>
                    <vertex>
                        <position x="-577.934" y="2019.42" z="275.648"/>
                        <normal x="-0.054261" y="-0.419548" z="0.90611"/>
                        <texcoord u="-24.5443" v="-73.5823"/>
                    </vertex>
                </vertexbuffer>
            </geometry>
        </submesh>
    </submeshes>
    <submeshnames>
        <submeshname name="submesh0" index="0"/>
    </submeshnames>
</mesh>
