<mesh>
    <submeshes>
        <submesh material="03___Def" usesharedvertices="false" use32bitindexes="false" operationtype="triangle_list">
            <faces count="1">
                <face v1="0" v2="1" v3="2"/>
            </faces>
            <geometry vertexcount="3">
                <vertexbuffer positions="true" normals="true" texture_coord_dimensions_0="2" texture_coords="1">
                    <vertex>
                        <position x="-577.121" y="2035.63" z="280.679"/>
                        <normal x="0.257073" y="-0.248661" z="0.933853"/>
                        <texcoord u="0.84276" v="0.816606"/>
                    </vertex>
                    <vertex>
                        <position x="-576.437" y="2021.84" z="276.82"/>
                        <normal x="0.257073" y="-0.248661" z="0.933853"/>
                        <texcoord u="0.836249" v="0.816196"/>
                    </vertex>
                    <vertex>
                        <position x="-574.598" y="2035.33" z="279.906"/>
                        <normal x="0.257073" y="-0.248661" z="0.933853"/>
                        <texcoord u="0.842534" v="0.815618"/>
                    </vertex>
                </vertexbuffer>
            </geometry>
        </submesh>
    </submeshes>
    <submeshnames>
        <submeshname name="submesh0" index="0"/>
    </submeshnames>
</mesh>
