<mesh>
    <submeshes>
        <submesh material="FrontCol" usesharedvertices="false" use32bitindexes="false" operationtype="triangle_list">
            <faces count="1">
                <face v1="0" v2="1" v3="2"/>
            </faces>
            <geometry vertexcount="3">
                <vertexbuffer positions="true" normals="true" texture_coord_dimensions_0="2" texture_coords="1">
                    <vertex>
                        <position x="364.907" y="2454.53" z="378.806"/>
                        <normal x="0.414584" y="-0.883449" z="0.218264"/>
                        <texcoord u="-1.65698" v="-57.3023"/>
                    </vertex>
                    <vertex>
                        <position x="351.302" y="2447.48" z="376.117"/>
                        <normal x="0.414584" y="-0.883449" z="0.218264"/>
                        <texcoord u="-1.81284" v="-56.71"/>
                    </vertex>
                    <vertex>
                        <position x="350.093" y="2446.4" z="374.035"/>
                        <normal x="0.414584" y="-0.883449" z="0.218264"/>
                        <texcoord u="-1.76247" v="-56.6191"/>
                    </vertex>
                </vertexbuffer>
            </geometry>
        </submesh>
    </submeshes>
    <submeshnames>
        <submeshname name="submesh0" index="0"/>
    </submeshnames>
</mesh>
