<mesh>
    <submeshes>
        <submesh material="FrontCol" usesharedvertices="false" use32bitindexes="false" operationtype="triangle_list">
            <faces count="1">
                <face v1="0" v2="1" v3="2"/>
            </faces>
            <geometry vertexcount="3">
                <vertexbuffer positions="true" normals="true" texture_coord_dimensions_0="2" texture_coords="1">
                    <vertex>
                        <position x="-23.8923" y="4216.9" z="132.345"/>
                        <normal x="-0.0271616" y="0.963518" z="0.266263"/>
                        <texcoord u="-3.15482" v="-44.4484"/>
                    </vertex>
                    <vertex>
                        <position x="-49.6522" y="4210.88" z="151.511"/>
                        <normal x="-0.0271616" y="0.963518" z="0.266263"/>
                        <texcoord u="-4.08711" v="-43.5624"/>
                    </vertex>
                    <vertex>
                        <position x="-32.4713" y="4210.88" z="153.257"/>
                        <normal x="-0.0271616" y="0.963518" z="0.266263"/>
                        <texcoord u="-3.40722" v="-43.5628"/>
                    </vertex>
                </vertexbuffer>
            </geometry>
        </submesh>
    </submeshes>
    <submeshnames>
        <submeshname name="submesh0" index="0"/>
    </submeshnames>
</mesh>
