<mesh>
    <submeshes>
        <submesh material="FrontCol" usesharedvertices="false" use32bitindexes="false" operationtype="triangle_list">
            <faces count="10">
                <face v1="0" v2="1" v3="2"/>
                <face v1="3" v2="4" v3="5"/>
                <face v1="6" v2="7" v3="8"/>
                <face v1="9" v2="10" v3="11"/>
                <face v1="12" v2="13" v3="14"/>
                <face v1="15" v2="16" v3="17"/>
                <face v1="18" v2="19" v3="20"/>
                <face v1="21" v2="22" v3="23"/>
                <face v1="24" v2="25" v3="26"/>
                <face v1="27" v2="28" v3="29"/>
            </faces>
            <geometry vertexcount="30">
                <vertexbuffer positions="true" normals="true" texture_coord_dimensions_0="2" texture_coords="1">
                    <vertex>
                        <position x="339.487" y="2454.91" z="374.414"/>
                        <normal x="-0.887982" y="-0.0754269" z="0.453651"/>
                        <texcoord u="11.9446" v="-84.3755"/>
                    </vertex>
                    <vertex>
                        <position x="342.259" y="2449.26" z="374.494"/>
                        <normal x="-0.66233" y="-0.644357" z="0.382262"/>
                        <texcoord u="11.9905" v="-84.1321"/>
                    </vertex>
                    <vertex>
                        <position x="340.361" y="2454.57" z="376.068"/>
                        <normal x="-0.858091" y="-0.19774" z="0.473898"/>
                        <texcoord u="12.018" v="-84.3609"/>
                    </vertex>
                    <vertex>
                        <position x="339.487" y="2454.91" z="374.414"/>
                        <normal x="0.0241905" y="-0.00118464" z="-0.999707"/>
                        <texcoord u="11.9446" v="-84.3755"/>
                    </vertex>
                    <vertex>
                        <position x="344.008" y="2450.66" z="374.528"/>
                        <normal x="-0.11553" y="0.173386" z="-0.978054"/>
                        <texcoord u="-11.6316" v="-95.4563"/>
                    </vertex>
                    <vertex>
                        <position x="342.259" y="2449.26" z="374.494"/>
                        <normal x="-0.117752" y="0.171586" z="-0.978107"/>
                        <texcoord u="11.9905" v="-84.1321"/>
                    </vertex>
                    <vertex>
                        <position x="340.369" y="2457.62" z="374.439"/>
                        <normal x="0.0261371" y="0.000886586" z="-0.999658"/>
                        <texcoord u="-11.5189" v="-95.7634"/>
                    </vertex>
                    <vertex>
                        <position x="344.008" y="2450.66" z="374.528"/>
                        <normal x="-0.11553" y="0.173386" z="-0.978054"/>
                        <texcoord u="-11.6316" v="-95.4563"/>
                    </vertex>
                    <vertex>
                        <position x="339.487" y="2454.91" z="374.414"/>
                        <normal x="0.0241905" y="-0.00118464" z="-0.999707"/>
                        <texcoord u="11.9446" v="-84.3755"/>
                    </vertex>
                    <vertex>
                        <position x="339.487" y="2454.91" z="374.414"/>
                        <normal x="-0.887982" y="-0.0754269" z="0.453651"/>
                        <texcoord u="11.9446" v="-84.3755"/>
                    </vertex>
                    <vertex>
                        <position x="340.361" y="2454.57" z="376.068"/>
                        <normal x="-0.858091" y="-0.19774" z="0.473898"/>
                        <texcoord u="12.018" v="-84.3609"/>
                    </vertex>
                    <vertex>
                        <position x="340.369" y="2457.62" z="374.439"/>
                        <normal x="-0.828963" y="0.265265" z="0.492398"/>
                        <texcoord u="-11.5189" v="-95.7634"/>
                    </vertex>
                    <vertex>
                        <position x="344.008" y="2450.66" z="374.528"/>
                        <normal x="-0.11553" y="0.173386" z="-0.978054"/>
                        <texcoord u="-11.6316" v="-95.4563"/>
                    </vertex>
                    <vertex>
                        <position x="346.88" y="2445.84" z="371.939"/>
                        <normal x="-0.24942" y="0.339207" z="-0.907044"/>
                        <texcoord u="-8.9867" v="-93.3049"/>
                    </vertex>
                    <vertex>
                        <position x="342.259" y="2449.26" z="374.494"/>
                        <normal x="-0.117752" y="0.171586" z="-0.978107"/>
                        <texcoord u="11.9905" v="-84.1321"/>
                    </vertex>
                    <vertex>
                        <position x="344.008" y="2450.66" z="374.528"/>
                        <normal x="-0.11553" y="0.173386" z="-0.978054"/>
                        <texcoord u="-11.6316" v="-95.4563"/>
                    </vertex>
                    <vertex>
                        <position x="349.65" y="2446.24" z="371.332"/>
                        <normal x="-0.247052" y="0.340674" z="-0.907142"/>
                        <texcoord u="-9.1517" v="-93.2357"/>
                    </vertex>
                    <vertex>
                        <position x="346.88" y="2445.84" z="371.939"/>
                        <normal x="-0.24942" y="0.339207" z="-0.907044"/>
                        <texcoord u="-8.9867" v="-93.3049"/>
                    </vertex>
                    <vertex>
                        <position x="349.65" y="2446.24" z="371.332"/>
                        <normal x="0.169161" y="-0.975509" z="0.140593"/>
                        <texcoord u="-9.1517" v="-93.2357"/>
                    </vertex>
                    <vertex>
                        <position x="347.215" y="2446.17" z="373.775"/>
                        <normal x="-0.271408" y="-0.924725" z="0.266873"/>
                        <texcoord u="1.14253" v="-33.9417"/>
                    </vertex>
                    <vertex>
                        <position x="346.88" y="2445.84" z="371.939"/>
                        <normal x="-0.170326" y="-0.964769" z="0.200526"/>
                        <texcoord u="-8.9867" v="-93.3049"/>
                    </vertex>
                    <vertex>
                        <position x="347.215" y="2446.17" z="373.775"/>
                        <normal x="-0.271408" y="-0.924725" z="0.266873"/>
                        <texcoord u="1.14253" v="-33.9417"/>
                    </vertex>
                    <vertex>
                        <position x="342.259" y="2449.26" z="374.494"/>
                        <normal x="-0.66233" y="-0.644357" z="0.382262"/>
                        <texcoord u="11.9905" v="-84.1321"/>
                    </vertex>
                    <vertex>
                        <position x="346.88" y="2445.84" z="371.939"/>
                        <normal x="-0.170326" y="-0.964769" z="0.200526"/>
                        <texcoord u="-8.9867" v="-93.3049"/>
                    </vertex>
                    <vertex>
                        <position x="347.215" y="2446.17" z="373.775"/>
                        <normal x="-0.271408" y="-0.924725" z="0.266873"/>
                        <texcoord u="1.14253" v="-33.9417"/>
                    </vertex>
                    <vertex>
                        <position x="343.317" y="2449.57" z="376.404"/>
                        <normal x="-0.627716" y="-0.634863" z="0.450468"/>
                        <texcoord u="13.6691" v="-53.0067"/>
                    </vertex>
                    <vertex>
                        <position x="342.259" y="2449.26" z="374.494"/>
                        <normal x="-0.66233" y="-0.644357" z="0.382262"/>
                        <texcoord u="11.9905" v="-84.1321"/>
                    </vertex>
                    <vertex>
                        <position x="342.259" y="2449.26" z="374.494"/>
                        <normal x="-0.66233" y="-0.644357" z="0.382262"/>
                        <texcoord u="11.9905" v="-84.1321"/>
                    </vertex>
                    <vertex>
                        <position x="343.317" y="2449.57" z="376.404"/>
                        <normal x="-0.627716" y="-0.634863" z="0.450468"/>
                        <texcoord u="13.6691" v="-53.0067"/>
                    </vertex>
                    <vertex>
                        <position x="340.361" y="2454.57" z="376.068"/>
                        <normal x="-0.858091" y="-0.19774" z="0.473898"/>
                        <texcoord u="12.018" v="-84.3609"/>
                    </vertex>
                </vertexbuffer>
            </geometry>
        </submesh>
    </submeshes>
    <submeshnames>
        <submeshname name="submesh0" index="0"/>
    </submeshnames>
</mesh>
