<mesh>
    <submeshes>
        <submesh material="FrontCol" usesharedvertices="false" use32bitindexes="false" operationtype="triangle_list">
            <faces count="6">
                <face v1="0" v2="1" v3="2"/>
                <face v1="3" v2="4" v3="5"/>
                <face v1="6" v2="7" v3="8"/>
                <face v1="9" v2="10" v3="11"/>
                <face v1="12" v2="13" v3="14"/>
                <face v1="15" v2="16" v3="17"/>
            </faces>
            <geometry vertexcount="18">
                <vertexbuffer positions="true" normals="true" texture_coord_dimensions_0="2" texture_coords="1">
                    <vertex>
                        <position x="343.219" y="2457.39" z="378.823"/>
                        <normal x="-0.297186" y="-0.160681" z="0.941202"/>
                        <texcoord u="13.4016" v="-95.2151"/>
                    </vertex>
                    <vertex>
                        <position x="345.095" y="2450.48" z="378.236"/>
                        <normal x="-0.24647" y="-0.507829" z="0.825447"/>
                        <texcoord u="13.465" v="-94.9394"/>
                    </vertex>
                    <vertex>
                        <position x="347.12" y="2451.86" z="379.111"/>
                        <normal x="-0.144888" y="-0.369374" z="0.917916"/>
                        <texcoord u="13.5514" v="-94.9945"/>
                    </vertex>
                    <vertex>
                        <position x="347.12" y="2451.86" z="379.111"/>
                        <normal x="-0.144888" y="-0.369374" z="0.917916"/>
                        <texcoord u="13.5514" v="-94.9945"/>
                    </vertex>
                    <vertex>
                        <position x="345.095" y="2450.48" z="378.236"/>
                        <normal x="-0.24647" y="-0.507829" z="0.825447"/>
                        <texcoord u="13.465" v="-94.9394"/>
                    </vertex>
                    <vertex>
                        <position x="351.302" y="2447.48" z="376.117"/>
                        <normal x="-0.000496457" y="-0.704831" z="0.709375"/>
                        <texcoord u="11.5679" v="-83.9545"/>
                    </vertex>
                    <vertex>
                        <position x="345.095" y="2450.48" z="378.236"/>
                        <normal x="-0.24647" y="-0.507829" z="0.825447"/>
                        <texcoord u="13.465" v="-94.9394"/>
                    </vertex>
                    <vertex>
                        <position x="348.705" y="2447.28" z="375.833"/>
                        <normal x="-0.0921076" y="-0.768487" z="0.633202"/>
                        <texcoord u="12.0096" v="-78.9217"/>
                    </vertex>
                    <vertex>
                        <position x="351.302" y="2447.48" z="376.117"/>
                        <normal x="-0.000496457" y="-0.704831" z="0.709375"/>
                        <texcoord u="11.5679" v="-83.9545"/>
                    </vertex>
                    <vertex>
                        <position x="348.705" y="2447.28" z="375.833"/>
                        <normal x="-0.0921076" y="-0.768487" z="0.633202"/>
                        <texcoord u="12.0096" v="-78.9217"/>
                    </vertex>
                    <vertex>
                        <position x="345.095" y="2450.48" z="378.236"/>
                        <normal x="-0.24647" y="-0.507829" z="0.825447"/>
                        <texcoord u="13.465" v="-94.9394"/>
                    </vertex>
                    <vertex>
                        <position x="343.317" y="2449.57" z="376.404"/>
                        <normal x="-0.44285" y="-0.553896" z="0.705041"/>
                        <texcoord u="13.6956" v="-65.6129"/>
                    </vertex>
                    <vertex>
                        <position x="342.321" y="2455.11" z="377.97"/>
                        <normal x="-0.597589" y="-0.315906" z="0.736947"/>
                        <texcoord u="14.0731" v="-90.4793"/>
                    </vertex>
                    <vertex>
                        <position x="343.317" y="2449.57" z="376.404"/>
                        <normal x="-0.44285" y="-0.553896" z="0.705041"/>
                        <texcoord u="13.6956" v="-65.6129"/>
                    </vertex>
                    <vertex>
                        <position x="345.095" y="2450.48" z="378.236"/>
                        <normal x="-0.24647" y="-0.507829" z="0.825447"/>
                        <texcoord u="13.465" v="-94.9394"/>
                    </vertex>
                    <vertex>
                        <position x="351.302" y="2447.48" z="376.117"/>
                        <normal x="-0.000496457" y="-0.704831" z="0.709375"/>
                        <texcoord u="11.5679" v="-83.9545"/>
                    </vertex>
                    <vertex>
                        <position x="348.705" y="2447.28" z="375.833"/>
                        <normal x="-0.0921076" y="-0.768487" z="0.633202"/>
                        <texcoord u="12.0096" v="-78.9217"/>
                    </vertex>
                    <vertex>
                        <position x="347.215" y="2446.17" z="373.775"/>
                        <normal x="0.0179164" y="-0.884725" z="0.465769"/>
                        <texcoord u="11.2569" v="-51.4786"/>
                    </vertex>
                </vertexbuffer>
            </geometry>
        </submesh>
    </submeshes>
    <submeshnames>
        <submeshname name="submesh0" index="0"/>
    </submeshnames>
</mesh>
