<mesh>
    <submeshes>
        <submesh material="FrontCol" usesharedvertices="false" use32bitindexes="false" operationtype="triangle_list">
            <faces count="45">
                <face v1="0" v2="1" v3="2"/>
                <face v1="3" v2="4" v3="5"/>
                <face v1="6" v2="7" v3="8"/>
                <face v1="9" v2="10" v3="11"/>
                <face v1="12" v2="13" v3="14"/>
                <face v1="15" v2="16" v3="17"/>
                <face v1="18" v2="19" v3="20"/>
                <face v1="21" v2="22" v3="23"/>
                <face v1="24" v2="25" v3="26"/>
                <face v1="27" v2="28" v3="29"/>
                <face v1="30" v2="31" v3="32"/>
                <face v1="33" v2="34" v3="35"/>
                <face v1="36" v2="37" v3="38"/>
                <face v1="39" v2="40" v3="41"/>
                <face v1="42" v2="43" v3="44"/>
                <face v1="45" v2="46" v3="47"/>
                <face v1="48" v2="49" v3="50"/>
                <face v1="51" v2="52" v3="53"/>
                <face v1="54" v2="55" v3="56"/>
                <face v1="57" v2="58" v3="59"/>
                <face v1="60" v2="61" v3="62"/>
                <face v1="63" v2="64" v3="65"/>
                <face v1="66" v2="67" v3="68"/>
                <face v1="69" v2="70" v3="71"/>
                <face v1="72" v2="73" v3="74"/>
                <face v1="75" v2="76" v3="77"/>
                <face v1="78" v2="79" v3="80"/>
                <face v1="81" v2="82" v3="83"/>
                <face v1="84" v2="85" v3="86"/>
                <face v1="87" v2="88" v3="89"/>
                <face v1="90" v2="91" v3="92"/>
                <face v1="93" v2="94" v3="95"/>
                <face v1="96" v2="97" v3="98"/>
                <face v1="99" v2="100" v3="101"/>
                <face v1="102" v2="103" v3="104"/>
                <face v1="105" v2="106" v3="107"/>
                <face v1="108" v2="109" v3="110"/>
                <face v1="111" v2="112" v3="113"/>
                <face v1="114" v2="115" v3="116"/>
                <face v1="117" v2="118" v3="119"/>
                <face v1="120" v2="121" v3="122"/>
                <face v1="123" v2="124" v3="125"/>
                <face v1="126" v2="127" v3="128"/>
                <face v1="129" v2="130" v3="131"/>
                <face v1="132" v2="133" v3="134"/>
            </faces>
            <geometry vertexcount="135">
                <vertexbuffer positions="true" normals="true" texture_coord_dimensions_0="2" texture_coords="1">
                    <vertex>
                        <position x="-491.676" y="2029.48" z="120.464"/>
                        <normal x="0.89187" y="-0.377261" z="-0.249484"/>
                        <texcoord u="0.917863" v="-71.9055"/>
                    </vertex>
                    <vertex>
                        <position x="-491.697" y="2030.29" z="125.371"/>
                        <normal x="0.922617" y="-0.219959" z="0.316853"/>
                        <texcoord u="0.72484" v="-71.9381"/>
                    </vertex>
                    <vertex>
                        <position x="-491.976" y="2028.33" z="121.142"/>
                        <normal x="0.846631" y="-0.503416" z="-0.172593"/>
                        <texcoord u="0.890703" v="-71.8587"/>
                    </vertex>
                    <vertex>
                        <position x="-493.001" y="2029.08" z="119.005"/>
                        <normal x="-0.116307" y="0.979996" z="-0.161497"/>
                        <texcoord u="16.3285" v="-1.07343"/>
                    </vertex>
                    <vertex>
                        <position x="-491.697" y="2030.29" z="125.371"/>
                        <normal x="-0.0864008" y="0.952622" z="-0.291628"/>
                        <texcoord u="0.72484" v="-71.9381"/>
                    </vertex>
                    <vertex>
                        <position x="-491.676" y="2029.48" z="120.464"/>
                        <normal x="-0.115856" y="0.980033" z="-0.161597"/>
                        <texcoord u="0.917863" v="-71.9055"/>
                    </vertex>
                    <vertex>
                        <position x="-491.697" y="2030.29" z="125.371"/>
                        <normal x="-0.0864008" y="0.952622" z="-0.291628"/>
                        <texcoord u="0.72484" v="-71.9381"/>
                    </vertex>
                    <vertex>
                        <position x="-493.001" y="2029.08" z="119.005"/>
                        <normal x="-0.116307" y="0.979996" z="-0.161497"/>
                        <texcoord u="16.3285" v="-1.07343"/>
                    </vertex>
                    <vertex>
                        <position x="-493.158" y="2030.07" z="125.08"/>
                        <normal x="-0.0542127" y="0.906542" z="-0.418619"/>
                        <texcoord u="16.4734" v="-1.26768"/>
                    </vertex>
                    <vertex>
                        <position x="-493.158" y="2030.07" z="125.08"/>
                        <normal x="-0.0542127" y="0.906542" z="-0.418619"/>
                        <texcoord u="16.4734" v="-1.26768"/>
                    </vertex>
                    <vertex>
                        <position x="-493.932" y="2032.67" z="129.215"/>
                        <normal x="-0.021413" y="0.844302" z="-0.53544"/>
                        <texcoord u="21.4602" v="-39.9009"/>
                    </vertex>
                    <vertex>
                        <position x="-491.697" y="2030.29" z="125.371"/>
                        <normal x="-0.0864008" y="0.952622" z="-0.291628"/>
                        <texcoord u="0.72484" v="-71.9381"/>
                    </vertex>
                    <vertex>
                        <position x="-493.932" y="2032.67" z="129.215"/>
                        <normal x="-0.021413" y="0.844302" z="-0.53544"/>
                        <texcoord u="21.4602" v="-39.9009"/>
                    </vertex>
                    <vertex>
                        <position x="-493.158" y="2030.07" z="125.08"/>
                        <normal x="-0.0542127" y="0.906542" z="-0.418619"/>
                        <texcoord u="16.4734" v="-1.26768"/>
                    </vertex>
                    <vertex>
                        <position x="-495.806" y="2033.05" z="129.886"/>
                        <normal x="-0.0210998" y="0.844334" z="-0.535401"/>
                        <texcoord u="21.535" v="-39.9286"/>
                    </vertex>
                    <vertex>
                        <position x="-495.806" y="2033.05" z="129.886"/>
                        <normal x="0.380783" y="0.0458301" z="0.923528"/>
                        <texcoord u="21.535" v="-39.9286"/>
                    </vertex>
                    <vertex>
                        <position x="-494.068" y="2031.28" z="129.257"/>
                        <normal x="0.595046" y="-0.183638" z="0.78243"/>
                        <texcoord u="-19.7864" v="-78.933"/>
                    </vertex>
                    <vertex>
                        <position x="-493.932" y="2032.67" z="129.215"/>
                        <normal x="0.624754" y="-0.0375415" z="0.779918"/>
                        <texcoord u="21.4602" v="-39.9009"/>
                    </vertex>
                    <vertex>
                        <position x="-495.806" y="2033.05" z="129.886"/>
                        <normal x="0.380783" y="0.0458301" z="0.923528"/>
                        <texcoord u="21.535" v="-39.9286"/>
                    </vertex>
                    <vertex>
                        <position x="-495.893" y="2031.05" z="130.14"/>
                        <normal x="0.397261" y="-0.24495" z="0.884411"/>
                        <texcoord u="-18.9427" v="-79.6017"/>
                    </vertex>
                    <vertex>
                        <position x="-494.068" y="2031.28" z="129.257"/>
                        <normal x="0.595046" y="-0.183638" z="0.78243"/>
                        <texcoord u="-19.7864" v="-78.933"/>
                    </vertex>
                    <vertex>
                        <position x="-494.068" y="2031.28" z="129.257"/>
                        <normal x="0.595046" y="-0.183638" z="0.78243"/>
                        <texcoord u="-19.7864" v="-78.933"/>
                    </vertex>
                    <vertex>
                        <position x="-495.893" y="2031.05" z="130.14"/>
                        <normal x="0.397261" y="-0.24495" z="0.884411"/>
                        <texcoord u="-18.9427" v="-79.6017"/>
                    </vertex>
                    <vertex>
                        <position x="-496.753" y="2029.37" z="130.001"/>
                        <normal x="0.359831" y="-0.43949" z="0.823025"/>
                        <texcoord u="-18.4584" v="-71.8709"/>
                    </vertex>
                    <vertex>
                        <position x="-495.893" y="2031.05" z="130.14"/>
                        <normal x="0.397261" y="-0.24495" z="0.884411"/>
                        <texcoord u="-18.9427" v="-79.6017"/>
                    </vertex>
                    <vertex>
                        <position x="-506.842" y="2026.35" z="130.296"/>
                        <normal x="0.0182298" y="-0.178015" z="0.983859"/>
                        <texcoord u="-21.9088" v="-77.9318"/>
                    </vertex>
                    <vertex>
                        <position x="-496.753" y="2029.37" z="130.001"/>
                        <normal x="0.359831" y="-0.43949" z="0.823025"/>
                        <texcoord u="-18.4584" v="-71.8709"/>
                    </vertex>
                    <vertex>
                        <position x="-495.893" y="2031.05" z="130.14"/>
                        <normal x="0.397261" y="-0.24495" z="0.884411"/>
                        <texcoord u="-18.9427" v="-79.6017"/>
                    </vertex>
                    <vertex>
                        <position x="-507.315" y="2028.18" z="130.686"/>
                        <normal x="0.139729" y="-0.674965" z="0.724498"/>
                        <texcoord u="-21.8287" v="-76.8271"/>
                    </vertex>
                    <vertex>
                        <position x="-506.842" y="2026.35" z="130.296"/>
                        <normal x="0.0182298" y="-0.178015" z="0.983859"/>
                        <texcoord u="-21.9088" v="-77.9318"/>
                    </vertex>
                    <vertex>
                        <position x="-495.893" y="2031.05" z="130.14"/>
                        <normal x="0.397261" y="-0.24495" z="0.884411"/>
                        <texcoord u="-18.9427" v="-79.6017"/>
                    </vertex>
                    <vertex>
                        <position x="-496.622" y="2031.18" z="131.104"/>
                        <normal x="0.533029" y="-0.703358" z="0.470286"/>
                        <texcoord u="-16.0469" v="-17.0846"/>
                    </vertex>
                    <vertex>
                        <position x="-507.315" y="2028.18" z="130.686"/>
                        <normal x="0.139729" y="-0.674965" z="0.724498"/>
                        <texcoord u="-21.8287" v="-76.8271"/>
                    </vertex>
                    <vertex>
                        <position x="-495.893" y="2031.05" z="130.14"/>
                        <normal x="0.397261" y="-0.24495" z="0.884411"/>
                        <texcoord u="-18.9427" v="-79.6017"/>
                    </vertex>
                    <vertex>
                        <position x="-496.999" y="2034.09" z="130.902"/>
                        <normal x="0.798482" y="0.143973" z="0.58455"/>
                        <texcoord u="-11.643" v="-80.885"/>
                    </vertex>
                    <vertex>
                        <position x="-496.622" y="2031.18" z="131.104"/>
                        <normal x="0.533029" y="-0.703358" z="0.470286"/>
                        <texcoord u="-16.0469" v="-17.0846"/>
                    </vertex>
                    <vertex>
                        <position x="-496.622" y="2031.18" z="131.104"/>
                        <normal x="0.533029" y="-0.703358" z="0.470286"/>
                        <texcoord u="-16.0469" v="-17.0846"/>
                    </vertex>
                    <vertex>
                        <position x="-507.14" y="2028.48" z="131.614"/>
                        <normal x="0.331742" y="-0.936031" z="0.117448"/>
                        <texcoord u="-14.5725" v="-11.8633"/>
                    </vertex>
                    <vertex>
                        <position x="-507.315" y="2028.18" z="130.686"/>
                        <normal x="0.139729" y="-0.674965" z="0.724498"/>
                        <texcoord u="-21.8287" v="-76.8271"/>
                    </vertex>
                    <vertex>
                        <position x="-507.14" y="2028.48" z="131.614"/>
                        <normal x="0.331742" y="-0.936031" z="0.117448"/>
                        <texcoord u="-14.5725" v="-11.8633"/>
                    </vertex>
                    <vertex>
                        <position x="-517.034" y="2024.39" z="128.789"/>
                        <normal x="0.0861516" y="-0.837512" z="0.539584"/>
                        <texcoord u="-12.2642" v="-12.8227"/>
                    </vertex>
                    <vertex>
                        <position x="-507.315" y="2028.18" z="130.686"/>
                        <normal x="0.139729" y="-0.674965" z="0.724498"/>
                        <texcoord u="-21.8287" v="-76.8271"/>
                    </vertex>
                    <vertex>
                        <position x="-507.14" y="2028.48" z="131.614"/>
                        <normal x="0.331742" y="-0.936031" z="0.117448"/>
                        <texcoord u="-14.5725" v="-11.8633"/>
                    </vertex>
                    <vertex>
                        <position x="-519.377" y="2023.06" z="130.512"/>
                        <normal x="0.411687" y="-0.900556" z="-0.139687"/>
                        <texcoord u="8.60315" v="-14.819"/>
                    </vertex>
                    <vertex>
                        <position x="-517.034" y="2024.39" z="128.789"/>
                        <normal x="0.0861516" y="-0.837512" z="0.539584"/>
                        <texcoord u="-12.2642" v="-12.8227"/>
                    </vertex>
                    <vertex>
                        <position x="-507.315" y="2028.18" z="130.686"/>
                        <normal x="0.139729" y="-0.674965" z="0.724498"/>
                        <texcoord u="-21.8287" v="-76.8271"/>
                    </vertex>
                    <vertex>
                        <position x="-517.034" y="2024.39" z="128.789"/>
                        <normal x="0.0861516" y="-0.837512" z="0.539584"/>
                        <texcoord u="-12.2642" v="-12.8227"/>
                    </vertex>
                    <vertex>
                        <position x="-515.8" y="2023.63" z="128.698"/>
                        <normal x="-0.210685" y="-0.429007" z="0.878387"/>
                        <texcoord u="-22.4428" v="-76.1325"/>
                    </vertex>
                    <vertex>
                        <position x="-515.8" y="2023.63" z="128.698"/>
                        <normal x="-0.210685" y="-0.429007" z="0.878387"/>
                        <texcoord u="-22.4428" v="-76.1325"/>
                    </vertex>
                    <vertex>
                        <position x="-517.034" y="2024.39" z="128.789"/>
                        <normal x="0.0861516" y="-0.837512" z="0.539584"/>
                        <texcoord u="-12.2642" v="-12.8227"/>
                    </vertex>
                    <vertex>
                        <position x="-515.951" y="2019.29" z="122.927"/>
                        <normal x="-0.0628978" y="-0.944214" z="0.32327"/>
                        <texcoord u="-19.1136" v="-62.3479"/>
                    </vertex>
                    <vertex>
                        <position x="-515.951" y="2019.29" z="122.927"/>
                        <normal x="-0.0628978" y="-0.944214" z="0.32327"/>
                        <texcoord u="-19.1136" v="-62.3479"/>
                    </vertex>
                    <vertex>
                        <position x="-517.034" y="2024.39" z="128.789"/>
                        <normal x="0.0861516" y="-0.837512" z="0.539584"/>
                        <texcoord u="-12.2642" v="-12.8227"/>
                    </vertex>
                    <vertex>
                        <position x="-517.179" y="2018.9" z="122.748"/>
                        <normal x="0.226091" y="-0.896626" z="0.380717"/>
                        <texcoord u="-21.6682" v="-48.4108"/>
                    </vertex>
                    <vertex>
                        <position x="-513.637" y="2019.59" z="115.609"/>
                        <normal x="0.162952" y="-0.986291" z="-0.0260369"/>
                        <texcoord u="-1.93745" v="-1.30877"/>
                    </vertex>
                    <vertex>
                        <position x="-515.951" y="2019.29" z="122.927"/>
                        <normal x="-0.0628978" y="-0.944214" z="0.32327"/>
                        <texcoord u="-19.1136" v="-62.3479"/>
                    </vertex>
                    <vertex>
                        <position x="-517.179" y="2018.9" z="122.748"/>
                        <normal x="0.226091" y="-0.896626" z="0.380717"/>
                        <texcoord u="-21.6682" v="-48.4108"/>
                    </vertex>
                    <vertex>
                        <position x="-512.684" y="2019.23" z="116.61"/>
                        <normal x="0.120939" y="-0.884567" z="-0.450461"/>
                        <texcoord u="7.87541" v="-40.7035"/>
                    </vertex>
                    <vertex>
                        <position x="-515.951" y="2019.29" z="122.927"/>
                        <normal x="-0.0628978" y="-0.944214" z="0.32327"/>
                        <texcoord u="-19.1136" v="-62.3479"/>
                    </vertex>
                    <vertex>
                        <position x="-513.637" y="2019.59" z="115.609"/>
                        <normal x="0.162952" y="-0.986291" z="-0.0260369"/>
                        <texcoord u="-1.93745" v="-1.30877"/>
                    </vertex>
                    <vertex>
                        <position x="-503.604" y="2022.94" z="116.295"/>
                        <normal x="0.335773" y="-0.94121" z="-0.0371495"/>
                        <texcoord u="20.3293" v="-43.1411"/>
                    </vertex>
                    <vertex>
                        <position x="-512.684" y="2019.23" z="116.61"/>
                        <normal x="0.120939" y="-0.884567" z="-0.450461"/>
                        <texcoord u="7.87541" v="-40.7035"/>
                    </vertex>
                    <vertex>
                        <position x="-513.637" y="2019.59" z="115.609"/>
                        <normal x="0.162952" y="-0.986291" z="-0.0260369"/>
                        <texcoord u="-1.93745" v="-1.30877"/>
                    </vertex>
                    <vertex>
                        <position x="-503.604" y="2022.94" z="116.295"/>
                        <normal x="0.335773" y="-0.94121" z="-0.0371495"/>
                        <texcoord u="20.3293" v="-43.1411"/>
                    </vertex>
                    <vertex>
                        <position x="-503.612" y="2021.79" z="117.77"/>
                        <normal x="0.414342" y="-0.701825" z="-0.579451"/>
                        <texcoord u="20.528" v="-45.1214"/>
                    </vertex>
                    <vertex>
                        <position x="-512.684" y="2019.23" z="116.61"/>
                        <normal x="0.120939" y="-0.884567" z="-0.450461"/>
                        <texcoord u="7.87541" v="-40.7035"/>
                    </vertex>
                    <vertex>
                        <position x="-493.251" y="2027.32" z="119.894"/>
                        <normal x="0.705823" y="-0.642148" z="-0.299098"/>
                        <texcoord u="17.2857" v="-47.5562"/>
                    </vertex>
                    <vertex>
                        <position x="-503.612" y="2021.79" z="117.77"/>
                        <normal x="0.414342" y="-0.701825" z="-0.579451"/>
                        <texcoord u="20.528" v="-45.1214"/>
                    </vertex>
                    <vertex>
                        <position x="-503.604" y="2022.94" z="116.295"/>
                        <normal x="0.335773" y="-0.94121" z="-0.0371495"/>
                        <texcoord u="20.3293" v="-43.1411"/>
                    </vertex>
                    <vertex>
                        <position x="-493.251" y="2027.32" z="119.894"/>
                        <normal x="0.705823" y="-0.642148" z="-0.299098"/>
                        <texcoord u="17.2857" v="-47.5562"/>
                    </vertex>
                    <vertex>
                        <position x="-494.316" y="2025.93" z="120.553"/>
                        <normal x="0.616329" y="-0.773719" z="-0.146623"/>
                        <texcoord u="18.1596" v="-52.3517"/>
                    </vertex>
                    <vertex>
                        <position x="-503.612" y="2021.79" z="117.77"/>
                        <normal x="0.414342" y="-0.701825" z="-0.579451"/>
                        <texcoord u="20.528" v="-45.1214"/>
                    </vertex>
                    <vertex>
                        <position x="-493.251" y="2027.32" z="119.894"/>
                        <normal x="0.705823" y="-0.642148" z="-0.299098"/>
                        <texcoord u="17.2857" v="-47.5562"/>
                    </vertex>
                    <vertex>
                        <position x="-491.976" y="2028.33" z="121.142"/>
                        <normal x="0.846631" y="-0.503416" z="-0.172593"/>
                        <texcoord u="0.890703" v="-71.8587"/>
                    </vertex>
                    <vertex>
                        <position x="-494.316" y="2025.93" z="120.553"/>
                        <normal x="0.616329" y="-0.773719" z="-0.146623"/>
                        <texcoord u="18.1596" v="-52.3517"/>
                    </vertex>
                    <vertex>
                        <position x="-493.001" y="2029.08" z="119.005"/>
                        <normal x="0.747807" y="-0.425362" z="-0.509757"/>
                        <texcoord u="16.3285" v="-1.07343"/>
                    </vertex>
                    <vertex>
                        <position x="-491.976" y="2028.33" z="121.142"/>
                        <normal x="0.846631" y="-0.503416" z="-0.172593"/>
                        <texcoord u="0.890703" v="-71.8587"/>
                    </vertex>
                    <vertex>
                        <position x="-493.251" y="2027.32" z="119.894"/>
                        <normal x="0.705823" y="-0.642148" z="-0.299098"/>
                        <texcoord u="17.2857" v="-47.5562"/>
                    </vertex>
                    <vertex>
                        <position x="-493.001" y="2029.08" z="119.005"/>
                        <normal x="0.747807" y="-0.425362" z="-0.509757"/>
                        <texcoord u="16.3285" v="-1.07343"/>
                    </vertex>
                    <vertex>
                        <position x="-491.676" y="2029.48" z="120.464"/>
                        <normal x="0.89187" y="-0.377261" z="-0.249484"/>
                        <texcoord u="0.917863" v="-71.9055"/>
                    </vertex>
                    <vertex>
                        <position x="-491.976" y="2028.33" z="121.142"/>
                        <normal x="0.846631" y="-0.503416" z="-0.172593"/>
                        <texcoord u="0.890703" v="-71.8587"/>
                    </vertex>
                    <vertex>
                        <position x="-494.316" y="2025.93" z="120.553"/>
                        <normal x="0.616329" y="-0.773719" z="-0.146623"/>
                        <texcoord u="18.1596" v="-52.3517"/>
                    </vertex>
                    <vertex>
                        <position x="-491.976" y="2028.33" z="121.142"/>
                        <normal x="0.846631" y="-0.503416" z="-0.172593"/>
                        <texcoord u="0.890703" v="-71.8587"/>
                    </vertex>
                    <vertex>
                        <position x="-493.172" y="2026.87" z="121.665"/>
                        <normal x="0.722091" y="-0.689823" z="0.0522374"/>
                        <texcoord u="7.05118" v="-45.2368"/>
                    </vertex>
                    <vertex>
                        <position x="-491.976" y="2028.33" z="121.142"/>
                        <normal x="0.846631" y="-0.503416" z="-0.172593"/>
                        <texcoord u="0.890703" v="-71.8587"/>
                    </vertex>
                    <vertex>
                        <position x="-492.276" y="2028.85" z="125.695"/>
                        <normal x="0.803462" y="-0.463174" z="0.374057"/>
                        <texcoord u="-1.66018" v="-49.7058"/>
                    </vertex>
                    <vertex>
                        <position x="-493.172" y="2026.87" z="121.665"/>
                        <normal x="0.722091" y="-0.689823" z="0.0522374"/>
                        <texcoord u="7.05118" v="-45.2368"/>
                    </vertex>
                    <vertex>
                        <position x="-491.976" y="2028.33" z="121.142"/>
                        <normal x="0.846631" y="-0.503416" z="-0.172593"/>
                        <texcoord u="0.890703" v="-71.8587"/>
                    </vertex>
                    <vertex>
                        <position x="-491.697" y="2030.29" z="125.371"/>
                        <normal x="0.922617" y="-0.219959" z="0.316853"/>
                        <texcoord u="0.72484" v="-71.9381"/>
                    </vertex>
                    <vertex>
                        <position x="-492.276" y="2028.85" z="125.695"/>
                        <normal x="0.803462" y="-0.463174" z="0.374057"/>
                        <texcoord u="-1.66018" v="-49.7058"/>
                    </vertex>
                    <vertex>
                        <position x="-491.697" y="2030.29" z="125.371"/>
                        <normal x="0.922617" y="-0.219959" z="0.316853"/>
                        <texcoord u="0.72484" v="-71.9381"/>
                    </vertex>
                    <vertex>
                        <position x="-494.068" y="2031.28" z="129.257"/>
                        <normal x="0.595046" y="-0.183638" z="0.78243"/>
                        <texcoord u="-19.7864" v="-78.933"/>
                    </vertex>
                    <vertex>
                        <position x="-492.276" y="2028.85" z="125.695"/>
                        <normal x="0.803462" y="-0.463174" z="0.374057"/>
                        <texcoord u="-1.66018" v="-49.7058"/>
                    </vertex>
                    <vertex>
                        <position x="-491.697" y="2030.29" z="125.371"/>
                        <normal x="0.922617" y="-0.219959" z="0.316853"/>
                        <texcoord u="0.72484" v="-71.9381"/>
                    </vertex>
                    <vertex>
                        <position x="-493.932" y="2032.67" z="129.215"/>
                        <normal x="0.624754" y="-0.0375415" z="0.779918"/>
                        <texcoord u="21.4602" v="-39.9009"/>
                    </vertex>
                    <vertex>
                        <position x="-494.068" y="2031.28" z="129.257"/>
                        <normal x="0.595046" y="-0.183638" z="0.78243"/>
                        <texcoord u="-19.7864" v="-78.933"/>
                    </vertex>
                    <vertex>
                        <position x="-492.276" y="2028.85" z="125.695"/>
                        <normal x="0.803462" y="-0.463174" z="0.374057"/>
                        <texcoord u="-1.66018" v="-49.7058"/>
                    </vertex>
                    <vertex>
                        <position x="-494.068" y="2031.28" z="129.257"/>
                        <normal x="0.595046" y="-0.183638" z="0.78243"/>
                        <texcoord u="-19.7864" v="-78.933"/>
                    </vertex>
                    <vertex>
                        <position x="-495.113" y="2029.61" z="129.194"/>
                        <normal x="0.550385" y="-0.46944" z="0.690436"/>
                        <texcoord u="-13.8313" v="-63.8759"/>
                    </vertex>
                    <vertex>
                        <position x="-494.068" y="2031.28" z="129.257"/>
                        <normal x="0.595046" y="-0.183638" z="0.78243"/>
                        <texcoord u="-19.7864" v="-78.933"/>
                    </vertex>
                    <vertex>
                        <position x="-496.753" y="2029.37" z="130.001"/>
                        <normal x="0.359831" y="-0.43949" z="0.823025"/>
                        <texcoord u="-18.4584" v="-71.8709"/>
                    </vertex>
                    <vertex>
                        <position x="-495.113" y="2029.61" z="129.194"/>
                        <normal x="0.550385" y="-0.46944" z="0.690436"/>
                        <texcoord u="-13.8313" v="-63.8759"/>
                    </vertex>
                    <vertex>
                        <position x="-493.469" y="2027.38" z="125.876"/>
                        <normal x="0.556785" y="-0.725042" z="0.405346"/>
                        <texcoord u="-17.2236" v="-51.2917"/>
                    </vertex>
                    <vertex>
                        <position x="-495.113" y="2029.61" z="129.194"/>
                        <normal x="0.550385" y="-0.46944" z="0.690436"/>
                        <texcoord u="-13.8313" v="-63.8759"/>
                    </vertex>
                    <vertex>
                        <position x="-496.753" y="2029.37" z="130.001"/>
                        <normal x="0.359831" y="-0.43949" z="0.823025"/>
                        <texcoord u="-18.4584" v="-71.8709"/>
                    </vertex>
                    <vertex>
                        <position x="-492.276" y="2028.85" z="125.695"/>
                        <normal x="0.803462" y="-0.463174" z="0.374057"/>
                        <texcoord u="-1.66018" v="-49.7058"/>
                    </vertex>
                    <vertex>
                        <position x="-495.113" y="2029.61" z="129.194"/>
                        <normal x="0.550385" y="-0.46944" z="0.690436"/>
                        <texcoord u="-13.8313" v="-63.8759"/>
                    </vertex>
                    <vertex>
                        <position x="-493.469" y="2027.38" z="125.876"/>
                        <normal x="0.556785" y="-0.725042" z="0.405346"/>
                        <texcoord u="-17.2236" v="-51.2917"/>
                    </vertex>
                    <vertex>
                        <position x="-493.172" y="2026.87" z="121.665"/>
                        <normal x="0.722091" y="-0.689823" z="0.0522374"/>
                        <texcoord u="7.05118" v="-45.2368"/>
                    </vertex>
                    <vertex>
                        <position x="-492.276" y="2028.85" z="125.695"/>
                        <normal x="0.803462" y="-0.463174" z="0.374057"/>
                        <texcoord u="-1.66018" v="-49.7058"/>
                    </vertex>
                    <vertex>
                        <position x="-493.469" y="2027.38" z="125.876"/>
                        <normal x="0.556785" y="-0.725042" z="0.405346"/>
                        <texcoord u="-17.2236" v="-51.2917"/>
                    </vertex>
                    <vertex>
                        <position x="-493.172" y="2026.87" z="121.665"/>
                        <normal x="0.722091" y="-0.689823" z="0.0522374"/>
                        <texcoord u="7.05118" v="-45.2368"/>
                    </vertex>
                    <vertex>
                        <position x="-493.469" y="2027.38" z="125.876"/>
                        <normal x="0.556785" y="-0.725042" z="0.405346"/>
                        <texcoord u="-17.2236" v="-51.2917"/>
                    </vertex>
                    <vertex>
                        <position x="-494.316" y="2025.93" z="120.553"/>
                        <normal x="0.616329" y="-0.773719" z="-0.146623"/>
                        <texcoord u="18.1596" v="-52.3517"/>
                    </vertex>
                    <vertex>
                        <position x="-493.469" y="2027.38" z="125.876"/>
                        <normal x="0.556785" y="-0.725042" z="0.405346"/>
                        <texcoord u="-17.2236" v="-51.2917"/>
                    </vertex>
                    <vertex>
                        <position x="-495.026" y="2026.55" z="125.761"/>
                        <normal x="0.408588" y="-0.819559" z="0.401721"/>
                        <texcoord u="-5.88384" v="-19.4849"/>
                    </vertex>
                    <vertex>
                        <position x="-494.316" y="2025.93" z="120.553"/>
                        <normal x="0.616329" y="-0.773719" z="-0.146623"/>
                        <texcoord u="18.1596" v="-52.3517"/>
                    </vertex>
                    <vertex>
                        <position x="-493.469" y="2027.38" z="125.876"/>
                        <normal x="0.556785" y="-0.725042" z="0.405346"/>
                        <texcoord u="-17.2236" v="-51.2917"/>
                    </vertex>
                    <vertex>
                        <position x="-496.753" y="2029.37" z="130.001"/>
                        <normal x="0.359831" y="-0.43949" z="0.823025"/>
                        <texcoord u="-18.4584" v="-71.8709"/>
                    </vertex>
                    <vertex>
                        <position x="-495.026" y="2026.55" z="125.761"/>
                        <normal x="0.408588" y="-0.819559" z="0.401721"/>
                        <texcoord u="-5.88384" v="-19.4849"/>
                    </vertex>
                    <vertex>
                        <position x="-493.251" y="2027.32" z="119.894"/>
                        <normal x="0.705823" y="-0.642148" z="-0.299098"/>
                        <texcoord u="17.2857" v="-47.5562"/>
                    </vertex>
                    <vertex>
                        <position x="-503.604" y="2022.94" z="116.295"/>
                        <normal x="0.335773" y="-0.94121" z="-0.0371495"/>
                        <texcoord u="20.3293" v="-43.1411"/>
                    </vertex>
                    <vertex>
                        <position x="-493.463" y="2026.71" z="118.849"/>
                        <normal x="0.571208" y="-0.746929" z="0.340321"/>
                        <texcoord u="-18.8287" v="-29.8821"/>
                    </vertex>
                    <vertex>
                        <position x="-493.463" y="2026.71" z="118.849"/>
                        <normal x="0.571208" y="-0.746929" z="0.340321"/>
                        <texcoord u="-18.8287" v="-29.8821"/>
                    </vertex>
                    <vertex>
                        <position x="-503.604" y="2022.94" z="116.295"/>
                        <normal x="0.335773" y="-0.94121" z="-0.0371495"/>
                        <texcoord u="20.3293" v="-43.1411"/>
                    </vertex>
                    <vertex>
                        <position x="-503.002" y="2022.63" z="115.564"/>
                        <normal x="0.209701" y="-0.826689" z="0.522121"/>
                        <texcoord u="-19.8766" v="-34.1347"/>
                    </vertex>
                    <vertex>
                        <position x="-503.002" y="2022.63" z="115.564"/>
                        <normal x="0.209701" y="-0.826689" z="0.522121"/>
                        <texcoord u="-19.8766" v="-34.1347"/>
                    </vertex>
                    <vertex>
                        <position x="-503.604" y="2022.94" z="116.295"/>
                        <normal x="0.335773" y="-0.94121" z="-0.0371495"/>
                        <texcoord u="20.3293" v="-43.1411"/>
                    </vertex>
                    <vertex>
                        <position x="-513.637" y="2019.59" z="115.609"/>
                        <normal x="0.162952" y="-0.986291" z="-0.0260369"/>
                        <texcoord u="-1.93745" v="-1.30877"/>
                    </vertex>
                    <vertex>
                        <position x="-493.474" y="2029.11" z="117.231"/>
                        <normal x="0.984947" y="-0.0937406" z="-0.145231"/>
                        <texcoord u="5.08121" v="-76.5648"/>
                    </vertex>
                    <vertex>
                        <position x="-493.251" y="2027.32" z="119.894"/>
                        <normal x="0.705823" y="-0.642148" z="-0.299098"/>
                        <texcoord u="17.2857" v="-47.5562"/>
                    </vertex>
                    <vertex>
                        <position x="-493.463" y="2026.71" z="118.849"/>
                        <normal x="0.571208" y="-0.746929" z="0.340321"/>
                        <texcoord u="-18.8287" v="-29.8821"/>
                    </vertex>
                    <vertex>
                        <position x="-507.315" y="2028.18" z="130.686"/>
                        <normal x="0.139729" y="-0.674965" z="0.724498"/>
                        <texcoord u="-21.8287" v="-76.8271"/>
                    </vertex>
                    <vertex>
                        <position x="-515.8" y="2023.63" z="128.698"/>
                        <normal x="-0.210685" y="-0.429007" z="0.878387"/>
                        <texcoord u="-22.4428" v="-76.1325"/>
                    </vertex>
                    <vertex>
                        <position x="-506.842" y="2026.35" z="130.296"/>
                        <normal x="0.0182298" y="-0.178015" z="0.983859"/>
                        <texcoord u="-21.9088" v="-77.9318"/>
                    </vertex>
                </vertexbuffer>
            </geometry>
        </submesh>
    </submeshes>
    <submeshnames>
        <submeshname name="submesh0" index="0"/>
    </submeshnames>
</mesh>
