<mesh>
    <submeshes>
        <submesh material="03___Def" usesharedvertices="false" use32bitindexes="false" operationtype="triangle_list">
            <faces count="1">
                <face v1="0" v2="1" v3="2"/>
            </faces>
            <geometry vertexcount="3">
                <vertexbuffer positions="true" normals="true" texture_coord_dimensions_0="2" texture_coords="1">
                    <vertex>
                        <position x="451.217" y="2425.93" z="294.921"/>
                        <normal x="-0.209361" y="-0.977805" z="0.00802114"/>
                        <texcoord u="0.906431" v="0.995163"/>
                    </vertex>
                    <vertex>
                        <position x="450.495" y="2426.11" z="298.145"/>
                        <normal x="-0.209361" y="-0.977805" z="0.00802114"/>
                        <texcoord u="0.905394" v="0.994093"/>
                    </vertex>
                    <vertex>
                        <position x="449.869" y="2426.23" z="296.237"/>
                        <normal x="-0.209361" y="-0.977805" z="0.00802114"/>
                        <texcoord u="0.905202" v="0.995138"/>
                    </vertex>
                </vertexbuffer>
            </geometry>
        </submesh>
    </submeshes>
    <submeshnames>
        <submeshname name="submesh0" index="0"/>
    </submeshnames>
</mesh>
