<mesh>
    <submeshes>
        <submesh material="03___Def" usesharedvertices="false" use32bitindexes="false" operationtype="triangle_list">
            <faces count="1">
                <face v1="0" v2="1" v3="2"/>
            </faces>
            <geometry vertexcount="3">
                <vertexbuffer positions="true" normals="true" texture_coord_dimensions_0="2" texture_coords="1">
                    <vertex>
                        <position x="-588.979" y="2019.66" z="267.79"/>
                        <normal x="-0.74914" y="-0.48809" z="0.447836"/>
                        <texcoord u="0.835344" v="0.823906"/>
                    </vertex>
                    <vertex>
                        <position x="-584.565" y="2017.73" z="273.074"/>
                        <normal x="-0.74914" y="-0.48809" z="0.447836"/>
                        <texcoord u="0.835202" v="0.82064"/>
                    </vertex>
                    <vertex>
                        <position x="-589.535" y="2021.88" z="269.289"/>
                        <normal x="-0.74914" y="-0.48809" z="0.447836"/>
                        <texcoord u="0.836453" v="0.823727"/>
                    </vertex>
                </vertexbuffer>
            </geometry>
        </submesh>
    </submeshes>
    <submeshnames>
        <submeshname name="submesh0" index="0"/>
    </submeshnames>
</mesh>
