<mesh>
    <submeshes>
        <submesh material="03___Def" usesharedvertices="false" use32bitindexes="false" operationtype="triangle_list">
            <faces count="1">
                <face v1="0" v2="1" v3="2"/>
            </faces>
            <geometry vertexcount="3">
                <vertexbuffer positions="true" normals="true" texture_coord_dimensions_0="2" texture_coords="1">
                    <vertex>
                        <position x="-579.245" y="2021.67" z="276.608"/>
                        <normal x="-0.206311" y="-0.48441" z="0.850166"/>
                        <texcoord u="0.836567" v="0.817654"/>
                    </vertex>
                    <vertex>
                        <position x="-584.565" y="2017.73" z="273.074"/>
                        <normal x="-0.206311" y="-0.48441" z="0.850166"/>
                        <texcoord u="0.835202" v="0.82064"/>
                    </vertex>
                    <vertex>
                        <position x="-577.934" y="2019.42" z="275.648"/>
                        <normal x="-0.206311" y="-0.48441" z="0.850166"/>
                        <texcoord u="0.835453" v="0.817353"/>
                    </vertex>
                </vertexbuffer>
            </geometry>
        </submesh>
    </submeshes>
    <submeshnames>
        <submeshname name="submesh0" index="0"/>
    </submeshnames>
</mesh>
