<mesh>
    <submeshes>
        <submesh material="03___Def" usesharedvertices="false" use32bitindexes="false" operationtype="triangle_list">
            <faces count="3">
                <face v1="0" v2="1" v3="2"/>
                <face v1="3" v2="4" v3="5"/>
                <face v1="6" v2="7" v3="8"/>
            </faces>
            <geometry vertexcount="9">
                <vertexbuffer positions="true" normals="true" texture_coord_dimensions_0="2" texture_coords="1">
                    <vertex>
                        <position x="-506.783" y="1992.03" z="188.173"/>
                        <normal x="0.531034" y="-0.0590978" z="0.845287"/>
                        <texcoord u="0.848975" v="0.983158"/>
                    </vertex>
                    <vertex>
                        <position x="-505.153" y="1988.15" z="186.878"/>
                        <normal x="0.366628" y="-0.179492" z="0.912889"/>
                        <texcoord u="0.850744" v="0.984355"/>
                    </vertex>
                    <vertex>
                        <position x="-504.991" y="1990.85" z="186.965"/>
                        <normal x="0.396213" y="-0.0533534" z="0.916607"/>
                        <texcoord u="0.849462" v="0.984896"/>
                    </vertex>
                    <vertex>
                        <position x="-504.991" y="1990.85" z="186.965"/>
                        <normal x="0.396213" y="-0.0533534" z="0.916607"/>
                        <texcoord u="0.849462" v="0.984896"/>
                    </vertex>
                    <vertex>
                        <position x="-505.153" y="1988.15" z="186.878"/>
                        <normal x="0.366628" y="-0.179492" z="0.912889"/>
                        <texcoord u="0.850744" v="0.984355"/>
                    </vertex>
                    <vertex>
                        <position x="-502.601" y="1988.59" z="186.233"/>
                        <normal x="0.27633" y="-0.237695" z="0.931205"/>
                        <texcoord u="0.85087" v="0.985507"/>
                    </vertex>
                    <vertex>
                        <position x="-502.601" y="1988.59" z="186.233"/>
                        <normal x="0.27633" y="-0.237695" z="0.931205"/>
                        <texcoord u="0.85087" v="0.985507"/>
                    </vertex>
                    <vertex>
                        <position x="-505.153" y="1988.15" z="186.878"/>
                        <normal x="0.366628" y="-0.179492" z="0.912889"/>
                        <texcoord u="0.850744" v="0.984355"/>
                    </vertex>
                    <vertex>
                        <position x="-506.196" y="1985.99" z="186.175"/>
                        <normal x="0.289875" y="-0.419886" z="0.86004"/>
                        <texcoord u="0.851874" v="0.984016"/>
                    </vertex>
                </vertexbuffer>
            </geometry>
        </submesh>
    </submeshes>
    <submeshnames>
        <submeshname name="submesh0" index="0"/>
    </submeshnames>
</mesh>
