<mesh>
    <submeshes>
        <submesh material="FrontCol" usesharedvertices="false" use32bitindexes="false" operationtype="triangle_list">
            <faces count="17">
                <face v1="0" v2="1" v3="2"/>
                <face v1="3" v2="4" v3="5"/>
                <face v1="6" v2="7" v3="8"/>
                <face v1="9" v2="10" v3="11"/>
                <face v1="12" v2="13" v3="14"/>
                <face v1="15" v2="16" v3="17"/>
                <face v1="18" v2="19" v3="20"/>
                <face v1="21" v2="22" v3="23"/>
                <face v1="24" v2="25" v3="26"/>
                <face v1="27" v2="28" v3="29"/>
                <face v1="30" v2="31" v3="32"/>
                <face v1="33" v2="34" v3="35"/>
                <face v1="36" v2="37" v3="38"/>
                <face v1="39" v2="40" v3="41"/>
                <face v1="42" v2="43" v3="44"/>
                <face v1="45" v2="46" v3="47"/>
                <face v1="48" v2="49" v3="50"/>
            </faces>
            <geometry vertexcount="51">
                <vertexbuffer positions="true" normals="true" texture_coord_dimensions_0="2" texture_coords="1">
                    <vertex>
                        <position x="418.327" y="2439.65" z="341.104"/>
                        <normal x="0.134923" y="-0.432714" z="0.891378"/>
                        <texcoord u="14.2972" v="-93.1353"/>
                    </vertex>
                    <vertex>
                        <position x="404.66" y="2432.91" z="339.285"/>
                        <normal x="-0.268596" y="-0.755321" z="0.597785"/>
                        <texcoord u="13.76" v="-92.8587"/>
                    </vertex>
                    <vertex>
                        <position x="406.132" y="2432.21" z="339.062"/>
                        <normal x="-0.182453" y="-0.586036" z="0.789476"/>
                        <texcoord u="13.818" v="-92.83"/>
                    </vertex>
                    <vertex>
                        <position x="406.132" y="2432.21" z="339.062"/>
                        <normal x="-0.182453" y="-0.586036" z="0.789476"/>
                        <texcoord u="13.818" v="-92.83"/>
                    </vertex>
                    <vertex>
                        <position x="404.66" y="2432.91" z="339.285"/>
                        <normal x="-0.268596" y="-0.755321" z="0.597785"/>
                        <texcoord u="13.76" v="-92.8587"/>
                    </vertex>
                    <vertex>
                        <position x="406.031" y="2432.35" z="335.145"/>
                        <normal x="-0.432077" y="-0.901546" z="-0.0228875"/>
                        <texcoord u="5.8706" v="-27.6127"/>
                    </vertex>
                    <vertex>
                        <position x="418.327" y="2439.65" z="341.104"/>
                        <normal x="0.134923" y="-0.432714" z="0.891378"/>
                        <texcoord u="14.2972" v="-93.1353"/>
                    </vertex>
                    <vertex>
                        <position x="406.132" y="2432.21" z="339.062"/>
                        <normal x="-0.182453" y="-0.586036" z="0.789476"/>
                        <texcoord u="13.818" v="-92.83"/>
                    </vertex>
                    <vertex>
                        <position x="418.73" y="2438.41" z="340.816"/>
                        <normal x="-0.152481" y="-0.159245" z="0.975393"/>
                        <texcoord u="14.5341" v="-93.873"/>
                    </vertex>
                    <vertex>
                        <position x="428.509" y="2448.32" z="344.249"/>
                        <normal x="0.261538" y="-0.415156" z="0.871346"/>
                        <texcoord u="15.3241" v="-93.7077"/>
                    </vertex>
                    <vertex>
                        <position x="418.327" y="2439.65" z="341.104"/>
                        <normal x="0.134923" y="-0.432714" z="0.891378"/>
                        <texcoord u="14.2972" v="-93.1353"/>
                    </vertex>
                    <vertex>
                        <position x="418.73" y="2438.41" z="340.816"/>
                        <normal x="-0.152481" y="-0.159245" z="0.975393"/>
                        <texcoord u="14.5341" v="-93.873"/>
                    </vertex>
                    <vertex>
                        <position x="428.509" y="2448.32" z="344.249"/>
                        <normal x="0.261538" y="-0.415156" z="0.871346"/>
                        <texcoord u="15.3241" v="-93.7077"/>
                    </vertex>
                    <vertex>
                        <position x="427.153" y="2447.74" z="345.463"/>
                        <normal x="0.682771" y="-0.510427" z="0.522769"/>
                        <texcoord u="0.0698942" v="-72.8237"/>
                    </vertex>
                    <vertex>
                        <position x="418.327" y="2439.65" z="341.104"/>
                        <normal x="0.134923" y="-0.432714" z="0.891378"/>
                        <texcoord u="14.2972" v="-93.1353"/>
                    </vertex>
                    <vertex>
                        <position x="428.509" y="2448.32" z="344.249"/>
                        <normal x="0.261538" y="-0.415156" z="0.871346"/>
                        <texcoord u="15.3241" v="-93.7077"/>
                    </vertex>
                    <vertex>
                        <position x="423.732" y="2455.33" z="350.813"/>
                        <normal x="0.30029" y="-0.132381" z="0.944617"/>
                        <texcoord u="5.19153" v="-96.8739"/>
                    </vertex>
                    <vertex>
                        <position x="427.153" y="2447.74" z="345.463"/>
                        <normal x="0.682771" y="-0.510427" z="0.522769"/>
                        <texcoord u="0.0698942" v="-72.8237"/>
                    </vertex>
                    <vertex>
                        <position x="425.06" y="2456.33" z="351.085"/>
                        <normal x="0.0594652" y="-0.335699" z="0.94009"/>
                        <texcoord u="11.6455" v="-85.5432"/>
                    </vertex>
                    <vertex>
                        <position x="423.732" y="2455.33" z="350.813"/>
                        <normal x="0.30029" y="-0.132381" z="0.944617"/>
                        <texcoord u="5.19153" v="-96.8739"/>
                    </vertex>
                    <vertex>
                        <position x="428.509" y="2448.32" z="344.249"/>
                        <normal x="0.261538" y="-0.415156" z="0.871346"/>
                        <texcoord u="15.3241" v="-93.7077"/>
                    </vertex>
                    <vertex>
                        <position x="416.043" y="2462.9" z="350.232"/>
                        <normal x="-0.0615602" y="0.0634507" z="0.996085"/>
                        <texcoord u="15.1946" v="-96.0721"/>
                    </vertex>
                    <vertex>
                        <position x="423.732" y="2455.33" z="350.813"/>
                        <normal x="0.30029" y="-0.132381" z="0.944617"/>
                        <texcoord u="5.19153" v="-96.8739"/>
                    </vertex>
                    <vertex>
                        <position x="425.06" y="2456.33" z="351.085"/>
                        <normal x="0.0594652" y="-0.335699" z="0.94009"/>
                        <texcoord u="11.6455" v="-85.5432"/>
                    </vertex>
                    <vertex>
                        <position x="416.043" y="2462.9" z="350.232"/>
                        <normal x="-0.0615602" y="0.0634507" z="0.996085"/>
                        <texcoord u="15.1946" v="-96.0721"/>
                    </vertex>
                    <vertex>
                        <position x="415.657" y="2461.2" z="350.98"/>
                        <normal x="-0.223006" y="0.442024" z="0.86884"/>
                        <texcoord u="11.677" v="-86.5446"/>
                    </vertex>
                    <vertex>
                        <position x="423.732" y="2455.33" z="350.813"/>
                        <normal x="0.30029" y="-0.132381" z="0.944617"/>
                        <texcoord u="5.19153" v="-96.8739"/>
                    </vertex>
                    <vertex>
                        <position x="416.043" y="2462.9" z="350.232"/>
                        <normal x="-0.0615602" y="0.0634507" z="0.996085"/>
                        <texcoord u="15.1946" v="-96.0721"/>
                    </vertex>
                    <vertex>
                        <position x="404.527" y="2455.8" z="347.728"/>
                        <normal x="-0.225043" y="-0.0132911" z="0.974258"/>
                        <texcoord u="15.5427" v="-85.9923"/>
                    </vertex>
                    <vertex>
                        <position x="415.657" y="2461.2" z="350.98"/>
                        <normal x="-0.223006" y="0.442024" z="0.86884"/>
                        <texcoord u="11.677" v="-86.5446"/>
                    </vertex>
                    <vertex>
                        <position x="416.043" y="2462.9" z="350.232"/>
                        <normal x="-0.0615602" y="0.0634507" z="0.996085"/>
                        <texcoord u="15.1946" v="-96.0721"/>
                    </vertex>
                    <vertex>
                        <position x="403.398" y="2456.35" z="348.175"/>
                        <normal x="0.124595" y="-0.454371" z="0.882056"/>
                        <texcoord u="12.8169" v="-88.0304"/>
                    </vertex>
                    <vertex>
                        <position x="404.527" y="2455.8" z="347.728"/>
                        <normal x="-0.225043" y="-0.0132911" z="0.974258"/>
                        <texcoord u="15.5427" v="-85.9923"/>
                    </vertex>
                    <vertex>
                        <position x="403.398" y="2456.35" z="348.175"/>
                        <normal x="0.124595" y="-0.454371" z="0.882056"/>
                        <texcoord u="12.8169" v="-88.0304"/>
                    </vertex>
                    <vertex>
                        <position x="394.055" y="2446.34" z="344.859"/>
                        <normal x="-0.278354" y="-0.473097" z="0.835882"/>
                        <texcoord u="12.1586" v="-89.9104"/>
                    </vertex>
                    <vertex>
                        <position x="404.527" y="2455.8" z="347.728"/>
                        <normal x="-0.225043" y="-0.0132911" z="0.974258"/>
                        <texcoord u="15.5427" v="-85.9923"/>
                    </vertex>
                    <vertex>
                        <position x="404.527" y="2455.8" z="347.728"/>
                        <normal x="-0.225043" y="-0.0132911" z="0.974258"/>
                        <texcoord u="15.5427" v="-85.9923"/>
                    </vertex>
                    <vertex>
                        <position x="394.055" y="2446.34" z="344.859"/>
                        <normal x="-0.278354" y="-0.473097" z="0.835882"/>
                        <texcoord u="12.1586" v="-89.9104"/>
                    </vertex>
                    <vertex>
                        <position x="394.417" y="2444.89" z="344.202"/>
                        <normal x="-0.597443" y="-0.166751" z="0.784383"/>
                        <texcoord u="12.5848" v="-90.9078"/>
                    </vertex>
                    <vertex>
                        <position x="392.679" y="2447.98" z="341.553"/>
                        <normal x="-0.918525" y="-0.329068" z="0.219146"/>
                        <texcoord u="9.78346" v="-86.2545"/>
                    </vertex>
                    <vertex>
                        <position x="394.417" y="2444.89" z="344.202"/>
                        <normal x="-0.597443" y="-0.166751" z="0.784383"/>
                        <texcoord u="12.5848" v="-90.9078"/>
                    </vertex>
                    <vertex>
                        <position x="394.055" y="2446.34" z="344.859"/>
                        <normal x="-0.278354" y="-0.473097" z="0.835882"/>
                        <texcoord u="12.1586" v="-89.9104"/>
                    </vertex>
                    <vertex>
                        <position x="404.527" y="2455.8" z="347.728"/>
                        <normal x="-0.225043" y="-0.0132911" z="0.974258"/>
                        <texcoord u="15.5427" v="-85.9923"/>
                    </vertex>
                    <vertex>
                        <position x="394.417" y="2444.89" z="344.202"/>
                        <normal x="-0.597443" y="-0.166751" z="0.784383"/>
                        <texcoord u="12.5848" v="-90.9078"/>
                    </vertex>
                    <vertex>
                        <position x="405.663" y="2454.18" z="349.38"/>
                        <normal x="-0.528796" y="0.396489" z="0.750447"/>
                        <texcoord u="15.2714" v="-91.5088"/>
                    </vertex>
                    <vertex>
                        <position x="415.657" y="2461.2" z="350.98"/>
                        <normal x="-0.223006" y="0.442024" z="0.86884"/>
                        <texcoord u="11.677" v="-86.5446"/>
                    </vertex>
                    <vertex>
                        <position x="404.527" y="2455.8" z="347.728"/>
                        <normal x="-0.225043" y="-0.0132911" z="0.974258"/>
                        <texcoord u="15.5427" v="-85.9923"/>
                    </vertex>
                    <vertex>
                        <position x="405.663" y="2454.18" z="349.38"/>
                        <normal x="-0.528796" y="0.396489" z="0.750447"/>
                        <texcoord u="15.2714" v="-91.5088"/>
                    </vertex>
                    <vertex>
                        <position x="428.509" y="2448.32" z="344.249"/>
                        <normal x="0.261538" y="-0.415156" z="0.871346"/>
                        <texcoord u="15.3241" v="-93.7077"/>
                    </vertex>
                    <vertex>
                        <position x="418.73" y="2438.41" z="340.816"/>
                        <normal x="-0.152481" y="-0.159245" z="0.975393"/>
                        <texcoord u="14.5341" v="-93.873"/>
                    </vertex>
                    <vertex>
                        <position x="432.523" y="2447.88" z="345.737"/>
                        <normal x="-0.345885" y="0.0163484" z="0.938134"/>
                        <texcoord u="16.4483" v="-95.3372"/>
                    </vertex>
                </vertexbuffer>
            </geometry>
        </submesh>
    </submeshes>
    <submeshnames>
        <submeshname name="submesh0" index="0"/>
    </submeshnames>
</mesh>
