<mesh>
    <submeshes>
        <submesh material="FrontCol" usesharedvertices="false" use32bitindexes="false" operationtype="triangle_list">
            <faces count="18">
                <face v1="0" v2="1" v3="2"/>
                <face v1="3" v2="4" v3="5"/>
                <face v1="6" v2="7" v3="8"/>
                <face v1="9" v2="10" v3="11"/>
                <face v1="12" v2="13" v3="14"/>
                <face v1="15" v2="16" v3="17"/>
                <face v1="18" v2="19" v3="20"/>
                <face v1="21" v2="22" v3="23"/>
                <face v1="24" v2="25" v3="26"/>
                <face v1="27" v2="28" v3="29"/>
                <face v1="30" v2="31" v3="32"/>
                <face v1="33" v2="34" v3="35"/>
                <face v1="36" v2="37" v3="38"/>
                <face v1="39" v2="40" v3="41"/>
                <face v1="42" v2="43" v3="44"/>
                <face v1="45" v2="46" v3="47"/>
                <face v1="48" v2="49" v3="50"/>
                <face v1="51" v2="52" v3="53"/>
            </faces>
            <geometry vertexcount="54">
                <vertexbuffer positions="true" normals="true" texture_coord_dimensions_0="2" texture_coords="1">
                    <vertex>
                        <position x="-529.771" y="1926.81" z="235.58"/>
                        <normal x="-0.283235" y="-0.585947" z="0.759239"/>
                        <texcoord u="5.22232" v="-52.074"/>
                    </vertex>
                    <vertex>
                        <position x="-530.974" y="1927.34" z="236.448"/>
                        <normal x="-0.189235" y="-0.944164" z="0.26971"/>
                        <texcoord u="5.26154" v="-52.122"/>
                    </vertex>
                    <vertex>
                        <position x="-544.579" y="1934.13" z="230.489"/>
                        <normal x="-0.555021" y="-0.712529" z="0.42925"/>
                        <texcoord u="5.08772" v="-52.7411"/>
                    </vertex>
                    <vertex>
                        <position x="-529.116" y="1930.69" z="237.471"/>
                        <normal x="0.380695" y="-0.456244" z="0.804309"/>
                        <texcoord u="-21.9039" v="-63.3076"/>
                    </vertex>
                    <vertex>
                        <position x="-530.974" y="1927.34" z="236.448"/>
                        <normal x="-0.189235" y="-0.944164" z="0.26971"/>
                        <texcoord u="5.26154" v="-52.122"/>
                    </vertex>
                    <vertex>
                        <position x="-529.771" y="1926.81" z="235.58"/>
                        <normal x="-0.283235" y="-0.585947" z="0.759239"/>
                        <texcoord u="5.22232" v="-52.074"/>
                    </vertex>
                    <vertex>
                        <position x="-530.974" y="1927.34" z="236.448"/>
                        <normal x="-0.189235" y="-0.944164" z="0.26971"/>
                        <texcoord u="5.26154" v="-52.122"/>
                    </vertex>
                    <vertex>
                        <position x="-544.657" y="1934.01" z="231.738"/>
                        <normal x="-0.296204" y="-0.928723" z="-0.22302"/>
                        <texcoord u="8.5779" v="-50.9923"/>
                    </vertex>
                    <vertex>
                        <position x="-544.579" y="1934.13" z="230.489"/>
                        <normal x="-0.555021" y="-0.712529" z="0.42925"/>
                        <texcoord u="5.08772" v="-52.7411"/>
                    </vertex>
                    <vertex>
                        <position x="-544.579" y="1934.13" z="230.489"/>
                        <normal x="-0.555021" y="-0.712529" z="0.42925"/>
                        <texcoord u="5.08772" v="-52.7411"/>
                    </vertex>
                    <vertex>
                        <position x="-544.657" y="1934.01" z="231.738"/>
                        <normal x="-0.296204" y="-0.928723" z="-0.22302"/>
                        <texcoord u="8.5779" v="-50.9923"/>
                    </vertex>
                    <vertex>
                        <position x="-557.105" y="1939.74" z="223.224"/>
                        <normal x="-0.604234" y="-0.779152" z="0.166803"/>
                        <texcoord u="9.12269" v="-48.003"/>
                    </vertex>
                    <vertex>
                        <position x="-544.657" y="1934.01" z="231.738"/>
                        <normal x="-0.296204" y="-0.928723" z="-0.22302"/>
                        <texcoord u="8.5779" v="-50.9923"/>
                    </vertex>
                    <vertex>
                        <position x="-561.587" y="1940.06" z="223.716"/>
                        <normal x="-0.111056" y="-0.89207" z="-0.438038"/>
                        <texcoord u="24.006" v="-36.8935"/>
                    </vertex>
                    <vertex>
                        <position x="-557.105" y="1939.74" z="223.224"/>
                        <normal x="-0.604234" y="-0.779152" z="0.166803"/>
                        <texcoord u="9.12269" v="-48.003"/>
                    </vertex>
                    <vertex>
                        <position x="-557.105" y="1939.74" z="223.224"/>
                        <normal x="-0.604234" y="-0.779152" z="0.166803"/>
                        <texcoord u="9.12269" v="-48.003"/>
                    </vertex>
                    <vertex>
                        <position x="-556.271" y="1937.87" z="223.194"/>
                        <normal x="-0.728043" y="-0.324858" z="0.603673"/>
                        <texcoord u="-18.0452" v="-76.7953"/>
                    </vertex>
                    <vertex>
                        <position x="-544.579" y="1934.13" z="230.489"/>
                        <normal x="-0.555021" y="-0.712529" z="0.42925"/>
                        <texcoord u="5.08772" v="-52.7411"/>
                    </vertex>
                    <vertex>
                        <position x="-556.342" y="1935.02" z="213.865"/>
                        <normal x="-0.665753" y="-0.73954" z="-0.0992675"/>
                        <texcoord u="-1.59297" v="-78.387"/>
                    </vertex>
                    <vertex>
                        <position x="-556.271" y="1937.87" z="223.194"/>
                        <normal x="-0.728043" y="-0.324858" z="0.603673"/>
                        <texcoord u="-18.0452" v="-76.7953"/>
                    </vertex>
                    <vertex>
                        <position x="-557.105" y="1939.74" z="223.224"/>
                        <normal x="-0.604234" y="-0.779152" z="0.166803"/>
                        <texcoord u="9.12269" v="-48.003"/>
                    </vertex>
                    <vertex>
                        <position x="-556.342" y="1935.02" z="213.865"/>
                        <normal x="-0.665753" y="-0.73954" z="-0.0992675"/>
                        <texcoord u="-1.59297" v="-78.387"/>
                    </vertex>
                    <vertex>
                        <position x="-557.105" y="1939.74" z="223.224"/>
                        <normal x="-0.604234" y="-0.779152" z="0.166803"/>
                        <texcoord u="9.12269" v="-48.003"/>
                    </vertex>
                    <vertex>
                        <position x="-557.854" y="1935.79" z="212.989"/>
                        <normal x="-0.467864" y="-0.883136" z="0.0342718"/>
                        <texcoord u="-10.4971" v="-65.7181"/>
                    </vertex>
                    <vertex>
                        <position x="-549.099" y="1934.82" z="206.201"/>
                        <normal x="-0.368164" y="-0.849564" z="-0.377751"/>
                        <texcoord u="16.6968" v="-45.5098"/>
                    </vertex>
                    <vertex>
                        <position x="-556.342" y="1935.02" z="213.865"/>
                        <normal x="-0.665753" y="-0.73954" z="-0.0992675"/>
                        <texcoord u="-1.59297" v="-78.387"/>
                    </vertex>
                    <vertex>
                        <position x="-557.854" y="1935.79" z="212.989"/>
                        <normal x="-0.467864" y="-0.883136" z="0.0342718"/>
                        <texcoord u="-10.4971" v="-65.7181"/>
                    </vertex>
                    <vertex>
                        <position x="-549.099" y="1934.82" z="206.201"/>
                        <normal x="-0.368164" y="-0.849564" z="-0.377751"/>
                        <texcoord u="16.6968" v="-45.5098"/>
                    </vertex>
                    <vertex>
                        <position x="-548.92" y="1933.34" z="207.566"/>
                        <normal x="-0.266346" y="-0.672068" z="-0.69093"/>
                        <texcoord u="17.2154" v="-70.4173"/>
                    </vertex>
                    <vertex>
                        <position x="-556.342" y="1935.02" z="213.865"/>
                        <normal x="-0.665753" y="-0.73954" z="-0.0992675"/>
                        <texcoord u="-1.59297" v="-78.387"/>
                    </vertex>
                    <vertex>
                        <position x="-549.099" y="1934.82" z="206.201"/>
                        <normal x="-0.368164" y="-0.849564" z="-0.377751"/>
                        <texcoord u="16.6968" v="-45.5098"/>
                    </vertex>
                    <vertex>
                        <position x="-536.426" y="1929.11" z="213.155"/>
                        <normal x="-0.406766" y="-0.911214" z="-0.0650472"/>
                        <texcoord u="22.7371" v="-52.0988"/>
                    </vertex>
                    <vertex>
                        <position x="-548.92" y="1933.34" z="207.566"/>
                        <normal x="-0.266346" y="-0.672068" z="-0.69093"/>
                        <texcoord u="17.2154" v="-70.4173"/>
                    </vertex>
                    <vertex>
                        <position x="-535.587" y="1928.43" z="212.454"/>
                        <normal x="-0.513629" y="-0.835557" z="0.195011"/>
                        <texcoord u="-7.66802" v="-58.6723"/>
                    </vertex>
                    <vertex>
                        <position x="-536.426" y="1929.11" z="213.155"/>
                        <normal x="-0.406766" y="-0.911214" z="-0.0650472"/>
                        <texcoord u="22.7371" v="-52.0988"/>
                    </vertex>
                    <vertex>
                        <position x="-549.099" y="1934.82" z="206.201"/>
                        <normal x="-0.368164" y="-0.849564" z="-0.377751"/>
                        <texcoord u="16.6968" v="-45.5098"/>
                    </vertex>
                    <vertex>
                        <position x="-524.208" y="1923.17" z="222.064"/>
                        <normal x="-0.122083" y="-0.983045" z="0.136818"/>
                        <texcoord u="-4.96011" v="-59.6498"/>
                    </vertex>
                    <vertex>
                        <position x="-536.426" y="1929.11" z="213.155"/>
                        <normal x="-0.406766" y="-0.911214" z="-0.0650472"/>
                        <texcoord u="22.7371" v="-52.0988"/>
                    </vertex>
                    <vertex>
                        <position x="-535.587" y="1928.43" z="212.454"/>
                        <normal x="-0.513629" y="-0.835557" z="0.195011"/>
                        <texcoord u="-7.66802" v="-58.6723"/>
                    </vertex>
                    <vertex>
                        <position x="-524.135" y="1923.34" z="223.596"/>
                        <normal x="0.151787" y="-0.983266" z="0.100745"/>
                        <texcoord u="-3.03195" v="-57.4702"/>
                    </vertex>
                    <vertex>
                        <position x="-536.426" y="1929.11" z="213.155"/>
                        <normal x="-0.406766" y="-0.911214" z="-0.0650472"/>
                        <texcoord u="22.7371" v="-52.0988"/>
                    </vertex>
                    <vertex>
                        <position x="-524.208" y="1923.17" z="222.064"/>
                        <normal x="-0.122083" y="-0.983045" z="0.136818"/>
                        <texcoord u="-4.96011" v="-59.6498"/>
                    </vertex>
                    <vertex>
                        <position x="-521.561" y="1926.04" z="221.408"/>
                        <normal x="0.738605" y="-0.673029" z="0.0386562"/>
                        <texcoord u="-3.31807" v="-39.9529"/>
                    </vertex>
                    <vertex>
                        <position x="-524.135" y="1923.34" z="223.596"/>
                        <normal x="0.151787" y="-0.983266" z="0.100745"/>
                        <texcoord u="-3.03195" v="-57.4702"/>
                    </vertex>
                    <vertex>
                        <position x="-524.208" y="1923.17" z="222.064"/>
                        <normal x="-0.122083" y="-0.983045" z="0.136818"/>
                        <texcoord u="-4.96011" v="-59.6498"/>
                    </vertex>
                    <vertex>
                        <position x="-556.271" y="1937.87" z="223.194"/>
                        <normal x="-0.728043" y="-0.324858" z="0.603673"/>
                        <texcoord u="-18.0452" v="-76.7953"/>
                    </vertex>
                    <vertex>
                        <position x="-545.22" y="1931.95" z="229.354"/>
                        <normal x="-0.481652" y="-0.264093" z="0.835623"/>
                        <texcoord u="-17.6599" v="-76.6179"/>
                    </vertex>
                    <vertex>
                        <position x="-544.579" y="1934.13" z="230.489"/>
                        <normal x="-0.555021" y="-0.712529" z="0.42925"/>
                        <texcoord u="5.08772" v="-52.7411"/>
                    </vertex>
                    <vertex>
                        <position x="-544.579" y="1934.13" z="230.489"/>
                        <normal x="-0.555021" y="-0.712529" z="0.42925"/>
                        <texcoord u="5.08772" v="-52.7411"/>
                    </vertex>
                    <vertex>
                        <position x="-545.22" y="1931.95" z="229.354"/>
                        <normal x="-0.481652" y="-0.264093" z="0.835623"/>
                        <texcoord u="-17.6599" v="-76.6179"/>
                    </vertex>
                    <vertex>
                        <position x="-529.771" y="1926.81" z="235.58"/>
                        <normal x="-0.283235" y="-0.585947" z="0.759239"/>
                        <texcoord u="5.22232" v="-52.074"/>
                    </vertex>
                    <vertex>
                        <position x="-545.22" y="1931.95" z="229.354"/>
                        <normal x="-0.481652" y="-0.264093" z="0.835623"/>
                        <texcoord u="-17.6599" v="-76.6179"/>
                    </vertex>
                    <vertex>
                        <position x="-531.88" y="1925.92" z="234.294"/>
                        <normal x="-0.430345" y="-0.239082" z="0.870427"/>
                        <texcoord u="-19.4731" v="-75.6322"/>
                    </vertex>
                    <vertex>
                        <position x="-529.771" y="1926.81" z="235.58"/>
                        <normal x="-0.283235" y="-0.585947" z="0.759239"/>
                        <texcoord u="5.22232" v="-52.074"/>
                    </vertex>
                </vertexbuffer>
            </geometry>
        </submesh>
    </submeshes>
    <submeshnames>
        <submeshname name="submesh0" index="0"/>
    </submeshnames>
</mesh>
