<mesh>
    <submeshes>
        <submesh material="03___Def" usesharedvertices="false" use32bitindexes="false" operationtype="triangle_list">
            <faces count="1">
                <face v1="0" v2="1" v3="2"/>
            </faces>
            <geometry vertexcount="3">
                <vertexbuffer positions="true" normals="true" texture_coord_dimensions_0="2" texture_coords="1">
                    <vertex>
                        <position x="442.271" y="2434.43" z="301.443"/>
                        <normal x="-0.843025" y="-0.284401" z="0.456536"/>
                        <texcoord u="0.899608" v="0.992129"/>
                    </vertex>
                    <vertex>
                        <position x="443.341" y="2433.84" z="303.046"/>
                        <normal x="-0.843025" y="-0.284401" z="0.456536"/>
                        <texcoord u="0.900405" v="0.991448"/>
                    </vertex>
                    <vertex>
                        <position x="441.672" y="2436.24" z="301.461"/>
                        <normal x="-0.843025" y="-0.284401" z="0.456536"/>
                        <texcoord u="0.898888" v="0.99098"/>
                    </vertex>
                </vertexbuffer>
            </geometry>
        </submesh>
    </submeshes>
    <submeshnames>
        <submeshname name="submesh0" index="0"/>
    </submeshnames>
</mesh>
