<mesh>
    <submeshes>
        <submesh material="03___Def" usesharedvertices="false" use32bitindexes="false" operationtype="triangle_list">
            <faces count="8">
                <face v1="0" v2="1" v3="2"/>
                <face v1="3" v2="4" v3="5"/>
                <face v1="6" v2="7" v3="8"/>
                <face v1="9" v2="10" v3="11"/>
                <face v1="12" v2="13" v3="14"/>
                <face v1="15" v2="16" v3="17"/>
                <face v1="18" v2="19" v3="20"/>
                <face v1="21" v2="22" v3="23"/>
            </faces>
            <geometry vertexcount="24">
                <vertexbuffer positions="true" normals="true" texture_coord_dimensions_0="2" texture_coords="1">
                    <vertex>
                        <position x="-494.316" y="2025.93" z="120.553"/>
                        <normal x="0.399466" y="-0.908835" z="0.120195"/>
                        <texcoord u="0.905464" v="0.993249"/>
                    </vertex>
                    <vertex>
                        <position x="-495.026" y="2026.55" z="125.761"/>
                        <normal x="0.364127" y="-0.84186" z="0.39835"/>
                        <texcoord u="0.903314" v="0.992062"/>
                    </vertex>
                    <vertex>
                        <position x="-504.934" y="2021.83" z="124.837"/>
                        <normal x="0.281588" y="-0.877265" z="0.388735"/>
                        <texcoord u="0.905656" v="0.987936"/>
                    </vertex>
                    <vertex>
                        <position x="-495.026" y="2026.55" z="125.761"/>
                        <normal x="0.364127" y="-0.84186" z="0.39835"/>
                        <texcoord u="0.903314" v="0.992062"/>
                    </vertex>
                    <vertex>
                        <position x="-496.753" y="2029.37" z="130.001"/>
                        <normal x="0.262888" y="-0.722817" z="0.639081"/>
                        <texcoord u="0.901122" v="0.99094"/>
                    </vertex>
                    <vertex>
                        <position x="-504.934" y="2021.83" z="124.837"/>
                        <normal x="0.281588" y="-0.877265" z="0.388735"/>
                        <texcoord u="0.905656" v="0.987936"/>
                    </vertex>
                    <vertex>
                        <position x="-496.753" y="2029.37" z="130.001"/>
                        <normal x="0.262888" y="-0.722817" z="0.639081"/>
                        <texcoord u="0.901122" v="0.99094"/>
                    </vertex>
                    <vertex>
                        <position x="-506.842" y="2026.35" z="130.296"/>
                        <normal x="0.143251" y="-0.75549" z="0.639308"/>
                        <texcoord u="0.902714" v="0.986598"/>
                    </vertex>
                    <vertex>
                        <position x="-504.934" y="2021.83" z="124.837"/>
                        <normal x="0.281588" y="-0.877265" z="0.388735"/>
                        <texcoord u="0.905656" v="0.987936"/>
                    </vertex>
                    <vertex>
                        <position x="-504.934" y="2021.83" z="124.837"/>
                        <normal x="0.281588" y="-0.877265" z="0.388735"/>
                        <texcoord u="0.905656" v="0.987936"/>
                    </vertex>
                    <vertex>
                        <position x="-506.842" y="2026.35" z="130.296"/>
                        <normal x="0.143251" y="-0.75549" z="0.639308"/>
                        <texcoord u="0.902714" v="0.986598"/>
                    </vertex>
                    <vertex>
                        <position x="-515.951" y="2019.29" z="122.927"/>
                        <normal x="0.17442" y="-0.911046" z="0.373595"/>
                        <texcoord u="0.908045" v="0.983508"/>
                    </vertex>
                    <vertex>
                        <position x="-506.842" y="2026.35" z="130.296"/>
                        <normal x="0.143251" y="-0.75549" z="0.639308"/>
                        <texcoord u="0.902714" v="0.986598"/>
                    </vertex>
                    <vertex>
                        <position x="-515.8" y="2023.63" z="128.698"/>
                        <normal x="0.135012" y="-0.793157" z="0.593864"/>
                        <texcoord u="0.904779" v="0.982948"/>
                    </vertex>
                    <vertex>
                        <position x="-515.951" y="2019.29" z="122.927"/>
                        <normal x="0.17442" y="-0.911046" z="0.373595"/>
                        <texcoord u="0.908045" v="0.983508"/>
                    </vertex>
                    <vertex>
                        <position x="-503.612" y="2021.79" z="117.77"/>
                        <normal x="0.286295" y="-0.954136" z="0.0875233"/>
                        <texcoord u="0.908411" v="0.989642"/>
                    </vertex>
                    <vertex>
                        <position x="-504.934" y="2021.83" z="124.837"/>
                        <normal x="0.281588" y="-0.877265" z="0.388735"/>
                        <texcoord u="0.905656" v="0.987936"/>
                    </vertex>
                    <vertex>
                        <position x="-515.951" y="2019.29" z="122.927"/>
                        <normal x="0.17442" y="-0.911046" z="0.373595"/>
                        <texcoord u="0.908045" v="0.983508"/>
                    </vertex>
                    <vertex>
                        <position x="-494.316" y="2025.93" z="120.553"/>
                        <normal x="0.399466" y="-0.908835" z="0.120195"/>
                        <texcoord u="0.905464" v="0.993249"/>
                    </vertex>
                    <vertex>
                        <position x="-504.934" y="2021.83" z="124.837"/>
                        <normal x="0.281588" y="-0.877265" z="0.388735"/>
                        <texcoord u="0.905656" v="0.987936"/>
                    </vertex>
                    <vertex>
                        <position x="-503.612" y="2021.79" z="117.77"/>
                        <normal x="0.286295" y="-0.954136" z="0.0875233"/>
                        <texcoord u="0.908411" v="0.989642"/>
                    </vertex>
                    <vertex>
                        <position x="-503.612" y="2021.79" z="117.77"/>
                        <normal x="0.286295" y="-0.954136" z="0.0875233"/>
                        <texcoord u="0.908411" v="0.989642"/>
                    </vertex>
                    <vertex>
                        <position x="-515.951" y="2019.29" z="122.927"/>
                        <normal x="0.17442" y="-0.911046" z="0.373595"/>
                        <texcoord u="0.908045" v="0.983508"/>
                    </vertex>
                    <vertex>
                        <position x="-512.684" y="2019.23" z="116.61"/>
                        <normal x="0.252652" y="-0.957486" z="0.139238"/>
                        <texcoord u="0.910315" v="0.985879"/>
                    </vertex>
                </vertexbuffer>
            </geometry>
        </submesh>
    </submeshes>
    <submeshnames>
        <submeshname name="submesh0" index="0"/>
    </submeshnames>
</mesh>
