<mesh>
    <submeshes>
        <submesh material="03___Def" usesharedvertices="false" use32bitindexes="false" operationtype="triangle_list">
            <faces count="1">
                <face v1="0" v2="1" v3="2"/>
            </faces>
            <geometry vertexcount="3">
                <vertexbuffer positions="true" normals="true" texture_coord_dimensions_0="2" texture_coords="1">
                    <vertex>
                        <position x="359.546" y="2659.55" z="323.821"/>
                        <normal x="-0.687499" y="0.526518" z="0.500124"/>
                        <texcoord u="0.836567" v="0.817654"/>
                    </vertex>
                    <vertex>
                        <position x="359.016" y="2657.52" z="325.239"/>
                        <normal x="-0.687499" y="0.526518" z="0.500124"/>
                        <texcoord u="0.835453" v="0.817353"/>
                    </vertex>
                    <vertex>
                        <position x="363.801" y="2659.96" z="329.246"/>
                        <normal x="-0.687499" y="0.526518" z="0.500124"/>
                        <texcoord u="0.835202" v="0.82064"/>
                    </vertex>
                </vertexbuffer>
            </geometry>
        </submesh>
    </submeshes>
    <submeshnames>
        <submeshname name="submesh0" index="0"/>
    </submeshnames>
</mesh>
