<mesh>
    <submeshes>
        <submesh material="FrontCol" usesharedvertices="false" use32bitindexes="false" operationtype="triangle_list">
            <faces count="1">
                <face v1="0" v2="1" v3="2"/>
            </faces>
            <geometry vertexcount="3">
                <vertexbuffer positions="true" normals="true" texture_coord_dimensions_0="2" texture_coords="1">
                    <vertex>
                        <position x="-510.106" y="1999.51" z="184.307"/>
                        <normal x="0.68532" y="0.55087" z="0.476317"/>
                        <texcoord u="-13.2113" v="-74.5169"/>
                    </vertex>
                    <vertex>
                        <position x="-506.783" y="1992.03" z="188.173"/>
                        <normal x="0.68532" y="0.55087" z="0.476317"/>
                        <texcoord u="-13.2616" v="-74.1642"/>
                    </vertex>
                    <vertex>
                        <position x="-504.991" y="1990.85" z="186.965"/>
                        <normal x="0.68532" y="0.55087" z="0.476317"/>
                        <texcoord u="-13.1823" v="-74.1083"/>
                    </vertex>
                </vertexbuffer>
            </geometry>
        </submesh>
    </submeshes>
    <submeshnames>
        <submeshname name="submesh0" index="0"/>
    </submeshnames>
</mesh>
