<mesh>
    <submeshes>
        <submesh material="FrontCol" usesharedvertices="false" use32bitindexes="false" operationtype="triangle_list">
            <faces count="1">
                <face v1="0" v2="1" v3="2"/>
            </faces>
            <geometry vertexcount="3">
                <vertexbuffer positions="true" normals="true" texture_coord_dimensions_0="2" texture_coords="1">
                    <vertex>
                        <position x="376.479" y="2668.51" z="317.769"/>
                        <normal x="0.436357" y="0.658028" z="0.613671"/>
                        <texcoord u="6.93812" v="-70.0708"/>
                    </vertex>
                    <vertex>
                        <position x="372.144" y="2663.21" z="326.537"/>
                        <normal x="0.436357" y="0.658028" z="0.613671"/>
                        <texcoord u="6.59897" v="-69.7937"/>
                    </vertex>
                    <vertex>
                        <position x="372.625" y="2661.42" z="328.106"/>
                        <normal x="0.436357" y="0.658028" z="0.613671"/>
                        <texcoord u="6.57862" v="-69.7005"/>
                    </vertex>
                </vertexbuffer>
            </geometry>
        </submesh>
    </submeshes>
    <submeshnames>
        <submeshname name="submesh0" index="0"/>
    </submeshnames>
</mesh>
