<mesh>
    <submeshes>
        <submesh material="03___Def" usesharedvertices="false" use32bitindexes="false" operationtype="triangle_list">
            <faces count="1">
                <face v1="0" v2="1" v3="2"/>
            </faces>
            <geometry vertexcount="3">
                <vertexbuffer positions="true" normals="true" texture_coord_dimensions_0="2" texture_coords="1">
                    <vertex>
                        <position x="363.999" y="2661.78" z="327.597"/>
                        <normal x="-0.636865" y="0.689301" z="0.345351"/>
                        <texcoord u="0.836051" v="0.820692"/>
                    </vertex>
                    <vertex>
                        <position x="358.651" y="2659.91" z="321.457"/>
                        <normal x="-0.636865" y="0.689301" z="0.345351"/>
                        <texcoord u="0.837437" v="0.816913"/>
                    </vertex>
                    <vertex>
                        <position x="359.546" y="2659.55" z="323.821"/>
                        <normal x="-0.636865" y="0.689301" z="0.345351"/>
                        <texcoord u="0.836567" v="0.817654"/>
                    </vertex>
                </vertexbuffer>
            </geometry>
        </submesh>
    </submeshes>
    <submeshnames>
        <submeshname name="submesh0" index="0"/>
    </submeshnames>
</mesh>
