<mesh>
    <submeshes>
        <submesh material="FrontCol" usesharedvertices="false" use32bitindexes="false" operationtype="triangle_list">
            <faces count="1">
                <face v1="0" v2="1" v3="2"/>
            </faces>
            <geometry vertexcount="3">
                <vertexbuffer positions="true" normals="true" texture_coord_dimensions_0="2" texture_coords="1">
                    <vertex>
                        <position x="-581.553" y="1933.51" z="248.475"/>
                        <normal x="0.561782" y="-0.504897" z="0.655347"/>
                        <texcoord u="-21.0554" v="-57.7241"/>
                    </vertex>
                    <vertex>
                        <position x="-586.987" y="1927.34" z="248.38"/>
                        <normal x="0.561782" y="-0.504897" z="0.655347"/>
                        <texcoord u="-21.2154" v="-57.4427"/>
                    </vertex>
                    <vertex>
                        <position x="-586.665" y="1925.74" z="246.871"/>
                        <normal x="0.561782" y="-0.504897" z="0.655347"/>
                        <texcoord u="-21.1671" v="-57.3697"/>
                    </vertex>
                </vertexbuffer>
            </geometry>
        </submesh>
    </submeshes>
    <submeshnames>
        <submeshname name="submesh0" index="0"/>
    </submeshnames>
</mesh>
