<mesh>
    <submeshes>
        <submesh material="01___Def" usesharedvertices="false" use32bitindexes="false" operationtype="triangle_list">
            <faces count="94">
                <face v1="0" v2="1" v3="2"/>
                <face v1="3" v2="4" v3="5"/>
                <face v1="6" v2="7" v3="8"/>
                <face v1="9" v2="10" v3="11"/>
                <face v1="12" v2="13" v3="14"/>
                <face v1="15" v2="16" v3="17"/>
                <face v1="18" v2="19" v3="20"/>
                <face v1="21" v2="22" v3="23"/>
                <face v1="24" v2="25" v3="26"/>
                <face v1="27" v2="28" v3="29"/>
                <face v1="30" v2="31" v3="32"/>
                <face v1="33" v2="34" v3="35"/>
                <face v1="36" v2="37" v3="38"/>
                <face v1="39" v2="40" v3="41"/>
                <face v1="42" v2="43" v3="44"/>
                <face v1="45" v2="46" v3="47"/>
                <face v1="48" v2="49" v3="50"/>
                <face v1="51" v2="52" v3="53"/>
                <face v1="54" v2="55" v3="56"/>
                <face v1="57" v2="58" v3="59"/>
                <face v1="60" v2="61" v3="62"/>
                <face v1="63" v2="64" v3="65"/>
                <face v1="66" v2="67" v3="68"/>
                <face v1="69" v2="70" v3="71"/>
                <face v1="72" v2="73" v3="74"/>
                <face v1="75" v2="76" v3="77"/>
                <face v1="78" v2="79" v3="80"/>
                <face v1="81" v2="82" v3="83"/>
                <face v1="84" v2="85" v3="86"/>
                <face v1="87" v2="88" v3="89"/>
                <face v1="90" v2="91" v3="92"/>
                <face v1="93" v2="94" v3="95"/>
                <face v1="96" v2="97" v3="98"/>
                <face v1="99" v2="100" v3="101"/>
                <face v1="102" v2="103" v3="104"/>
                <face v1="105" v2="106" v3="107"/>
                <face v1="108" v2="109" v3="110"/>
                <face v1="111" v2="112" v3="113"/>
                <face v1="114" v2="115" v3="116"/>
                <face v1="117" v2="118" v3="119"/>
                <face v1="120" v2="121" v3="122"/>
                <face v1="123" v2="124" v3="125"/>
                <face v1="126" v2="127" v3="128"/>
                <face v1="129" v2="130" v3="131"/>
                <face v1="132" v2="133" v3="134"/>
                <face v1="135" v2="136" v3="137"/>
                <face v1="138" v2="139" v3="140"/>
                <face v1="141" v2="142" v3="143"/>
                <face v1="144" v2="145" v3="146"/>
                <face v1="147" v2="148" v3="149"/>
                <face v1="150" v2="151" v3="152"/>
                <face v1="153" v2="154" v3="155"/>
                <face v1="156" v2="157" v3="158"/>
                <face v1="159" v2="160" v3="161"/>
                <face v1="162" v2="163" v3="164"/>
                <face v1="165" v2="166" v3="167"/>
                <face v1="168" v2="169" v3="170"/>
                <face v1="171" v2="172" v3="173"/>
                <face v1="174" v2="175" v3="176"/>
                <face v1="177" v2="178" v3="179"/>
                <face v1="180" v2="181" v3="182"/>
                <face v1="183" v2="184" v3="185"/>
                <face v1="186" v2="187" v3="188"/>
                <face v1="189" v2="190" v3="191"/>
                <face v1="192" v2="193" v3="194"/>
                <face v1="195" v2="196" v3="197"/>
                <face v1="198" v2="199" v3="200"/>
                <face v1="201" v2="202" v3="203"/>
                <face v1="204" v2="205" v3="206"/>
                <face v1="207" v2="208" v3="209"/>
                <face v1="210" v2="211" v3="212"/>
                <face v1="213" v2="214" v3="215"/>
                <face v1="216" v2="217" v3="218"/>
                <face v1="219" v2="220" v3="221"/>
                <face v1="222" v2="223" v3="224"/>
                <face v1="225" v2="226" v3="227"/>
                <face v1="228" v2="229" v3="230"/>
                <face v1="231" v2="232" v3="233"/>
                <face v1="234" v2="235" v3="236"/>
                <face v1="237" v2="238" v3="239"/>
                <face v1="240" v2="241" v3="242"/>
                <face v1="243" v2="244" v3="245"/>
                <face v1="246" v2="247" v3="248"/>
                <face v1="249" v2="250" v3="251"/>
                <face v1="252" v2="253" v3="254"/>
                <face v1="255" v2="256" v3="257"/>
                <face v1="258" v2="259" v3="260"/>
                <face v1="261" v2="262" v3="263"/>
                <face v1="264" v2="265" v3="266"/>
                <face v1="267" v2="268" v3="269"/>
                <face v1="270" v2="271" v3="272"/>
                <face v1="273" v2="274" v3="275"/>
                <face v1="276" v2="277" v3="278"/>
                <face v1="279" v2="280" v3="281"/>
            </faces>
            <geometry vertexcount="282">
                <vertexbuffer positions="true" normals="true" texture_coord_dimensions_0="2" texture_coords="1">
                    <vertex>
                        <position x="210.184" y="3948.85" z="3.57432"/>
                        <normal x="0.644422" y="-0.213659" z="-0.734214"/>
                        <texcoord u="1.44978" v="0.405155"/>
                    </vertex>
                    <vertex>
                        <position x="249.83" y="3880.39" z="110.135"/>
                        <normal x="0.848431" y="-0.14305" z="-0.50961"/>
                        <texcoord u="1.61098" v="0.483793"/>
                    </vertex>
                    <vertex>
                        <position x="208.981" y="3865.38" z="51.2743"/>
                        <normal x="0.582562" y="-0.301621" z="-0.754749"/>
                        <texcoord u="1.44949" v="0.483904"/>
                    </vertex>
                    <vertex>
                        <position x="210.184" y="3948.85" z="3.57432"/>
                        <normal x="0.644422" y="-0.213659" z="-0.734214"/>
                        <texcoord u="1.44978" v="0.405155"/>
                    </vertex>
                    <vertex>
                        <position x="251.08" y="3973.77" z="75.5274"/>
                        <normal x="0.869507" y="-0.0942927" z="-0.484836"/>
                        <texcoord u="1.61356" v="0.404682"/>
                    </vertex>
                    <vertex>
                        <position x="249.83" y="3880.39" z="110.135"/>
                        <normal x="0.848431" y="-0.14305" z="-0.50961"/>
                        <texcoord u="1.61098" v="0.483793"/>
                    </vertex>
                    <vertex>
                        <position x="205.365" y="4019.96" z="-7.21525"/>
                        <normal x="0.629111" y="-0.0241218" z="-0.776941"/>
                        <texcoord u="1.4502" v="0.348493"/>
                    </vertex>
                    <vertex>
                        <position x="251.08" y="3973.77" z="75.5274"/>
                        <normal x="0.869507" y="-0.0942927" z="-0.484836"/>
                        <texcoord u="1.61356" v="0.404682"/>
                    </vertex>
                    <vertex>
                        <position x="210.184" y="3948.85" z="3.57432"/>
                        <normal x="0.644422" y="-0.213659" z="-0.734214"/>
                        <texcoord u="1.44978" v="0.405155"/>
                    </vertex>
                    <vertex>
                        <position x="205.365" y="4019.96" z="-7.21525"/>
                        <normal x="0.629111" y="-0.0241218" z="-0.776941"/>
                        <texcoord u="1.4502" v="0.348493"/>
                    </vertex>
                    <vertex>
                        <position x="251.61" y="4022.84" z="67.7245"/>
                        <normal x="0.850322" y="-0.0122562" z="-0.52612"/>
                        <texcoord u="1.62219" v="0.349146"/>
                    </vertex>
                    <vertex>
                        <position x="251.08" y="3973.77" z="75.5274"/>
                        <normal x="0.869507" y="-0.0942927" z="-0.484836"/>
                        <texcoord u="1.61356" v="0.404682"/>
                    </vertex>
                    <vertex>
                        <position x="205.365" y="4019.96" z="-7.21525"/>
                        <normal x="0.629111" y="-0.0241218" z="-0.776941"/>
                        <texcoord u="1.4502" v="0.348493"/>
                    </vertex>
                    <vertex>
                        <position x="202.861" y="4096.76" z="-6.83081"/>
                        <normal x="0.706187" y="0.0246508" z="-0.707596"/>
                        <texcoord u="1.4504" v="0.28364"/>
                    </vertex>
                    <vertex>
                        <position x="251.61" y="4022.84" z="67.7245"/>
                        <normal x="0.850322" y="-0.0122562" z="-0.52612"/>
                        <texcoord u="1.62219" v="0.349146"/>
                    </vertex>
                    <vertex>
                        <position x="88.0788" y="4096.92" z="-43.6731"/>
                        <normal x="0.17964" y="0.00251465" z="-0.983729"/>
                        <texcoord u="1.2947" v="0.283148"/>
                    </vertex>
                    <vertex>
                        <position x="202.861" y="4096.76" z="-6.83081"/>
                        <normal x="0.706187" y="0.0246508" z="-0.707596"/>
                        <texcoord u="1.4504" v="0.28364"/>
                    </vertex>
                    <vertex>
                        <position x="205.365" y="4019.96" z="-7.21525"/>
                        <normal x="0.629111" y="-0.0241218" z="-0.776941"/>
                        <texcoord u="1.4502" v="0.348493"/>
                    </vertex>
                    <vertex>
                        <position x="88.0788" y="4096.92" z="-43.6731"/>
                        <normal x="0.17964" y="0.00251465" z="-0.983729"/>
                        <texcoord u="1.2947" v="0.283148"/>
                    </vertex>
                    <vertex>
                        <position x="205.365" y="4019.96" z="-7.21525"/>
                        <normal x="0.629111" y="-0.0241218" z="-0.776941"/>
                        <texcoord u="1.4502" v="0.348493"/>
                    </vertex>
                    <vertex>
                        <position x="107.88" y="4009.98" z="-41.0736"/>
                        <normal x="0.151692" y="-0.0513591" z="-0.987093"/>
                        <texcoord u="1.2947" v="0.348374"/>
                    </vertex>
                    <vertex>
                        <position x="205.365" y="4019.96" z="-7.21525"/>
                        <normal x="0.629111" y="-0.0241218" z="-0.776941"/>
                        <texcoord u="1.4502" v="0.348493"/>
                    </vertex>
                    <vertex>
                        <position x="210.184" y="3948.85" z="3.57432"/>
                        <normal x="0.644422" y="-0.213659" z="-0.734214"/>
                        <texcoord u="1.44978" v="0.405155"/>
                    </vertex>
                    <vertex>
                        <position x="107.88" y="4009.98" z="-41.0736"/>
                        <normal x="0.151692" y="-0.0513591" z="-0.987093"/>
                        <texcoord u="1.2947" v="0.348374"/>
                    </vertex>
                    <vertex>
                        <position x="107.88" y="4009.98" z="-41.0736"/>
                        <normal x="0.151692" y="-0.0513591" z="-0.987093"/>
                        <texcoord u="1.2947" v="0.348374"/>
                    </vertex>
                    <vertex>
                        <position x="210.184" y="3948.85" z="3.57432"/>
                        <normal x="0.644422" y="-0.213659" z="-0.734214"/>
                        <texcoord u="1.44978" v="0.405155"/>
                    </vertex>
                    <vertex>
                        <position x="119.301" y="3931.69" z="-26.664"/>
                        <normal x="0.180076" y="-0.351736" z="-0.918616"/>
                        <texcoord u="1.2947" v="0.405338"/>
                    </vertex>
                    <vertex>
                        <position x="210.184" y="3948.85" z="3.57432"/>
                        <normal x="0.644422" y="-0.213659" z="-0.734214"/>
                        <texcoord u="1.44978" v="0.405155"/>
                    </vertex>
                    <vertex>
                        <position x="208.981" y="3865.38" z="51.2743"/>
                        <normal x="0.582562" y="-0.301621" z="-0.754749"/>
                        <texcoord u="1.44949" v="0.483904"/>
                    </vertex>
                    <vertex>
                        <position x="119.301" y="3931.69" z="-26.664"/>
                        <normal x="0.180076" y="-0.351736" z="-0.918616"/>
                        <texcoord u="1.2947" v="0.405338"/>
                    </vertex>
                    <vertex>
                        <position x="119.301" y="3931.69" z="-26.664"/>
                        <normal x="0.180076" y="-0.351736" z="-0.918616"/>
                        <texcoord u="1.2947" v="0.405338"/>
                    </vertex>
                    <vertex>
                        <position x="208.981" y="3865.38" z="51.2743"/>
                        <normal x="0.582562" y="-0.301621" z="-0.754749"/>
                        <texcoord u="1.44949" v="0.483904"/>
                    </vertex>
                    <vertex>
                        <position x="121.992" y="3852.08" z="27.8748"/>
                        <normal x="0.173325" y="-0.436955" z="-0.882626"/>
                        <texcoord u="1.2947" v="0.483952"/>
                    </vertex>
                    <vertex>
                        <position x="208.981" y="3865.38" z="51.2743"/>
                        <normal x="0.582562" y="-0.301621" z="-0.754749"/>
                        <texcoord u="1.44949" v="0.483904"/>
                    </vertex>
                    <vertex>
                        <position x="218.04" y="3786.02" z="79.6436"/>
                        <normal x="0.430131" y="0.0495019" z="-0.901408"/>
                        <texcoord u="1.44933" v="0.555323"/>
                    </vertex>
                    <vertex>
                        <position x="121.992" y="3852.08" z="27.8748"/>
                        <normal x="0.173325" y="-0.436955" z="-0.882626"/>
                        <texcoord u="1.2947" v="0.483952"/>
                    </vertex>
                    <vertex>
                        <position x="208.981" y="3865.38" z="51.2743"/>
                        <normal x="0.582562" y="-0.301621" z="-0.754749"/>
                        <texcoord u="1.44949" v="0.483904"/>
                    </vertex>
                    <vertex>
                        <position x="260.786" y="3805.83" z="119.856"/>
                        <normal x="0.706892" y="0.112454" z="-0.698325"/>
                        <texcoord u="1.61042" v="0.555271"/>
                    </vertex>
                    <vertex>
                        <position x="218.04" y="3786.02" z="79.6436"/>
                        <normal x="0.430131" y="0.0495019" z="-0.901408"/>
                        <texcoord u="1.44933" v="0.555323"/>
                    </vertex>
                    <vertex>
                        <position x="208.981" y="3865.38" z="51.2743"/>
                        <normal x="0.582562" y="-0.301621" z="-0.754749"/>
                        <texcoord u="1.44949" v="0.483904"/>
                    </vertex>
                    <vertex>
                        <position x="249.83" y="3880.39" z="110.135"/>
                        <normal x="0.848431" y="-0.14305" z="-0.50961"/>
                        <texcoord u="1.61098" v="0.483793"/>
                    </vertex>
                    <vertex>
                        <position x="260.786" y="3805.83" z="119.856"/>
                        <normal x="0.706892" y="0.112454" z="-0.698325"/>
                        <texcoord u="1.61042" v="0.555271"/>
                    </vertex>
                    <vertex>
                        <position x="260.786" y="3805.83" z="119.856"/>
                        <normal x="0.706892" y="0.112454" z="-0.698325"/>
                        <texcoord u="1.61042" v="0.555271"/>
                    </vertex>
                    <vertex>
                        <position x="275.908" y="3732.78" z="86.9354"/>
                        <normal x="0.40501" y="0.414632" z="-0.814891"/>
                        <texcoord u="1.61287" v="0.610454"/>
                    </vertex>
                    <vertex>
                        <position x="218.04" y="3786.02" z="79.6436"/>
                        <normal x="0.430131" y="0.0495019" z="-0.901408"/>
                        <texcoord u="1.44933" v="0.555323"/>
                    </vertex>
                    <vertex>
                        <position x="218.04" y="3786.02" z="79.6436"/>
                        <normal x="0.430131" y="0.0495019" z="-0.901408"/>
                        <texcoord u="1.44933" v="0.555323"/>
                    </vertex>
                    <vertex>
                        <position x="275.908" y="3732.78" z="86.9354"/>
                        <normal x="0.40501" y="0.414632" z="-0.814891"/>
                        <texcoord u="1.61287" v="0.610454"/>
                    </vertex>
                    <vertex>
                        <position x="216.289" y="3726.62" z="58.9175"/>
                        <normal x="0.139484" y="0.349729" z="-0.926409"/>
                        <texcoord u="1.44918" v="0.610515"/>
                    </vertex>
                    <vertex>
                        <position x="275.908" y="3732.78" z="86.9354"/>
                        <normal x="0.40501" y="0.414632" z="-0.814891"/>
                        <texcoord u="1.61287" v="0.610454"/>
                    </vertex>
                    <vertex>
                        <position x="288.335" y="3674.17" z="55.466"/>
                        <normal x="0.290587" y="0.560355" z="-0.775604"/>
                        <texcoord u="1.61345" v="0.669821"/>
                    </vertex>
                    <vertex>
                        <position x="216.289" y="3726.62" z="58.9175"/>
                        <normal x="0.139484" y="0.349729" z="-0.926409"/>
                        <texcoord u="1.44918" v="0.610515"/>
                    </vertex>
                    <vertex>
                        <position x="216.289" y="3726.62" z="58.9175"/>
                        <normal x="0.139484" y="0.349729" z="-0.926409"/>
                        <texcoord u="1.44918" v="0.610515"/>
                    </vertex>
                    <vertex>
                        <position x="288.335" y="3674.17" z="55.466"/>
                        <normal x="0.290587" y="0.560355" z="-0.775604"/>
                        <texcoord u="1.61345" v="0.669821"/>
                    </vertex>
                    <vertex>
                        <position x="231.054" y="3670.54" z="32.1378"/>
                        <normal x="-0.217181" y="0.540154" z="-0.81306"/>
                        <texcoord u="1.47446" v="0.670352"/>
                    </vertex>
                    <vertex>
                        <position x="316.018" y="3633.12" z="23.1658"/>
                        <normal x="0.214044" y="0.798732" z="-0.562328"/>
                        <texcoord u="1.61376" v="0.713953"/>
                    </vertex>
                    <vertex>
                        <position x="231.054" y="3670.54" z="32.1378"/>
                        <normal x="-0.217181" y="0.540154" z="-0.81306"/>
                        <texcoord u="1.47446" v="0.670352"/>
                    </vertex>
                    <vertex>
                        <position x="288.335" y="3674.17" z="55.466"/>
                        <normal x="0.290587" y="0.560355" z="-0.775604"/>
                        <texcoord u="1.61345" v="0.669821"/>
                    </vertex>
                    <vertex>
                        <position x="316.018" y="3633.12" z="23.1658"/>
                        <normal x="0.214044" y="0.798732" z="-0.562328"/>
                        <texcoord u="1.61376" v="0.713953"/>
                    </vertex>
                    <vertex>
                        <position x="249.291" y="3626.53" z="-9.57045"/>
                        <normal x="-0.264922" y="0.685007" z="-0.678662"/>
                        <texcoord u="1.492" v="0.717402"/>
                    </vertex>
                    <vertex>
                        <position x="231.054" y="3670.54" z="32.1378"/>
                        <normal x="-0.217181" y="0.540154" z="-0.81306"/>
                        <texcoord u="1.47446" v="0.670352"/>
                    </vertex>
                    <vertex>
                        <position x="316.018" y="3633.12" z="23.1658"/>
                        <normal x="0.214044" y="0.798732" z="-0.562328"/>
                        <texcoord u="1.61376" v="0.713953"/>
                    </vertex>
                    <vertex>
                        <position x="281.557" y="3595.38" z="-64.7434"/>
                        <normal x="-0.239136" y="0.768062" z="-0.594049"/>
                        <texcoord u="1.49951" v="0.764472"/>
                    </vertex>
                    <vertex>
                        <position x="249.291" y="3626.53" z="-9.57045"/>
                        <normal x="-0.264922" y="0.685007" z="-0.678662"/>
                        <texcoord u="1.492" v="0.717402"/>
                    </vertex>
                    <vertex>
                        <position x="346.155" y="3602.51" z="-17.7276"/>
                        <normal x="0.241432" y="0.853835" z="-0.461169"/>
                        <texcoord u="1.6156" v="0.767159"/>
                    </vertex>
                    <vertex>
                        <position x="281.557" y="3595.38" z="-64.7434"/>
                        <normal x="-0.239136" y="0.768062" z="-0.594049"/>
                        <texcoord u="1.49951" v="0.764472"/>
                    </vertex>
                    <vertex>
                        <position x="316.018" y="3633.12" z="23.1658"/>
                        <normal x="0.214044" y="0.798732" z="-0.562328"/>
                        <texcoord u="1.61376" v="0.713953"/>
                    </vertex>
                    <vertex>
                        <position x="281.557" y="3595.38" z="-64.7434"/>
                        <normal x="-0.239136" y="0.768062" z="-0.594049"/>
                        <texcoord u="1.49951" v="0.764472"/>
                    </vertex>
                    <vertex>
                        <position x="240.936" y="3616.27" z="-7.43715"/>
                        <normal x="-0.629105" y="0.435278" z="-0.644018"/>
                        <texcoord u="1.45555" v="0.728677"/>
                    </vertex>
                    <vertex>
                        <position x="249.291" y="3626.53" z="-9.57045"/>
                        <normal x="-0.264922" y="0.685007" z="-0.678662"/>
                        <texcoord u="1.492" v="0.717402"/>
                    </vertex>
                    <vertex>
                        <position x="240.936" y="3616.27" z="-7.43715"/>
                        <normal x="-0.629105" y="0.435278" z="-0.644018"/>
                        <texcoord u="1.45555" v="0.728677"/>
                    </vertex>
                    <vertex>
                        <position x="281.557" y="3595.38" z="-64.7434"/>
                        <normal x="-0.239136" y="0.768062" z="-0.594049"/>
                        <texcoord u="1.49951" v="0.764472"/>
                    </vertex>
                    <vertex>
                        <position x="267.28" y="3589.16" z="-57.6234"/>
                        <normal x="-0.551917" y="0.577368" z="-0.601693"/>
                        <texcoord u="1.46624" v="0.76819"/>
                    </vertex>
                    <vertex>
                        <position x="231.054" y="3670.54" z="32.1378"/>
                        <normal x="-0.217181" y="0.540154" z="-0.81306"/>
                        <texcoord u="1.47446" v="0.670352"/>
                    </vertex>
                    <vertex>
                        <position x="249.291" y="3626.53" z="-9.57045"/>
                        <normal x="-0.264922" y="0.685007" z="-0.678662"/>
                        <texcoord u="1.492" v="0.717402"/>
                    </vertex>
                    <vertex>
                        <position x="240.936" y="3616.27" z="-7.43715"/>
                        <normal x="-0.629105" y="0.435278" z="-0.644018"/>
                        <texcoord u="1.45555" v="0.728677"/>
                    </vertex>
                    <vertex>
                        <position x="231.054" y="3670.54" z="32.1378"/>
                        <normal x="-0.217181" y="0.540154" z="-0.81306"/>
                        <texcoord u="1.47446" v="0.670352"/>
                    </vertex>
                    <vertex>
                        <position x="240.936" y="3616.27" z="-7.43715"/>
                        <normal x="-0.629105" y="0.435278" z="-0.644018"/>
                        <texcoord u="1.45555" v="0.728677"/>
                    </vertex>
                    <vertex>
                        <position x="220.43" y="3665.79" z="39.9382"/>
                        <normal x="-0.646359" y="0.279487" z="-0.710006"/>
                        <texcoord u="1.44954" v="0.67468"/>
                    </vertex>
                    <vertex>
                        <position x="216.289" y="3726.62" z="58.9175"/>
                        <normal x="0.139484" y="0.349729" z="-0.926409"/>
                        <texcoord u="1.44918" v="0.610515"/>
                    </vertex>
                    <vertex>
                        <position x="231.054" y="3670.54" z="32.1378"/>
                        <normal x="-0.217181" y="0.540154" z="-0.81306"/>
                        <texcoord u="1.47446" v="0.670352"/>
                    </vertex>
                    <vertex>
                        <position x="220.43" y="3665.79" z="39.9382"/>
                        <normal x="-0.646359" y="0.279487" z="-0.710006"/>
                        <texcoord u="1.44954" v="0.67468"/>
                    </vertex>
                    <vertex>
                        <position x="218.04" y="3786.02" z="79.6436"/>
                        <normal x="0.430131" y="0.0495019" z="-0.901408"/>
                        <texcoord u="1.44933" v="0.555323"/>
                    </vertex>
                    <vertex>
                        <position x="216.289" y="3726.62" z="58.9175"/>
                        <normal x="0.139484" y="0.349729" z="-0.926409"/>
                        <texcoord u="1.44918" v="0.610515"/>
                    </vertex>
                    <vertex>
                        <position x="133.921" y="3782.39" z="55.6767"/>
                        <normal x="0.14756" y="-0.0678565" z="-0.986723"/>
                        <texcoord u="1.29602" v="0.555354"/>
                    </vertex>
                    <vertex>
                        <position x="133.921" y="3782.39" z="55.6767"/>
                        <normal x="0.14756" y="-0.0678565" z="-0.986723"/>
                        <texcoord u="1.29602" v="0.555354"/>
                    </vertex>
                    <vertex>
                        <position x="216.289" y="3726.62" z="58.9175"/>
                        <normal x="0.139484" y="0.349729" z="-0.926409"/>
                        <texcoord u="1.44918" v="0.610515"/>
                    </vertex>
                    <vertex>
                        <position x="138.303" y="3719.17" z="45.057"/>
                        <normal x="0.149413" y="0.304035" z="-0.940871"/>
                        <texcoord u="1.29559" v="0.610565"/>
                    </vertex>
                    <vertex>
                        <position x="216.289" y="3726.62" z="58.9175"/>
                        <normal x="0.139484" y="0.349729" z="-0.926409"/>
                        <texcoord u="1.44918" v="0.610515"/>
                    </vertex>
                    <vertex>
                        <position x="217.05" y="3663.1" z="35.3982"/>
                        <normal x="0.146816" y="0.518641" z="-0.842292"/>
                        <texcoord u="1.43217" v="0.673883"/>
                    </vertex>
                    <vertex>
                        <position x="138.303" y="3719.17" z="45.057"/>
                        <normal x="0.149413" y="0.304035" z="-0.940871"/>
                        <texcoord u="1.29559" v="0.610565"/>
                    </vertex>
                    <vertex>
                        <position x="138.303" y="3719.17" z="45.057"/>
                        <normal x="0.149413" y="0.304035" z="-0.940871"/>
                        <texcoord u="1.29559" v="0.610565"/>
                    </vertex>
                    <vertex>
                        <position x="217.05" y="3663.1" z="35.3982"/>
                        <normal x="0.146816" y="0.518641" z="-0.842292"/>
                        <texcoord u="1.43217" v="0.673883"/>
                    </vertex>
                    <vertex>
                        <position x="147.323" y="3665.75" z="23.9017"/>
                        <normal x="0.0969734" y="0.642735" z="-0.759926"/>
                        <texcoord u="1.3032" v="0.67038"/>
                    </vertex>
                    <vertex>
                        <position x="230.433" y="3622.63" z="-12.8564"/>
                        <normal x="0.0915574" y="0.783449" z="-0.614674"/>
                        <texcoord u="1.42887" v="0.7292"/>
                    </vertex>
                    <vertex>
                        <position x="147.323" y="3665.75" z="23.9017"/>
                        <normal x="0.0969734" y="0.642735" z="-0.759926"/>
                        <texcoord u="1.3032" v="0.67038"/>
                    </vertex>
                    <vertex>
                        <position x="217.05" y="3663.1" z="35.3982"/>
                        <normal x="0.146816" y="0.518641" z="-0.842292"/>
                        <texcoord u="1.43217" v="0.673883"/>
                    </vertex>
                    <vertex>
                        <position x="230.433" y="3622.63" z="-12.8564"/>
                        <normal x="0.0915574" y="0.783449" z="-0.614674"/>
                        <texcoord u="1.42887" v="0.7292"/>
                    </vertex>
                    <vertex>
                        <position x="163.613" y="3614.63" z="-30.9091"/>
                        <normal x="-0.0803641" y="0.8039" z="-0.58931"/>
                        <texcoord u="1.3103" v="0.724959"/>
                    </vertex>
                    <vertex>
                        <position x="147.323" y="3665.75" z="23.9017"/>
                        <normal x="0.0969734" y="0.642735" z="-0.759926"/>
                        <texcoord u="1.3032" v="0.67038"/>
                    </vertex>
                    <vertex>
                        <position x="246.792" y="3581.35" z="-72.2652"/>
                        <normal x="0.09926" y="0.863184" z="-0.495036"/>
                        <texcoord u="1.41433" v="0.782858"/>
                    </vertex>
                    <vertex>
                        <position x="163.613" y="3614.63" z="-30.9091"/>
                        <normal x="-0.0803641" y="0.8039" z="-0.58931"/>
                        <texcoord u="1.3103" v="0.724959"/>
                    </vertex>
                    <vertex>
                        <position x="230.433" y="3622.63" z="-12.8564"/>
                        <normal x="0.0915574" y="0.783449" z="-0.614674"/>
                        <texcoord u="1.42887" v="0.7292"/>
                    </vertex>
                    <vertex>
                        <position x="246.792" y="3581.35" z="-72.2652"/>
                        <normal x="0.09926" y="0.863184" z="-0.495036"/>
                        <texcoord u="1.41433" v="0.782858"/>
                    </vertex>
                    <vertex>
                        <position x="187.556" y="3575.47" z="-104.787"/>
                        <normal x="-0.165152" y="0.848276" z="-0.503143"/>
                        <texcoord u="1.31334" v="0.777267"/>
                    </vertex>
                    <vertex>
                        <position x="163.613" y="3614.63" z="-30.9091"/>
                        <normal x="-0.0803641" y="0.8039" z="-0.58931"/>
                        <texcoord u="1.3103" v="0.724959"/>
                    </vertex>
                    <vertex>
                        <position x="187.556" y="3575.47" z="-104.787"/>
                        <normal x="-0.165152" y="0.848276" z="-0.503143"/>
                        <texcoord u="1.31334" v="0.777267"/>
                    </vertex>
                    <vertex>
                        <position x="168.327" y="3575.91" z="-87.484"/>
                        <normal x="-0.330421" y="0.765829" z="-0.551659"/>
                        <texcoord u="1.291" v="0.775892"/>
                    </vertex>
                    <vertex>
                        <position x="163.613" y="3614.63" z="-30.9091"/>
                        <normal x="-0.0803641" y="0.8039" z="-0.58931"/>
                        <texcoord u="1.3103" v="0.724959"/>
                    </vertex>
                    <vertex>
                        <position x="168.327" y="3575.91" z="-87.484"/>
                        <normal x="-0.330421" y="0.765829" z="-0.551659"/>
                        <texcoord u="1.291" v="0.775892"/>
                    </vertex>
                    <vertex>
                        <position x="152.248" y="3608.9" z="-35.0943"/>
                        <normal x="-0.0267048" y="0.803755" z="-0.594361"/>
                        <texcoord u="1.2863" v="0.730171"/>
                    </vertex>
                    <vertex>
                        <position x="163.613" y="3614.63" z="-30.9091"/>
                        <normal x="-0.0803641" y="0.8039" z="-0.58931"/>
                        <texcoord u="1.3103" v="0.724959"/>
                    </vertex>
                    <vertex>
                        <position x="163.613" y="3614.63" z="-30.9091"/>
                        <normal x="-0.0803641" y="0.8039" z="-0.58931"/>
                        <texcoord u="1.3103" v="0.724959"/>
                    </vertex>
                    <vertex>
                        <position x="152.248" y="3608.9" z="-35.0943"/>
                        <normal x="-0.0267048" y="0.803755" z="-0.594361"/>
                        <texcoord u="1.2863" v="0.730171"/>
                    </vertex>
                    <vertex>
                        <position x="147.323" y="3665.75" z="23.9017"/>
                        <normal x="0.0969734" y="0.642735" z="-0.759926"/>
                        <texcoord u="1.3032" v="0.67038"/>
                    </vertex>
                    <vertex>
                        <position x="152.248" y="3608.9" z="-35.0943"/>
                        <normal x="-0.0267048" y="0.803755" z="-0.594361"/>
                        <texcoord u="1.2863" v="0.730171"/>
                    </vertex>
                    <vertex>
                        <position x="142.808" y="3660.13" z="18.9886"/>
                        <normal x="0.0853837" y="0.586672" z="-0.805311"/>
                        <texcoord u="1.29314" v="0.675933"/>
                    </vertex>
                    <vertex>
                        <position x="147.323" y="3665.75" z="23.9017"/>
                        <normal x="0.0969734" y="0.642735" z="-0.759926"/>
                        <texcoord u="1.3032" v="0.67038"/>
                    </vertex>
                    <vertex>
                        <position x="152.248" y="3608.9" z="-35.0943"/>
                        <normal x="-0.0267048" y="0.803755" z="-0.594361"/>
                        <texcoord u="1.2863" v="0.730171"/>
                    </vertex>
                    <vertex>
                        <position x="74.1541" y="3612.8" z="-37.71"/>
                        <normal x="-0.283517" y="0.777605" z="-0.561202"/>
                        <texcoord u="1.15731" v="0.722137"/>
                    </vertex>
                    <vertex>
                        <position x="142.808" y="3660.13" z="18.9886"/>
                        <normal x="0.0853837" y="0.586672" z="-0.805311"/>
                        <texcoord u="1.29314" v="0.675933"/>
                    </vertex>
                    <vertex>
                        <position x="152.248" y="3608.9" z="-35.0943"/>
                        <normal x="-0.0267048" y="0.803755" z="-0.594361"/>
                        <texcoord u="1.2863" v="0.730171"/>
                    </vertex>
                    <vertex>
                        <position x="87.2508" y="3579.73" z="-110.683"/>
                        <normal x="-0.0879495" y="0.887697" z="-0.45195"/>
                        <texcoord u="1.1715" v="0.767861"/>
                    </vertex>
                    <vertex>
                        <position x="74.1541" y="3612.8" z="-37.71"/>
                        <normal x="-0.283517" y="0.777605" z="-0.561202"/>
                        <texcoord u="1.15731" v="0.722137"/>
                    </vertex>
                    <vertex>
                        <position x="161.185" y="3569.62" z="-105.718"/>
                        <normal x="0.15047" y="0.871954" z="-0.465892"/>
                        <texcoord u="1.28494" v="0.773371"/>
                    </vertex>
                    <vertex>
                        <position x="87.2508" y="3579.73" z="-110.683"/>
                        <normal x="-0.0879495" y="0.887697" z="-0.45195"/>
                        <texcoord u="1.1715" v="0.767861"/>
                    </vertex>
                    <vertex>
                        <position x="152.248" y="3608.9" z="-35.0943"/>
                        <normal x="-0.0267048" y="0.803755" z="-0.594361"/>
                        <texcoord u="1.2863" v="0.730171"/>
                    </vertex>
                    <vertex>
                        <position x="87.2508" y="3579.73" z="-110.683"/>
                        <normal x="-0.0879495" y="0.887697" z="-0.45195"/>
                        <texcoord u="1.1715" v="0.767861"/>
                    </vertex>
                    <vertex>
                        <position x="65.773" y="3573.57" z="-98.7328"/>
                        <normal x="-0.565031" y="0.727163" z="-0.389839"/>
                        <texcoord u="1.13651" v="0.77168"/>
                    </vertex>
                    <vertex>
                        <position x="74.1541" y="3612.8" z="-37.71"/>
                        <normal x="-0.283517" y="0.777605" z="-0.561202"/>
                        <texcoord u="1.15731" v="0.722137"/>
                    </vertex>
                    <vertex>
                        <position x="74.1541" y="3612.8" z="-37.71"/>
                        <normal x="-0.283517" y="0.777605" z="-0.561202"/>
                        <texcoord u="1.15731" v="0.722137"/>
                    </vertex>
                    <vertex>
                        <position x="65.773" y="3573.57" z="-98.7328"/>
                        <normal x="-0.565031" y="0.727163" z="-0.389839"/>
                        <texcoord u="1.13651" v="0.77168"/>
                    </vertex>
                    <vertex>
                        <position x="63.2881" y="3603.82" z="-34.3634"/>
                        <normal x="-0.167923" y="0.756944" z="-0.631537"/>
                        <texcoord u="1.13446" v="0.730096"/>
                    </vertex>
                    <vertex>
                        <position x="60.5753" y="3655.81" z="10.7837"/>
                        <normal x="-0.251644" y="0.592735" z="-0.765075"/>
                        <texcoord u="1.15085" v="0.676039"/>
                    </vertex>
                    <vertex>
                        <position x="74.1541" y="3612.8" z="-37.71"/>
                        <normal x="-0.283517" y="0.777605" z="-0.561202"/>
                        <texcoord u="1.15731" v="0.722137"/>
                    </vertex>
                    <vertex>
                        <position x="63.2881" y="3603.82" z="-34.3634"/>
                        <normal x="-0.167923" y="0.756944" z="-0.631537"/>
                        <texcoord u="1.13446" v="0.730096"/>
                    </vertex>
                    <vertex>
                        <position x="142.808" y="3660.13" z="18.9886"/>
                        <normal x="0.0853837" y="0.586672" z="-0.805311"/>
                        <texcoord u="1.29314" v="0.675933"/>
                    </vertex>
                    <vertex>
                        <position x="74.1541" y="3612.8" z="-37.71"/>
                        <normal x="-0.283517" y="0.777605" z="-0.561202"/>
                        <texcoord u="1.15731" v="0.722137"/>
                    </vertex>
                    <vertex>
                        <position x="60.5753" y="3655.81" z="10.7837"/>
                        <normal x="-0.251644" y="0.592735" z="-0.765075"/>
                        <texcoord u="1.15085" v="0.676039"/>
                    </vertex>
                    <vertex>
                        <position x="52.1648" y="3716.72" z="37.9865"/>
                        <normal x="-0.142646" y="0.370703" z="-0.917732"/>
                        <texcoord u="1.1491" v="0.610539"/>
                    </vertex>
                    <vertex>
                        <position x="142.808" y="3660.13" z="18.9886"/>
                        <normal x="0.0853837" y="0.586672" z="-0.805311"/>
                        <texcoord u="1.29314" v="0.675933"/>
                    </vertex>
                    <vertex>
                        <position x="60.5753" y="3655.81" z="10.7837"/>
                        <normal x="-0.251644" y="0.592735" z="-0.765075"/>
                        <texcoord u="1.15085" v="0.676039"/>
                    </vertex>
                    <vertex>
                        <position x="138.303" y="3719.17" z="45.057"/>
                        <normal x="0.149413" y="0.304035" z="-0.940871"/>
                        <texcoord u="1.29559" v="0.610565"/>
                    </vertex>
                    <vertex>
                        <position x="142.808" y="3660.13" z="18.9886"/>
                        <normal x="0.0853837" y="0.586672" z="-0.805311"/>
                        <texcoord u="1.29314" v="0.675933"/>
                    </vertex>
                    <vertex>
                        <position x="52.1648" y="3716.72" z="37.9865"/>
                        <normal x="-0.142646" y="0.370703" z="-0.917732"/>
                        <texcoord u="1.1491" v="0.610539"/>
                    </vertex>
                    <vertex>
                        <position x="138.303" y="3719.17" z="45.057"/>
                        <normal x="0.149413" y="0.304035" z="-0.940871"/>
                        <texcoord u="1.29559" v="0.610565"/>
                    </vertex>
                    <vertex>
                        <position x="147.323" y="3665.75" z="23.9017"/>
                        <normal x="0.0969734" y="0.642735" z="-0.759926"/>
                        <texcoord u="1.3032" v="0.67038"/>
                    </vertex>
                    <vertex>
                        <position x="142.808" y="3660.13" z="18.9886"/>
                        <normal x="0.0853837" y="0.586672" z="-0.805311"/>
                        <texcoord u="1.29314" v="0.675933"/>
                    </vertex>
                    <vertex>
                        <position x="44.3999" y="3777.83" z="51.4836"/>
                        <normal x="-0.135132" y="-0.0823407" z="-0.9874"/>
                        <texcoord u="1.14903" v="0.555354"/>
                    </vertex>
                    <vertex>
                        <position x="138.303" y="3719.17" z="45.057"/>
                        <normal x="0.149413" y="0.304035" z="-0.940871"/>
                        <texcoord u="1.29559" v="0.610565"/>
                    </vertex>
                    <vertex>
                        <position x="52.1648" y="3716.72" z="37.9865"/>
                        <normal x="-0.142646" y="0.370703" z="-0.917732"/>
                        <texcoord u="1.1491" v="0.610539"/>
                    </vertex>
                    <vertex>
                        <position x="133.921" y="3782.39" z="55.6767"/>
                        <normal x="0.14756" y="-0.0678565" z="-0.986723"/>
                        <texcoord u="1.29602" v="0.555354"/>
                    </vertex>
                    <vertex>
                        <position x="138.303" y="3719.17" z="45.057"/>
                        <normal x="0.149413" y="0.304035" z="-0.940871"/>
                        <texcoord u="1.29559" v="0.610565"/>
                    </vertex>
                    <vertex>
                        <position x="44.3999" y="3777.83" z="51.4836"/>
                        <normal x="-0.135132" y="-0.0823407" z="-0.9874"/>
                        <texcoord u="1.14903" v="0.555354"/>
                    </vertex>
                    <vertex>
                        <position x="27.145" y="3846.5" z="23.1603"/>
                        <normal x="-0.215022" y="-0.421828" z="-0.880811"/>
                        <texcoord u="1.14892" v="0.483903"/>
                    </vertex>
                    <vertex>
                        <position x="133.921" y="3782.39" z="55.6767"/>
                        <normal x="0.14756" y="-0.0678565" z="-0.986723"/>
                        <texcoord u="1.29602" v="0.555354"/>
                    </vertex>
                    <vertex>
                        <position x="44.3999" y="3777.83" z="51.4836"/>
                        <normal x="-0.135132" y="-0.0823407" z="-0.9874"/>
                        <texcoord u="1.14903" v="0.555354"/>
                    </vertex>
                    <vertex>
                        <position x="121.992" y="3852.08" z="27.8748"/>
                        <normal x="0.173325" y="-0.436955" z="-0.882626"/>
                        <texcoord u="1.2947" v="0.483952"/>
                    </vertex>
                    <vertex>
                        <position x="133.921" y="3782.39" z="55.6767"/>
                        <normal x="0.14756" y="-0.0678565" z="-0.986723"/>
                        <texcoord u="1.29602" v="0.555354"/>
                    </vertex>
                    <vertex>
                        <position x="27.145" y="3846.5" z="23.1603"/>
                        <normal x="-0.215022" y="-0.421828" z="-0.880811"/>
                        <texcoord u="1.14892" v="0.483903"/>
                    </vertex>
                    <vertex>
                        <position x="121.992" y="3852.08" z="27.8748"/>
                        <normal x="0.173325" y="-0.436955" z="-0.882626"/>
                        <texcoord u="1.2947" v="0.483952"/>
                    </vertex>
                    <vertex>
                        <position x="218.04" y="3786.02" z="79.6436"/>
                        <normal x="0.430131" y="0.0495019" z="-0.901408"/>
                        <texcoord u="1.44933" v="0.555323"/>
                    </vertex>
                    <vertex>
                        <position x="133.921" y="3782.39" z="55.6767"/>
                        <normal x="0.14756" y="-0.0678565" z="-0.986723"/>
                        <texcoord u="1.29602" v="0.555354"/>
                    </vertex>
                    <vertex>
                        <position x="11.9941" y="3928.21" z="-27.8852"/>
                        <normal x="-0.338797" y="-0.424464" z="-0.839671"/>
                        <texcoord u="1.1488" v="0.405155"/>
                    </vertex>
                    <vertex>
                        <position x="121.992" y="3852.08" z="27.8748"/>
                        <normal x="0.173325" y="-0.436955" z="-0.882626"/>
                        <texcoord u="1.2947" v="0.483952"/>
                    </vertex>
                    <vertex>
                        <position x="27.145" y="3846.5" z="23.1603"/>
                        <normal x="-0.215022" y="-0.421828" z="-0.880811"/>
                        <texcoord u="1.14892" v="0.483903"/>
                    </vertex>
                    <vertex>
                        <position x="119.301" y="3931.69" z="-26.664"/>
                        <normal x="0.180076" y="-0.351736" z="-0.918616"/>
                        <texcoord u="1.2947" v="0.405338"/>
                    </vertex>
                    <vertex>
                        <position x="121.992" y="3852.08" z="27.8748"/>
                        <normal x="0.173325" y="-0.436955" z="-0.882626"/>
                        <texcoord u="1.2947" v="0.483952"/>
                    </vertex>
                    <vertex>
                        <position x="11.9941" y="3928.21" z="-27.8852"/>
                        <normal x="-0.338797" y="-0.424464" z="-0.839671"/>
                        <texcoord u="1.1488" v="0.405155"/>
                    </vertex>
                    <vertex>
                        <position x="-9.6723" y="3997.6" z="-40.49"/>
                        <normal x="-0.390672" y="-0.145236" z="-0.909001"/>
                        <texcoord u="1.14867" v="0.348493"/>
                    </vertex>
                    <vertex>
                        <position x="119.301" y="3931.69" z="-26.664"/>
                        <normal x="0.180076" y="-0.351736" z="-0.918616"/>
                        <texcoord u="1.2947" v="0.405338"/>
                    </vertex>
                    <vertex>
                        <position x="11.9941" y="3928.21" z="-27.8852"/>
                        <normal x="-0.338797" y="-0.424464" z="-0.839671"/>
                        <texcoord u="1.1488" v="0.405155"/>
                    </vertex>
                    <vertex>
                        <position x="107.88" y="4009.98" z="-41.0736"/>
                        <normal x="0.151692" y="-0.0513591" z="-0.987093"/>
                        <texcoord u="1.2947" v="0.348374"/>
                    </vertex>
                    <vertex>
                        <position x="119.301" y="3931.69" z="-26.664"/>
                        <normal x="0.180076" y="-0.351736" z="-0.918616"/>
                        <texcoord u="1.2947" v="0.405338"/>
                    </vertex>
                    <vertex>
                        <position x="-9.6723" y="3997.6" z="-40.49"/>
                        <normal x="-0.390672" y="-0.145236" z="-0.909001"/>
                        <texcoord u="1.14867" v="0.348493"/>
                    </vertex>
                    <vertex>
                        <position x="-29.3446" y="4072.99" z="-30.4219"/>
                        <normal x="-0.30083" y="-0.00794405" z="-0.953645"/>
                        <texcoord u="1.1486" v="0.28364"/>
                    </vertex>
                    <vertex>
                        <position x="107.88" y="4009.98" z="-41.0736"/>
                        <normal x="0.151692" y="-0.0513591" z="-0.987093"/>
                        <texcoord u="1.2947" v="0.348374"/>
                    </vertex>
                    <vertex>
                        <position x="-9.6723" y="3997.6" z="-40.49"/>
                        <normal x="-0.390672" y="-0.145236" z="-0.909001"/>
                        <texcoord u="1.14867" v="0.348493"/>
                    </vertex>
                    <vertex>
                        <position x="88.0788" y="4096.92" z="-43.6731"/>
                        <normal x="0.17964" y="0.00251465" z="-0.983729"/>
                        <texcoord u="1.2947" v="0.283148"/>
                    </vertex>
                    <vertex>
                        <position x="107.88" y="4009.98" z="-41.0736"/>
                        <normal x="0.151692" y="-0.0513591" z="-0.987093"/>
                        <texcoord u="1.2947" v="0.348374"/>
                    </vertex>
                    <vertex>
                        <position x="-29.3446" y="4072.99" z="-30.4219"/>
                        <normal x="-0.30083" y="-0.00794405" z="-0.953645"/>
                        <texcoord u="1.1486" v="0.28364"/>
                    </vertex>
                    <vertex>
                        <position x="-9.6723" y="3997.6" z="-40.49"/>
                        <normal x="-0.390672" y="-0.145236" z="-0.909001"/>
                        <texcoord u="1.14867" v="0.348493"/>
                    </vertex>
                    <vertex>
                        <position x="-86.4169" y="4051.7" z="32.8255"/>
                        <normal x="-0.728052" y="-0.117545" z="-0.675369"/>
                        <texcoord u="-0.623513" v="0.109647"/>
                    </vertex>
                    <vertex>
                        <position x="-29.3446" y="4072.99" z="-30.4219"/>
                        <normal x="-0.30083" y="-0.00794405" z="-0.953645"/>
                        <texcoord u="1.1486" v="0.28364"/>
                    </vertex>
                    <vertex>
                        <position x="-9.6723" y="3997.6" z="-40.49"/>
                        <normal x="-0.390672" y="-0.145236" z="-0.909001"/>
                        <texcoord u="1.14867" v="0.348493"/>
                    </vertex>
                    <vertex>
                        <position x="-76.1304" y="3989.28" z="34.4275"/>
                        <normal x="-0.69893" y="-0.240875" z="-0.673407"/>
                        <texcoord u="-0.62361" v="0.22163"/>
                    </vertex>
                    <vertex>
                        <position x="-86.4169" y="4051.7" z="32.8255"/>
                        <normal x="-0.728052" y="-0.117545" z="-0.675369"/>
                        <texcoord u="-0.623513" v="0.109647"/>
                    </vertex>
                    <vertex>
                        <position x="-9.6723" y="3997.6" z="-40.49"/>
                        <normal x="-0.390672" y="-0.145236" z="-0.909001"/>
                        <texcoord u="1.14867" v="0.348493"/>
                    </vertex>
                    <vertex>
                        <position x="11.9941" y="3928.21" z="-27.8852"/>
                        <normal x="-0.338797" y="-0.424464" z="-0.839671"/>
                        <texcoord u="1.1488" v="0.405155"/>
                    </vertex>
                    <vertex>
                        <position x="-76.1304" y="3989.28" z="34.4275"/>
                        <normal x="-0.69893" y="-0.240875" z="-0.673407"/>
                        <texcoord u="-0.62361" v="0.22163"/>
                    </vertex>
                    <vertex>
                        <position x="-76.1304" y="3989.28" z="34.4275"/>
                        <normal x="-0.69893" y="-0.240875" z="-0.673407"/>
                        <texcoord u="-0.62361" v="0.22163"/>
                    </vertex>
                    <vertex>
                        <position x="11.9941" y="3928.21" z="-27.8852"/>
                        <normal x="-0.338797" y="-0.424464" z="-0.839671"/>
                        <texcoord u="1.1488" v="0.405155"/>
                    </vertex>
                    <vertex>
                        <position x="-67.3094" y="3941.17" z="43.1804"/>
                        <normal x="-0.580591" y="-0.330435" z="-0.744128"/>
                        <texcoord u="-0.623724" v="0.317575"/>
                    </vertex>
                    <vertex>
                        <position x="11.9941" y="3928.21" z="-27.8852"/>
                        <normal x="-0.338797" y="-0.424464" z="-0.839671"/>
                        <texcoord u="1.1488" v="0.405155"/>
                    </vertex>
                    <vertex>
                        <position x="27.145" y="3846.5" z="23.1603"/>
                        <normal x="-0.215022" y="-0.421828" z="-0.880811"/>
                        <texcoord u="1.14892" v="0.483903"/>
                    </vertex>
                    <vertex>
                        <position x="-67.3094" y="3941.17" z="43.1804"/>
                        <normal x="-0.580591" y="-0.330435" z="-0.744128"/>
                        <texcoord u="-0.623724" v="0.317575"/>
                    </vertex>
                    <vertex>
                        <position x="-67.3094" y="3941.17" z="43.1804"/>
                        <normal x="-0.580591" y="-0.330435" z="-0.744128"/>
                        <texcoord u="-0.623724" v="0.317575"/>
                    </vertex>
                    <vertex>
                        <position x="27.145" y="3846.5" z="23.1603"/>
                        <normal x="-0.215022" y="-0.421828" z="-0.880811"/>
                        <texcoord u="1.14892" v="0.483903"/>
                    </vertex>
                    <vertex>
                        <position x="-60.2611" y="3848.38" z="63.7989"/>
                        <normal x="-0.358546" y="-0.298929" z="-0.884357"/>
                        <texcoord u="-0.623725" v="0.454244"/>
                    </vertex>
                    <vertex>
                        <position x="-60.2611" y="3848.38" z="63.7989"/>
                        <normal x="-0.358546" y="-0.298929" z="-0.884357"/>
                        <texcoord u="-0.623725" v="0.454244"/>
                    </vertex>
                    <vertex>
                        <position x="27.145" y="3846.5" z="23.1603"/>
                        <normal x="-0.215022" y="-0.421828" z="-0.880811"/>
                        <texcoord u="1.14892" v="0.483903"/>
                    </vertex>
                    <vertex>
                        <position x="44.3999" y="3777.83" z="51.4836"/>
                        <normal x="-0.135132" y="-0.0823407" z="-0.9874"/>
                        <texcoord u="1.14903" v="0.555354"/>
                    </vertex>
                    <vertex>
                        <position x="-60.2611" y="3848.38" z="63.7989"/>
                        <normal x="-0.358546" y="-0.298929" z="-0.884357"/>
                        <texcoord u="-0.623725" v="0.454244"/>
                    </vertex>
                    <vertex>
                        <position x="44.3999" y="3777.83" z="51.4836"/>
                        <normal x="-0.135132" y="-0.0823407" z="-0.9874"/>
                        <texcoord u="1.14903" v="0.555354"/>
                    </vertex>
                    <vertex>
                        <position x="-50.1997" y="3773.67" z="79.2346"/>
                        <normal x="-0.242396" y="0.113075" z="-0.963565"/>
                        <texcoord u="-0.623924" v="0.577737"/>
                    </vertex>
                    <vertex>
                        <position x="44.3999" y="3777.83" z="51.4836"/>
                        <normal x="-0.135132" y="-0.0823407" z="-0.9874"/>
                        <texcoord u="1.14903" v="0.555354"/>
                    </vertex>
                    <vertex>
                        <position x="52.1648" y="3716.72" z="37.9865"/>
                        <normal x="-0.142646" y="0.370703" z="-0.917732"/>
                        <texcoord u="1.1491" v="0.610539"/>
                    </vertex>
                    <vertex>
                        <position x="-50.1997" y="3773.67" z="79.2346"/>
                        <normal x="-0.242396" y="0.113075" z="-0.963565"/>
                        <texcoord u="-0.623924" v="0.577737"/>
                    </vertex>
                    <vertex>
                        <position x="-50.1997" y="3773.67" z="79.2346"/>
                        <normal x="-0.242396" y="0.113075" z="-0.963565"/>
                        <texcoord u="-0.623924" v="0.577737"/>
                    </vertex>
                    <vertex>
                        <position x="52.1648" y="3716.72" z="37.9865"/>
                        <normal x="-0.142646" y="0.370703" z="-0.917732"/>
                        <texcoord u="1.1491" v="0.610539"/>
                    </vertex>
                    <vertex>
                        <position x="-41.8863" y="3718.44" z="54.5165"/>
                        <normal x="-0.247425" y="0.427711" z="-0.869393"/>
                        <texcoord u="-0.623939" v="0.676117"/>
                    </vertex>
                    <vertex>
                        <position x="-41.8863" y="3718.44" z="54.5165"/>
                        <normal x="-0.247425" y="0.427711" z="-0.869393"/>
                        <texcoord u="-0.623939" v="0.676117"/>
                    </vertex>
                    <vertex>
                        <position x="52.1648" y="3716.72" z="37.9865"/>
                        <normal x="-0.142646" y="0.370703" z="-0.917732"/>
                        <texcoord u="1.1491" v="0.610539"/>
                    </vertex>
                    <vertex>
                        <position x="2.0113" y="3713.6" z="43.0521"/>
                        <normal x="-0.0711251" y="0.423209" z="-0.903236"/>
                        <texcoord u="-0.506553" v="0.679846"/>
                    </vertex>
                    <vertex>
                        <position x="52.1648" y="3716.72" z="37.9865"/>
                        <normal x="-0.142646" y="0.370703" z="-0.917732"/>
                        <texcoord u="1.1491" v="0.610539"/>
                    </vertex>
                    <vertex>
                        <position x="53.8324" y="3654.96" z="16.3026"/>
                        <normal x="-0.258386" y="0.565189" z="-0.783453"/>
                        <texcoord u="-0.41115" v="0.755656"/>
                    </vertex>
                    <vertex>
                        <position x="2.0113" y="3713.6" z="43.0521"/>
                        <normal x="-0.0711251" y="0.423209" z="-0.903236"/>
                        <texcoord u="-0.506553" v="0.679846"/>
                    </vertex>
                    <vertex>
                        <position x="52.1648" y="3716.72" z="37.9865"/>
                        <normal x="-0.142646" y="0.370703" z="-0.917732"/>
                        <texcoord u="1.1491" v="0.610539"/>
                    </vertex>
                    <vertex>
                        <position x="60.5753" y="3655.81" z="10.7837"/>
                        <normal x="-0.251644" y="0.592735" z="-0.765075"/>
                        <texcoord u="1.15085" v="0.676039"/>
                    </vertex>
                    <vertex>
                        <position x="53.8324" y="3654.96" z="16.3026"/>
                        <normal x="-0.258386" y="0.565189" z="-0.783453"/>
                        <texcoord u="-0.41115" v="0.755656"/>
                    </vertex>
                    <vertex>
                        <position x="60.5753" y="3655.81" z="10.7837"/>
                        <normal x="-0.251644" y="0.592735" z="-0.765075"/>
                        <texcoord u="1.15085" v="0.676039"/>
                    </vertex>
                    <vertex>
                        <position x="48.3011" y="3612.6" z="-32.6499"/>
                        <normal x="0.0768035" y="0.80319" z="-0.590752"/>
                        <texcoord u="-0.41076" v="0.840822"/>
                    </vertex>
                    <vertex>
                        <position x="53.8324" y="3654.96" z="16.3026"/>
                        <normal x="-0.258386" y="0.565189" z="-0.783453"/>
                        <texcoord u="-0.41115" v="0.755656"/>
                    </vertex>
                    <vertex>
                        <position x="60.5753" y="3655.81" z="10.7837"/>
                        <normal x="-0.251644" y="0.592735" z="-0.765075"/>
                        <texcoord u="1.15085" v="0.676039"/>
                    </vertex>
                    <vertex>
                        <position x="63.2881" y="3603.82" z="-34.3634"/>
                        <normal x="-0.167923" y="0.756944" z="-0.631537"/>
                        <texcoord u="1.13446" v="0.730096"/>
                    </vertex>
                    <vertex>
                        <position x="48.3011" y="3612.6" z="-32.6499"/>
                        <normal x="0.0768035" y="0.80319" z="-0.590752"/>
                        <texcoord u="-0.41076" v="0.840822"/>
                    </vertex>
                    <vertex>
                        <position x="63.2881" y="3603.82" z="-34.3634"/>
                        <normal x="-0.167923" y="0.756944" z="-0.631537"/>
                        <texcoord u="1.13446" v="0.730096"/>
                    </vertex>
                    <vertex>
                        <position x="55.3283" y="3573.6" z="-89.1279"/>
                        <normal x="0.39833" y="0.777176" z="-0.487165"/>
                        <texcoord u="-0.391356" v="0.929743"/>
                    </vertex>
                    <vertex>
                        <position x="48.3011" y="3612.6" z="-32.6499"/>
                        <normal x="0.0768035" y="0.80319" z="-0.590752"/>
                        <texcoord u="-0.41076" v="0.840822"/>
                    </vertex>
                    <vertex>
                        <position x="55.3283" y="3573.6" z="-89.1279"/>
                        <normal x="0.39833" y="0.777176" z="-0.487165"/>
                        <texcoord u="-0.391356" v="0.929743"/>
                    </vertex>
                    <vertex>
                        <position x="39.1358" y="3574.78" z="-100.422"/>
                        <normal x="0.16412" y="0.851779" z="-0.497531"/>
                        <texcoord u="-0.412268" v="0.929379"/>
                    </vertex>
                    <vertex>
                        <position x="48.3011" y="3612.6" z="-32.6499"/>
                        <normal x="0.0768035" y="0.80319" z="-0.590752"/>
                        <texcoord u="-0.41076" v="0.840822"/>
                    </vertex>
                    <vertex>
                        <position x="48.3011" y="3612.6" z="-32.6499"/>
                        <normal x="0.0768035" y="0.80319" z="-0.590752"/>
                        <texcoord u="-0.41076" v="0.840822"/>
                    </vertex>
                    <vertex>
                        <position x="39.1358" y="3574.78" z="-100.422"/>
                        <normal x="0.16412" y="0.851779" z="-0.497531"/>
                        <texcoord u="-0.412268" v="0.929379"/>
                    </vertex>
                    <vertex>
                        <position x="-17.5199" y="3574.91" z="-90.8804"/>
                        <normal x="-0.0240918" y="0.851407" z="-0.523952"/>
                        <texcoord u="-0.485229" v="0.929901"/>
                    </vertex>
                    <vertex>
                        <position x="48.3011" y="3612.6" z="-32.6499"/>
                        <normal x="0.0768035" y="0.80319" z="-0.590752"/>
                        <texcoord u="-0.41076" v="0.840822"/>
                    </vertex>
                    <vertex>
                        <position x="-17.5199" y="3574.91" z="-90.8804"/>
                        <normal x="-0.0240918" y="0.851407" z="-0.523952"/>
                        <texcoord u="-0.485229" v="0.929901"/>
                    </vertex>
                    <vertex>
                        <position x="-3.31916" y="3626.15" z="-15.7687"/>
                        <normal x="-0.0205035" y="0.79697" z="-0.603671"/>
                        <texcoord u="-0.498996" v="0.840718"/>
                    </vertex>
                    <vertex>
                        <position x="53.8324" y="3654.96" z="16.3026"/>
                        <normal x="-0.258386" y="0.565189" z="-0.783453"/>
                        <texcoord u="-0.41115" v="0.755656"/>
                    </vertex>
                    <vertex>
                        <position x="48.3011" y="3612.6" z="-32.6499"/>
                        <normal x="0.0768035" y="0.80319" z="-0.590752"/>
                        <texcoord u="-0.41076" v="0.840822"/>
                    </vertex>
                    <vertex>
                        <position x="-3.31916" y="3626.15" z="-15.7687"/>
                        <normal x="-0.0205035" y="0.79697" z="-0.603671"/>
                        <texcoord u="-0.498996" v="0.840718"/>
                    </vertex>
                    <vertex>
                        <position x="53.8324" y="3654.96" z="16.3026"/>
                        <normal x="-0.258386" y="0.565189" z="-0.783453"/>
                        <texcoord u="-0.41115" v="0.755656"/>
                    </vertex>
                    <vertex>
                        <position x="-3.31916" y="3626.15" z="-15.7687"/>
                        <normal x="-0.0205035" y="0.79697" z="-0.603671"/>
                        <texcoord u="-0.498996" v="0.840718"/>
                    </vertex>
                    <vertex>
                        <position x="-2.75828" y="3652.81" z="20.7749"/>
                        <normal x="0.0877003" y="0.559781" z="-0.823987"/>
                        <texcoord u="-0.507882" v="0.755149"/>
                    </vertex>
                    <vertex>
                        <position x="2.0113" y="3713.6" z="43.0521"/>
                        <normal x="-0.0711251" y="0.423209" z="-0.903236"/>
                        <texcoord u="-0.506553" v="0.679846"/>
                    </vertex>
                    <vertex>
                        <position x="53.8324" y="3654.96" z="16.3026"/>
                        <normal x="-0.258386" y="0.565189" z="-0.783453"/>
                        <texcoord u="-0.41115" v="0.755656"/>
                    </vertex>
                    <vertex>
                        <position x="-2.75828" y="3652.81" z="20.7749"/>
                        <normal x="0.0877003" y="0.559781" z="-0.823987"/>
                        <texcoord u="-0.507882" v="0.755149"/>
                    </vertex>
                    <vertex>
                        <position x="2.0113" y="3713.6" z="43.0521"/>
                        <normal x="-0.0711251" y="0.423209" z="-0.903236"/>
                        <texcoord u="-0.506553" v="0.679846"/>
                    </vertex>
                    <vertex>
                        <position x="-2.75828" y="3652.81" z="20.7749"/>
                        <normal x="0.0877003" y="0.559781" z="-0.823987"/>
                        <texcoord u="-0.507882" v="0.755149"/>
                    </vertex>
                    <vertex>
                        <position x="-10.7469" y="3657.16" z="20.936"/>
                        <normal x="-0.00453146" y="0.620912" z="-0.783867"/>
                        <texcoord u="-0.529315" v="0.754525"/>
                    </vertex>
                    <vertex>
                        <position x="-10.7469" y="3657.16" z="20.936"/>
                        <normal x="-0.00453146" y="0.620912" z="-0.783867"/>
                        <texcoord u="-0.529315" v="0.754525"/>
                    </vertex>
                    <vertex>
                        <position x="-2.75828" y="3652.81" z="20.7749"/>
                        <normal x="0.0877003" y="0.559781" z="-0.823987"/>
                        <texcoord u="-0.507882" v="0.755149"/>
                    </vertex>
                    <vertex>
                        <position x="-8.37928" y="3619.5" z="-13.4702"/>
                        <normal x="0.569077" y="0.59484" z="-0.567729"/>
                        <texcoord u="-0.507501" v="0.84083"/>
                    </vertex>
                    <vertex>
                        <position x="-23.0774" y="3629.56" z="-22.1223"/>
                        <normal x="0.179518" y="0.814578" z="-0.551576"/>
                        <texcoord u="-0.536038" v="0.840929"/>
                    </vertex>
                    <vertex>
                        <position x="-10.7469" y="3657.16" z="20.936"/>
                        <normal x="-0.00453146" y="0.620912" z="-0.783867"/>
                        <texcoord u="-0.529315" v="0.754525"/>
                    </vertex>
                    <vertex>
                        <position x="-8.37928" y="3619.5" z="-13.4702"/>
                        <normal x="0.569077" y="0.59484" z="-0.567729"/>
                        <texcoord u="-0.507501" v="0.84083"/>
                    </vertex>
                    <vertex>
                        <position x="-10.7469" y="3657.16" z="20.936"/>
                        <normal x="-0.00453146" y="0.620912" z="-0.783867"/>
                        <texcoord u="-0.529315" v="0.754525"/>
                    </vertex>
                    <vertex>
                        <position x="-23.0774" y="3629.56" z="-22.1223"/>
                        <normal x="0.179518" y="0.814578" z="-0.551576"/>
                        <texcoord u="-0.536038" v="0.840929"/>
                    </vertex>
                    <vertex>
                        <position x="-63.0468" y="3625.05" z="-9.99565"/>
                        <normal x="-0.245724" y="0.853921" z="-0.458736"/>
                        <texcoord u="-0.623491" v="0.840773"/>
                    </vertex>
                    <vertex>
                        <position x="-23.0774" y="3629.56" z="-22.1223"/>
                        <normal x="0.179518" y="0.814578" z="-0.551576"/>
                        <texcoord u="-0.536038" v="0.840929"/>
                    </vertex>
                    <vertex>
                        <position x="-81.5416" y="3589.92" z="-66.5121"/>
                        <normal x="-0.228322" y="0.856092" z="-0.463654"/>
                        <texcoord u="-0.622894" v="0.930784"/>
                    </vertex>
                    <vertex>
                        <position x="-63.0468" y="3625.05" z="-9.99565"/>
                        <normal x="-0.245724" y="0.853921" z="-0.458736"/>
                        <texcoord u="-0.623491" v="0.840773"/>
                    </vertex>
                    <vertex>
                        <position x="-23.0774" y="3629.56" z="-22.1223"/>
                        <normal x="0.179518" y="0.814578" z="-0.551576"/>
                        <texcoord u="-0.536038" v="0.840929"/>
                    </vertex>
                    <vertex>
                        <position x="-46.8191" y="3586.6" z="-88.847"/>
                        <normal x="0.0554787" y="0.830441" z="-0.554338"/>
                        <texcoord u="-0.536046" v="0.929417"/>
                    </vertex>
                    <vertex>
                        <position x="-81.5416" y="3589.92" z="-66.5121"/>
                        <normal x="-0.228322" y="0.856092" z="-0.463654"/>
                        <texcoord u="-0.622894" v="0.930784"/>
                    </vertex>
                    <vertex>
                        <position x="-22.199" y="3579.61" z="-83.9255"/>
                        <normal x="0.508851" y="0.673048" z="-0.536727"/>
                        <texcoord u="-0.510026" v="0.929732"/>
                    </vertex>
                    <vertex>
                        <position x="-46.8191" y="3586.6" z="-88.847"/>
                        <normal x="0.0554787" y="0.830441" z="-0.554338"/>
                        <texcoord u="-0.536046" v="0.929417"/>
                    </vertex>
                    <vertex>
                        <position x="-23.0774" y="3629.56" z="-22.1223"/>
                        <normal x="0.179518" y="0.814578" z="-0.551576"/>
                        <texcoord u="-0.536038" v="0.840929"/>
                    </vertex>
                    <vertex>
                        <position x="-22.199" y="3579.61" z="-83.9255"/>
                        <normal x="0.508851" y="0.673048" z="-0.536727"/>
                        <texcoord u="-0.510026" v="0.929732"/>
                    </vertex>
                    <vertex>
                        <position x="-23.0774" y="3629.56" z="-22.1223"/>
                        <normal x="0.179518" y="0.814578" z="-0.551576"/>
                        <texcoord u="-0.536038" v="0.840929"/>
                    </vertex>
                    <vertex>
                        <position x="-8.37928" y="3619.5" z="-13.4702"/>
                        <normal x="0.569077" y="0.59484" z="-0.567729"/>
                        <texcoord u="-0.507501" v="0.84083"/>
                    </vertex>
                    <vertex>
                        <position x="-10.7469" y="3657.16" z="20.936"/>
                        <normal x="-0.00453146" y="0.620912" z="-0.783867"/>
                        <texcoord u="-0.529315" v="0.754525"/>
                    </vertex>
                    <vertex>
                        <position x="-63.0468" y="3625.05" z="-9.99565"/>
                        <normal x="-0.245724" y="0.853921" z="-0.458736"/>
                        <texcoord u="-0.623491" v="0.840773"/>
                    </vertex>
                    <vertex>
                        <position x="-35.8122" y="3657.28" z="35.924"/>
                        <normal x="-0.416399" y="0.578911" z="-0.701052"/>
                        <texcoord u="-0.623793" v="0.753587"/>
                    </vertex>
                    <vertex>
                        <position x="-41.8863" y="3718.44" z="54.5165"/>
                        <normal x="-0.247425" y="0.427711" z="-0.869393"/>
                        <texcoord u="-0.623939" v="0.676117"/>
                    </vertex>
                    <vertex>
                        <position x="-10.7469" y="3657.16" z="20.936"/>
                        <normal x="-0.00453146" y="0.620912" z="-0.783867"/>
                        <texcoord u="-0.529315" v="0.754525"/>
                    </vertex>
                    <vertex>
                        <position x="-35.8122" y="3657.28" z="35.924"/>
                        <normal x="-0.416399" y="0.578911" z="-0.701052"/>
                        <texcoord u="-0.623793" v="0.753587"/>
                    </vertex>
                    <vertex>
                        <position x="-41.8863" y="3718.44" z="54.5165"/>
                        <normal x="-0.247425" y="0.427711" z="-0.869393"/>
                        <texcoord u="-0.623939" v="0.676117"/>
                    </vertex>
                    <vertex>
                        <position x="2.0113" y="3713.6" z="43.0521"/>
                        <normal x="-0.0711251" y="0.423209" z="-0.903236"/>
                        <texcoord u="-0.506553" v="0.679846"/>
                    </vertex>
                    <vertex>
                        <position x="-10.7469" y="3657.16" z="20.936"/>
                        <normal x="-0.00453146" y="0.620912" z="-0.783867"/>
                        <texcoord u="-0.529315" v="0.754525"/>
                    </vertex>
                    <vertex>
                        <position x="202.861" y="4096.76" z="-6.83081"/>
                        <normal x="0.706187" y="0.0246508" z="-0.707596"/>
                        <texcoord u="1.4504" v="0.28364"/>
                    </vertex>
                    <vertex>
                        <position x="249.26" y="4086.07" z="66.9289"/>
                        <normal x="0.84781" y="0.024845" z="-0.529718"/>
                        <texcoord u="1.62962" v="0.284327"/>
                    </vertex>
                    <vertex>
                        <position x="251.61" y="4022.84" z="67.7245"/>
                        <normal x="0.850322" y="-0.0122562" z="-0.52612"/>
                        <texcoord u="1.62219" v="0.349146"/>
                    </vertex>
                </vertexbuffer>
            </geometry>
        </submesh>
    </submeshes>
    <submeshnames>
        <submeshname name="submesh0" index="0"/>
    </submeshnames>
</mesh>
