<mesh>
    <submeshes>
        <submesh material="FrontCol" usesharedvertices="false" use32bitindexes="false" operationtype="triangle_list">
            <faces count="1">
                <face v1="0" v2="1" v3="2"/>
            </faces>
            <geometry vertexcount="3">
                <vertexbuffer positions="true" normals="true" texture_coord_dimensions_0="2" texture_coords="1">
                    <vertex>
                        <position x="-526.808" y="1939.32" z="235.267"/>
                        <normal x="0.729736" y="-0.0206481" z="0.683417"/>
                        <texcoord u="-17.5659" v="-75.0287"/>
                    </vertex>
                    <vertex>
                        <position x="-529.116" y="1930.69" z="237.471"/>
                        <normal x="0.729736" y="-0.0206481" z="0.683417"/>
                        <texcoord u="-17.6914" v="-74.6889"/>
                    </vertex>
                    <vertex>
                        <position x="-528.059" y="1928.83" z="236.286"/>
                        <normal x="0.729736" y="-0.0206481" z="0.683417"/>
                        <texcoord u="-17.6288" v="-74.6158"/>
                    </vertex>
                </vertexbuffer>
            </geometry>
        </submesh>
    </submeshes>
    <submeshnames>
        <submeshname name="submesh0" index="0"/>
    </submeshnames>
</mesh>
