<mesh>
    <submeshes>
        <submesh material="03___Def" usesharedvertices="false" use32bitindexes="false" operationtype="triangle_list">
            <faces count="16">
                <face v1="0" v2="1" v3="2"/>
                <face v1="3" v2="4" v3="5"/>
                <face v1="6" v2="7" v3="8"/>
                <face v1="9" v2="10" v3="11"/>
                <face v1="12" v2="13" v3="14"/>
                <face v1="15" v2="16" v3="17"/>
                <face v1="18" v2="19" v3="20"/>
                <face v1="21" v2="22" v3="23"/>
                <face v1="24" v2="25" v3="26"/>
                <face v1="27" v2="28" v3="29"/>
                <face v1="30" v2="31" v3="32"/>
                <face v1="33" v2="34" v3="35"/>
                <face v1="36" v2="37" v3="38"/>
                <face v1="39" v2="40" v3="41"/>
                <face v1="42" v2="43" v3="44"/>
                <face v1="45" v2="46" v3="47"/>
            </faces>
            <geometry vertexcount="48">
                <vertexbuffer positions="true" normals="true" texture_coord_dimensions_0="2" texture_coords="1">
                    <vertex>
                        <position x="367.393" y="2668.28" z="314.499"/>
                        <normal x="-0.323953" y="0.904346" z="0.277874"/>
                        <texcoord u="0.842838" v="0.821201"/>
                    </vertex>
                    <vertex>
                        <position x="358.651" y="2659.91" z="321.457"/>
                        <normal x="-0.735784" y="0.62106" z="0.270012"/>
                        <texcoord u="0.837437" v="0.816913"/>
                    </vertex>
                    <vertex>
                        <position x="364.548" y="2662.78" z="325.516"/>
                        <normal x="-0.343016" y="0.872856" z="0.347077"/>
                        <texcoord u="0.836889" v="0.820755"/>
                    </vertex>
                    <vertex>
                        <position x="367.393" y="2668.28" z="314.499"/>
                        <normal x="-0.323953" y="0.904346" z="0.277874"/>
                        <texcoord u="0.842838" v="0.821201"/>
                    </vertex>
                    <vertex>
                        <position x="359.133" y="2664.29" z="311.244"/>
                        <normal x="-0.747946" y="0.658381" z="0.0843258"/>
                        <texcoord u="0.84276" v="0.816606"/>
                    </vertex>
                    <vertex>
                        <position x="358.651" y="2659.91" z="321.457"/>
                        <normal x="-0.735784" y="0.62106" z="0.270012"/>
                        <texcoord u="0.837437" v="0.816913"/>
                    </vertex>
                    <vertex>
                        <position x="372.572" y="2671.22" z="298.846"/>
                        <normal x="-0.276432" y="0.953422" z="0.120713"/>
                        <texcoord u="0.850879" v="0.821718"/>
                    </vertex>
                    <vertex>
                        <position x="359.133" y="2664.29" z="311.244"/>
                        <normal x="-0.747946" y="0.658381" z="0.0843258"/>
                        <texcoord u="0.84276" v="0.816606"/>
                    </vertex>
                    <vertex>
                        <position x="367.393" y="2668.28" z="314.499"/>
                        <normal x="-0.323953" y="0.904346" z="0.277874"/>
                        <texcoord u="0.842838" v="0.821201"/>
                    </vertex>
                    <vertex>
                        <position x="372.572" y="2671.22" z="298.846"/>
                        <normal x="-0.276432" y="0.953422" z="0.120713"/>
                        <texcoord u="0.850879" v="0.821718"/>
                    </vertex>
                    <vertex>
                        <position x="363.249" y="2667.75" z="296.885"/>
                        <normal x="-0.704736" y="0.708784" z="-0.0311833"/>
                        <texcoord u="0.850172" v="0.816827"/>
                    </vertex>
                    <vertex>
                        <position x="359.133" y="2664.29" z="311.244"/>
                        <normal x="-0.747946" y="0.658381" z="0.0843258"/>
                        <texcoord u="0.84276" v="0.816606"/>
                    </vertex>
                    <vertex>
                        <position x="363.249" y="2667.75" z="296.885"/>
                        <normal x="-0.704736" y="0.708784" z="-0.0311833"/>
                        <texcoord u="0.850172" v="0.816827"/>
                    </vertex>
                    <vertex>
                        <position x="358.372" y="2662.08" z="310.58"/>
                        <normal x="-0.939934" y="0.338052" z="-0.0473871"/>
                        <texcoord u="0.842534" v="0.815618"/>
                    </vertex>
                    <vertex>
                        <position x="359.133" y="2664.29" z="311.244"/>
                        <normal x="-0.747946" y="0.658381" z="0.0843258"/>
                        <texcoord u="0.84276" v="0.816606"/>
                    </vertex>
                    <vertex>
                        <position x="358.372" y="2662.08" z="310.58"/>
                        <normal x="-0.939934" y="0.338052" z="-0.0473871"/>
                        <texcoord u="0.842534" v="0.815618"/>
                    </vertex>
                    <vertex>
                        <position x="358.033" y="2657.86" z="322.613"/>
                        <normal x="-0.916765" y="0.245239" z="0.315278"/>
                        <texcoord u="0.836249" v="0.816196"/>
                    </vertex>
                    <vertex>
                        <position x="359.133" y="2664.29" z="311.244"/>
                        <normal x="-0.747946" y="0.658381" z="0.0843258"/>
                        <texcoord u="0.84276" v="0.816606"/>
                    </vertex>
                    <vertex>
                        <position x="359.133" y="2664.29" z="311.244"/>
                        <normal x="-0.747946" y="0.658381" z="0.0843258"/>
                        <texcoord u="0.84276" v="0.816606"/>
                    </vertex>
                    <vertex>
                        <position x="358.033" y="2657.86" z="322.613"/>
                        <normal x="-0.916765" y="0.245239" z="0.315278"/>
                        <texcoord u="0.836249" v="0.816196"/>
                    </vertex>
                    <vertex>
                        <position x="358.651" y="2659.91" z="321.457"/>
                        <normal x="-0.735784" y="0.62106" z="0.270012"/>
                        <texcoord u="0.837437" v="0.816913"/>
                    </vertex>
                    <vertex>
                        <position x="358.651" y="2659.91" z="321.457"/>
                        <normal x="-0.735784" y="0.62106" z="0.270012"/>
                        <texcoord u="0.837437" v="0.816913"/>
                    </vertex>
                    <vertex>
                        <position x="358.033" y="2657.86" z="322.613"/>
                        <normal x="-0.916765" y="0.245239" z="0.315278"/>
                        <texcoord u="0.836249" v="0.816196"/>
                    </vertex>
                    <vertex>
                        <position x="359.016" y="2657.52" z="325.239"/>
                        <normal x="-0.895746" y="0.249318" z="0.368076"/>
                        <texcoord u="0.835453" v="0.817353"/>
                    </vertex>
                    <vertex>
                        <position x="358.033" y="2657.86" z="322.613"/>
                        <normal x="-0.916765" y="0.245239" z="0.315278"/>
                        <texcoord u="0.836249" v="0.816196"/>
                    </vertex>
                    <vertex>
                        <position x="358.003" y="2655.36" z="322.787"/>
                        <normal x="-0.868948" y="0.0449046" z="0.492861"/>
                        <texcoord u="0.834918" v="0.815634"/>
                    </vertex>
                    <vertex>
                        <position x="359.016" y="2657.52" z="325.239"/>
                        <normal x="-0.895746" y="0.249318" z="0.368076"/>
                        <texcoord u="0.835453" v="0.817353"/>
                    </vertex>
                    <vertex>
                        <position x="356.514" y="2654.16" z="321.007"/>
                        <normal x="-0.783084" y="0.052743" z="0.619675"/>
                        <texcoord u="0.835804" v="0.813631"/>
                    </vertex>
                    <vertex>
                        <position x="358.003" y="2655.36" z="322.787"/>
                        <normal x="-0.868948" y="0.0449046" z="0.492861"/>
                        <texcoord u="0.834918" v="0.815634"/>
                    </vertex>
                    <vertex>
                        <position x="358.033" y="2657.86" z="322.613"/>
                        <normal x="-0.916765" y="0.245239" z="0.315278"/>
                        <texcoord u="0.836249" v="0.816196"/>
                    </vertex>
                    <vertex>
                        <position x="376.479" y="2668.51" z="317.769"/>
                        <normal x="0.127736" y="0.912848" z="0.387803"/>
                        <texcoord u="0.842424" v="0.825772"/>
                    </vertex>
                    <vertex>
                        <position x="372.572" y="2671.22" z="298.846"/>
                        <normal x="-0.276432" y="0.953422" z="0.120713"/>
                        <texcoord u="0.850879" v="0.821718"/>
                    </vertex>
                    <vertex>
                        <position x="367.393" y="2668.28" z="314.499"/>
                        <normal x="-0.323953" y="0.904346" z="0.277874"/>
                        <texcoord u="0.842838" v="0.821201"/>
                    </vertex>
                    <vertex>
                        <position x="381.345" y="2672.15" z="303.677"/>
                        <normal x="0.208784" y="0.92703" z="0.311489"/>
                        <texcoord u="0.849847" v="0.82649"/>
                    </vertex>
                    <vertex>
                        <position x="372.572" y="2671.22" z="298.846"/>
                        <normal x="-0.276432" y="0.953422" z="0.120713"/>
                        <texcoord u="0.850879" v="0.821718"/>
                    </vertex>
                    <vertex>
                        <position x="376.479" y="2668.51" z="317.769"/>
                        <normal x="0.127736" y="0.912848" z="0.387803"/>
                        <texcoord u="0.842424" v="0.825772"/>
                    </vertex>
                    <vertex>
                        <position x="381.345" y="2672.15" z="303.677"/>
                        <normal x="0.208784" y="0.92703" z="0.311489"/>
                        <texcoord u="0.849847" v="0.82649"/>
                    </vertex>
                    <vertex>
                        <position x="376.479" y="2668.51" z="317.769"/>
                        <normal x="0.127736" y="0.912848" z="0.387803"/>
                        <texcoord u="0.842424" v="0.825772"/>
                    </vertex>
                    <vertex>
                        <position x="378.261" y="2666.91" z="318.062"/>
                        <normal x="0.528694" y="0.683779" z="0.502921"/>
                        <texcoord u="0.842213" v="0.826791"/>
                    </vertex>
                    <vertex>
                        <position x="378.261" y="2666.91" z="318.062"/>
                        <normal x="0.528694" y="0.683779" z="0.502921"/>
                        <texcoord u="0.842213" v="0.826791"/>
                    </vertex>
                    <vertex>
                        <position x="376.479" y="2668.51" z="317.769"/>
                        <normal x="0.127736" y="0.912848" z="0.387803"/>
                        <texcoord u="0.842424" v="0.825772"/>
                    </vertex>
                    <vertex>
                        <position x="372.625" y="2661.42" z="328.106"/>
                        <normal x="0.469102" y="0.637131" z="0.611562"/>
                        <texcoord u="0.836132" v="0.825063"/>
                    </vertex>
                    <vertex>
                        <position x="376.479" y="2668.51" z="317.769"/>
                        <normal x="0.127736" y="0.912848" z="0.387803"/>
                        <texcoord u="0.842424" v="0.825772"/>
                    </vertex>
                    <vertex>
                        <position x="367.393" y="2668.28" z="314.499"/>
                        <normal x="-0.323953" y="0.904346" z="0.277874"/>
                        <texcoord u="0.842838" v="0.821201"/>
                    </vertex>
                    <vertex>
                        <position x="372.144" y="2663.21" z="326.537"/>
                        <normal x="-0.144233" y="0.890229" z="0.432075"/>
                        <texcoord u="0.837243" v="0.824586"/>
                    </vertex>
                    <vertex>
                        <position x="372.144" y="2663.21" z="326.537"/>
                        <normal x="-0.144233" y="0.890229" z="0.432075"/>
                        <texcoord u="0.837243" v="0.824586"/>
                    </vertex>
                    <vertex>
                        <position x="367.393" y="2668.28" z="314.499"/>
                        <normal x="-0.323953" y="0.904346" z="0.277874"/>
                        <texcoord u="0.842838" v="0.821201"/>
                    </vertex>
                    <vertex>
                        <position x="364.548" y="2662.78" z="325.516"/>
                        <normal x="-0.343016" y="0.872856" z="0.347077"/>
                        <texcoord u="0.836889" v="0.820755"/>
                    </vertex>
                </vertexbuffer>
            </geometry>
        </submesh>
    </submeshes>
    <submeshnames>
        <submeshname name="submesh0" index="0"/>
    </submeshnames>
</mesh>
