<mesh>
    <submeshes>
        <submesh material="03___Def" usesharedvertices="false" use32bitindexes="false" operationtype="triangle_list">
            <faces count="1">
                <face v1="0" v2="1" v3="2"/>
            </faces>
            <geometry vertexcount="3">
                <vertexbuffer positions="true" normals="true" texture_coord_dimensions_0="2" texture_coords="1">
                    <vertex>
                        <position x="342.321" y="2455.11" z="377.97"/>
                        <normal x="-0.614812" y="-0.315063" z="0.723009"/>
                        <texcoord u="0.809116" v="0.94543"/>
                    </vertex>
                    <vertex>
                        <position x="340.361" y="2454.57" z="376.068"/>
                        <normal x="-0.614812" y="-0.315063" z="0.723009"/>
                        <texcoord u="0.808021" v="0.945669"/>
                    </vertex>
                    <vertex>
                        <position x="343.317" y="2449.57" z="376.404"/>
                        <normal x="-0.614812" y="-0.315063" z="0.723009"/>
                        <texcoord u="0.809294" v="0.947889"/>
                    </vertex>
                </vertexbuffer>
            </geometry>
        </submesh>
    </submeshes>
    <submeshnames>
        <submeshname name="submesh0" index="0"/>
    </submeshnames>
</mesh>
