<mesh>
    <submeshes>
        <submesh material="FrontCol" usesharedvertices="false" use32bitindexes="false" operationtype="triangle_list">
            <faces count="19">
                <face v1="0" v2="1" v3="2"/>
                <face v1="3" v2="4" v3="5"/>
                <face v1="6" v2="7" v3="8"/>
                <face v1="9" v2="10" v3="11"/>
                <face v1="12" v2="13" v3="14"/>
                <face v1="15" v2="16" v3="17"/>
                <face v1="18" v2="19" v3="20"/>
                <face v1="21" v2="22" v3="23"/>
                <face v1="24" v2="25" v3="26"/>
                <face v1="27" v2="28" v3="29"/>
                <face v1="30" v2="31" v3="32"/>
                <face v1="33" v2="34" v3="35"/>
                <face v1="36" v2="37" v3="38"/>
                <face v1="39" v2="40" v3="41"/>
                <face v1="42" v2="43" v3="44"/>
                <face v1="45" v2="46" v3="47"/>
                <face v1="48" v2="49" v3="50"/>
                <face v1="51" v2="52" v3="53"/>
                <face v1="54" v2="55" v3="56"/>
            </faces>
            <geometry vertexcount="57">
                <vertexbuffer positions="true" normals="true" texture_coord_dimensions_0="2" texture_coords="1">
                    <vertex>
                        <position x="-496.854" y="1987.94" z="174.018"/>
                        <normal x="0.927202" y="-0.344988" z="-0.145879"/>
                        <texcoord u="-4.55421" v="-69.919"/>
                    </vertex>
                    <vertex>
                        <position x="-498.27" y="1987.95" z="181.045"/>
                        <normal x="0.856524" y="-0.275373" z="0.436506"/>
                        <texcoord u="-4.83642" v="-69.9195"/>
                    </vertex>
                    <vertex>
                        <position x="-497.39" y="1986.26" z="174.581"/>
                        <normal x="0.897367" y="-0.437046" z="-0.0610183"/>
                        <texcoord u="-4.58013" v="-69.8509"/>
                    </vertex>
                    <vertex>
                        <position x="-496.854" y="1987.94" z="174.018"/>
                        <normal x="-0.0781987" y="0.996827" z="-0.0148405"/>
                        <texcoord u="-4.55421" v="-69.919"/>
                    </vertex>
                    <vertex>
                        <position x="-500.06" y="1987.78" z="180.318"/>
                        <normal x="-0.00273103" y="0.980549" z="-0.196257"/>
                        <texcoord u="5.17685" v="15.1741"/>
                    </vertex>
                    <vertex>
                        <position x="-498.27" y="1987.95" z="181.045"/>
                        <normal x="-0.0111005" y="0.979766" z="-0.199839"/>
                        <texcoord u="-4.83642" v="-69.9195"/>
                    </vertex>
                    <vertex>
                        <position x="-496.854" y="1987.94" z="174.018"/>
                        <normal x="-0.0781987" y="0.996827" z="-0.0148405"/>
                        <texcoord u="-4.55421" v="-69.919"/>
                    </vertex>
                    <vertex>
                        <position x="-498.218" y="1987.82" z="171.821"/>
                        <normal x="-0.070231" y="0.997473" z="-0.0107695"/>
                        <texcoord u="3.47344" v="16.8116"/>
                    </vertex>
                    <vertex>
                        <position x="-500.06" y="1987.78" z="180.318"/>
                        <normal x="-0.00273103" y="0.980549" z="-0.196257"/>
                        <texcoord u="5.17685" v="15.1741"/>
                    </vertex>
                    <vertex>
                        <position x="-498.218" y="1987.82" z="171.821"/>
                        <normal x="0.78584" y="-0.407025" z="-0.465604"/>
                        <texcoord u="3.47344" v="16.8116"/>
                    </vertex>
                    <vertex>
                        <position x="-496.854" y="1987.94" z="174.018"/>
                        <normal x="0.927202" y="-0.344988" z="-0.145879"/>
                        <texcoord u="-4.55421" v="-69.919"/>
                    </vertex>
                    <vertex>
                        <position x="-497.39" y="1986.26" z="174.581"/>
                        <normal x="0.897367" y="-0.437046" z="-0.0610183"/>
                        <texcoord u="-4.58013" v="-69.8509"/>
                    </vertex>
                    <vertex>
                        <position x="-498.27" y="1987.95" z="181.045"/>
                        <normal x="-0.0111005" y="0.979766" z="-0.199839"/>
                        <texcoord u="-4.83642" v="-69.9195"/>
                    </vertex>
                    <vertex>
                        <position x="-500.06" y="1987.78" z="180.318"/>
                        <normal x="-0.00273103" y="0.980549" z="-0.196257"/>
                        <texcoord u="5.17685" v="15.1741"/>
                    </vertex>
                    <vertex>
                        <position x="-502.428" y="1990.43" z="186.48"/>
                        <normal x="0.0728428" y="0.926154" z="-0.370045"/>
                        <texcoord u="21.4232" v="-32.8043"/>
                    </vertex>
                    <vertex>
                        <position x="-500.06" y="1987.78" z="180.318"/>
                        <normal x="-0.00273103" y="0.980549" z="-0.196257"/>
                        <texcoord u="5.17685" v="15.1741"/>
                    </vertex>
                    <vertex>
                        <position x="-504.991" y="1990.85" z="186.965"/>
                        <normal x="0.0812919" y="0.926656" z="-0.367014"/>
                        <texcoord u="21.2828" v="-33.5763"/>
                    </vertex>
                    <vertex>
                        <position x="-502.428" y="1990.43" z="186.48"/>
                        <normal x="0.0728428" y="0.926154" z="-0.370045"/>
                        <texcoord u="21.4232" v="-32.8043"/>
                    </vertex>
                    <vertex>
                        <position x="-504.991" y="1990.85" z="186.965"/>
                        <normal x="0.160733" y="-0.146216" z="0.976107"/>
                        <texcoord u="21.2828" v="-33.5763"/>
                    </vertex>
                    <vertex>
                        <position x="-502.601" y="1988.59" z="186.233"/>
                        <normal x="0.522102" y="-0.329102" z="0.78683"/>
                        <texcoord u="-21.7101" v="-76.0384"/>
                    </vertex>
                    <vertex>
                        <position x="-502.428" y="1990.43" z="186.48"/>
                        <normal x="0.483028" y="-0.160998" z="0.860676"/>
                        <texcoord u="21.4232" v="-32.8043"/>
                    </vertex>
                    <vertex>
                        <position x="-498.27" y="1987.95" z="181.045"/>
                        <normal x="0.856524" y="-0.275373" z="0.436506"/>
                        <texcoord u="-4.83642" v="-69.9195"/>
                    </vertex>
                    <vertex>
                        <position x="-502.428" y="1990.43" z="186.48"/>
                        <normal x="0.483028" y="-0.160998" z="0.860676"/>
                        <texcoord u="21.4232" v="-32.8043"/>
                    </vertex>
                    <vertex>
                        <position x="-502.601" y="1988.59" z="186.233"/>
                        <normal x="0.522102" y="-0.329102" z="0.78683"/>
                        <texcoord u="-21.7101" v="-76.0384"/>
                    </vertex>
                    <vertex>
                        <position x="-499.081" y="1985.99" z="181.044"/>
                        <normal x="0.722989" y="-0.496011" z="0.480895"/>
                        <texcoord u="-14.8257" v="-68.9586"/>
                    </vertex>
                    <vertex>
                        <position x="-498.27" y="1987.95" z="181.045"/>
                        <normal x="0.856524" y="-0.275373" z="0.436506"/>
                        <texcoord u="-4.83642" v="-69.9195"/>
                    </vertex>
                    <vertex>
                        <position x="-502.601" y="1988.59" z="186.233"/>
                        <normal x="0.522102" y="-0.329102" z="0.78683"/>
                        <texcoord u="-21.7101" v="-76.0384"/>
                    </vertex>
                    <vertex>
                        <position x="-497.39" y="1986.26" z="174.581"/>
                        <normal x="0.897367" y="-0.437046" z="-0.0610183"/>
                        <texcoord u="-4.58013" v="-69.8509"/>
                    </vertex>
                    <vertex>
                        <position x="-498.27" y="1987.95" z="181.045"/>
                        <normal x="0.856524" y="-0.275373" z="0.436506"/>
                        <texcoord u="-4.83642" v="-69.9195"/>
                    </vertex>
                    <vertex>
                        <position x="-499.081" y="1985.99" z="181.044"/>
                        <normal x="0.722989" y="-0.496011" z="0.480895"/>
                        <texcoord u="-14.8257" v="-68.9586"/>
                    </vertex>
                    <vertex>
                        <position x="-502.601" y="1988.59" z="186.233"/>
                        <normal x="0.522102" y="-0.329102" z="0.78683"/>
                        <texcoord u="-21.7101" v="-76.0384"/>
                    </vertex>
                    <vertex>
                        <position x="-503.901" y="1986.44" z="185.586"/>
                        <normal x="0.434471" y="-0.581459" z="0.687852"/>
                        <texcoord u="-17.0472" v="-58.0961"/>
                    </vertex>
                    <vertex>
                        <position x="-499.081" y="1985.99" z="181.044"/>
                        <normal x="0.722989" y="-0.496011" z="0.480895"/>
                        <texcoord u="-14.8257" v="-68.9586"/>
                    </vertex>
                    <vertex>
                        <position x="-502.601" y="1988.59" z="186.233"/>
                        <normal x="0.522102" y="-0.329102" z="0.78683"/>
                        <texcoord u="-21.7101" v="-76.0384"/>
                    </vertex>
                    <vertex>
                        <position x="-506.196" y="1985.99" z="186.175"/>
                        <normal x="0.287429" y="-0.687324" z="0.667061"/>
                        <texcoord u="-20.9885" v="-66.3886"/>
                    </vertex>
                    <vertex>
                        <position x="-503.901" y="1986.44" z="185.586"/>
                        <normal x="0.434471" y="-0.581459" z="0.687852"/>
                        <texcoord u="-17.0472" v="-58.0961"/>
                    </vertex>
                    <vertex>
                        <position x="-500.641" y="1984.06" z="180.723"/>
                        <normal x="0.485097" y="-0.790881" z="0.37308"/>
                        <texcoord u="-19.6097" v="-42.0092"/>
                    </vertex>
                    <vertex>
                        <position x="-503.901" y="1986.44" z="185.586"/>
                        <normal x="0.434471" y="-0.581459" z="0.687852"/>
                        <texcoord u="-17.0472" v="-58.0961"/>
                    </vertex>
                    <vertex>
                        <position x="-506.196" y="1985.99" z="186.175"/>
                        <normal x="0.287429" y="-0.687324" z="0.667061"/>
                        <texcoord u="-20.9885" v="-66.3886"/>
                    </vertex>
                    <vertex>
                        <position x="-503.901" y="1986.44" z="185.586"/>
                        <normal x="0.434471" y="-0.581459" z="0.687852"/>
                        <texcoord u="-17.0472" v="-58.0961"/>
                    </vertex>
                    <vertex>
                        <position x="-500.641" y="1984.06" z="180.723"/>
                        <normal x="0.485097" y="-0.790881" z="0.37308"/>
                        <texcoord u="-19.6097" v="-42.0092"/>
                    </vertex>
                    <vertex>
                        <position x="-499.081" y="1985.99" z="181.044"/>
                        <normal x="0.722989" y="-0.496011" z="0.480895"/>
                        <texcoord u="-14.8257" v="-68.9586"/>
                    </vertex>
                    <vertex>
                        <position x="-499.036" y="1984.26" z="174.709"/>
                        <normal x="0.685608" y="-0.72706" z="0.0364186"/>
                        <texcoord u="-5.33904" v="-45.9129"/>
                    </vertex>
                    <vertex>
                        <position x="-499.081" y="1985.99" z="181.044"/>
                        <normal x="0.722989" y="-0.496011" z="0.480895"/>
                        <texcoord u="-14.8257" v="-68.9586"/>
                    </vertex>
                    <vertex>
                        <position x="-500.641" y="1984.06" z="180.723"/>
                        <normal x="0.485097" y="-0.790881" z="0.37308"/>
                        <texcoord u="-19.6097" v="-42.0092"/>
                    </vertex>
                    <vertex>
                        <position x="-499.036" y="1984.26" z="174.709"/>
                        <normal x="0.685608" y="-0.72706" z="0.0364186"/>
                        <texcoord u="-5.33904" v="-45.9129"/>
                    </vertex>
                    <vertex>
                        <position x="-500.641" y="1984.06" z="180.723"/>
                        <normal x="0.485097" y="-0.790881" z="0.37308"/>
                        <texcoord u="-19.6097" v="-42.0092"/>
                    </vertex>
                    <vertex>
                        <position x="-500.249" y="1983.33" z="172.877"/>
                        <normal x="0.576556" y="-0.816983" z="0.0110468"/>
                        <texcoord u="-4.6937" v="-20.681"/>
                    </vertex>
                    <vertex>
                        <position x="-500.249" y="1983.33" z="172.877"/>
                        <normal x="0.576556" y="-0.816983" z="0.0110468"/>
                        <texcoord u="-4.6937" v="-20.681"/>
                    </vertex>
                    <vertex>
                        <position x="-500.641" y="1984.06" z="180.723"/>
                        <normal x="0.485097" y="-0.790881" z="0.37308"/>
                        <texcoord u="-19.6097" v="-42.0092"/>
                    </vertex>
                    <vertex>
                        <position x="-502.594" y="1983.05" z="180.074"/>
                        <normal x="0.34659" y="-0.878467" z="0.328894"/>
                        <texcoord u="-5.68131" v="-14.6339"/>
                    </vertex>
                    <vertex>
                        <position x="-500.641" y="1984.06" z="180.723"/>
                        <normal x="0.485097" y="-0.790881" z="0.37308"/>
                        <texcoord u="-19.6097" v="-42.0092"/>
                    </vertex>
                    <vertex>
                        <position x="-506.196" y="1985.99" z="186.175"/>
                        <normal x="0.287429" y="-0.687324" z="0.667061"/>
                        <texcoord u="-20.9885" v="-66.3886"/>
                    </vertex>
                    <vertex>
                        <position x="-502.594" y="1983.05" z="180.074"/>
                        <normal x="0.34659" y="-0.878467" z="0.328894"/>
                        <texcoord u="-5.68131" v="-14.6339"/>
                    </vertex>
                    <vertex>
                        <position x="-500.249" y="1983.33" z="172.877"/>
                        <normal x="0.576556" y="-0.816983" z="0.0110468"/>
                        <texcoord u="-4.6937" v="-20.681"/>
                    </vertex>
                    <vertex>
                        <position x="-497.39" y="1986.26" z="174.581"/>
                        <normal x="0.897367" y="-0.437046" z="-0.0610183"/>
                        <texcoord u="-4.58013" v="-69.8509"/>
                    </vertex>
                    <vertex>
                        <position x="-499.036" y="1984.26" z="174.709"/>
                        <normal x="0.685608" y="-0.72706" z="0.0364186"/>
                        <texcoord u="-5.33904" v="-45.9129"/>
                    </vertex>
                </vertexbuffer>
            </geometry>
        </submesh>
    </submeshes>
    <submeshnames>
        <submeshname name="submesh0" index="0"/>
    </submeshnames>
</mesh>
