<mesh>
    <submeshes>
        <submesh material="03___Def" usesharedvertices="false" use32bitindexes="false" operationtype="triangle_list">
            <faces count="1">
                <face v1="0" v2="1" v3="2"/>
            </faces>
            <geometry vertexcount="3">
                <vertexbuffer positions="true" normals="true" texture_coord_dimensions_0="2" texture_coords="1">
                    <vertex>
                        <position x="-522.735" y="1922.91" z="225.997"/>
                        <normal x="0.193723" y="-0.980556" z="0.0313214"/>
                        <texcoord u="0.809862" v="0.950374"/>
                    </vertex>
                    <vertex>
                        <position x="-525.232" y="1922.58" z="231.013"/>
                        <normal x="0.193723" y="-0.980556" z="0.0313214"/>
                        <texcoord u="0.809294" v="0.947889"/>
                    </vertex>
                    <vertex>
                        <position x="-525.378" y="1922.37" z="225.376"/>
                        <normal x="0.193723" y="-0.980556" z="0.0313214"/>
                        <texcoord u="0.810847" v="0.949862"/>
                    </vertex>
                </vertexbuffer>
            </geometry>
        </submesh>
    </submeshes>
    <submeshnames>
        <submeshname name="submesh0" index="0"/>
    </submeshnames>
</mesh>
