<mesh>
    <submeshes>
        <submesh material="03___Def" usesharedvertices="false" use32bitindexes="false" operationtype="triangle_list">
            <faces count="1">
                <face v1="0" v2="1" v3="2"/>
            </faces>
            <geometry vertexcount="3">
                <vertexbuffer positions="true" normals="true" texture_coord_dimensions_0="2" texture_coords="1">
                    <vertex>
                        <position x="-496.999" y="2034.09" z="130.902"/>
                        <normal x="0.678693" y="0.0633788" z="0.731683"/>
                        <texcoord u="0.898888" v="0.99098"/>
                    </vertex>
                    <vertex>
                        <position x="-495.893" y="2031.05" z="130.14"/>
                        <normal x="0.678693" y="0.0633788" z="0.731683"/>
                        <texcoord u="0.900405" v="0.991448"/>
                    </vertex>
                    <vertex>
                        <position x="-495.806" y="2033.05" z="129.886"/>
                        <normal x="0.678693" y="0.0633788" z="0.731683"/>
                        <texcoord u="0.899608" v="0.992129"/>
                    </vertex>
                </vertexbuffer>
            </geometry>
        </submesh>
    </submeshes>
    <submeshnames>
        <submeshname name="submesh0" index="0"/>
    </submeshnames>
</mesh>
