<mesh>
    <submeshes>
        <submesh material="FrontCol" usesharedvertices="false" use32bitindexes="false" operationtype="triangle_list">
            <faces count="1">
                <face v1="0" v2="1" v3="2"/>
            </faces>
            <geometry vertexcount="3">
                <vertexbuffer positions="true" normals="true" texture_coord_dimensions_0="2" texture_coords="1">
                    <vertex>
                        <position x="-588.979" y="2019.66" z="267.79"/>
                        <normal x="-0.852611" y="-0.420938" z="0.309623"/>
                        <texcoord u="-4.90179" v="-81.6979"/>
                    </vertex>
                    <vertex>
                        <position x="-589.535" y="2021.88" z="269.289"/>
                        <normal x="-0.852611" y="-0.420938" z="0.309623"/>
                        <texcoord u="-4.85379" v="-81.7946"/>
                    </vertex>
                    <vertex>
                        <position x="-590.956" y="2024.13" z="268.435"/>
                        <normal x="-0.852611" y="-0.420938" z="0.309623"/>
                        <texcoord u="-4.90451" v="-81.8922"/>
                    </vertex>
                </vertexbuffer>
            </geometry>
        </submesh>
    </submeshes>
    <submeshnames>
        <submeshname name="submesh0" index="0"/>
    </submeshnames>
</mesh>
