<mesh>
    <submeshes>
        <submesh material="FrontCol" usesharedvertices="false" use32bitindexes="false" operationtype="triangle_list">
            <faces count="20">
                <face v1="0" v2="1" v3="2"/>
                <face v1="3" v2="4" v3="5"/>
                <face v1="6" v2="7" v3="8"/>
                <face v1="9" v2="10" v3="11"/>
                <face v1="12" v2="13" v3="14"/>
                <face v1="15" v2="16" v3="17"/>
                <face v1="18" v2="19" v3="20"/>
                <face v1="21" v2="22" v3="23"/>
                <face v1="24" v2="25" v3="26"/>
                <face v1="27" v2="28" v3="29"/>
                <face v1="30" v2="31" v3="32"/>
                <face v1="33" v2="34" v3="35"/>
                <face v1="36" v2="37" v3="38"/>
                <face v1="39" v2="40" v3="41"/>
                <face v1="42" v2="43" v3="44"/>
                <face v1="45" v2="46" v3="47"/>
                <face v1="48" v2="49" v3="50"/>
                <face v1="51" v2="52" v3="53"/>
                <face v1="54" v2="55" v3="56"/>
                <face v1="57" v2="58" v3="59"/>
            </faces>
            <geometry vertexcount="60">
                <vertexbuffer positions="true" normals="true" texture_coord_dimensions_0="2" texture_coords="1">
                    <vertex>
                        <position x="-581.608" y="1921.54" z="236.655"/>
                        <normal x="0.190211" y="-0.907717" z="-0.373993"/>
                        <texcoord u="2.11407" v="12.838"/>
                    </vertex>
                    <vertex>
                        <position x="-584.367" y="1920.9" z="241.846"/>
                        <normal x="-0.0138044" y="-0.975878" z="0.217878"/>
                        <texcoord u="1.93439" v="12.9861"/>
                    </vertex>
                    <vertex>
                        <position x="-583.262" y="1921.27" z="236.479"/>
                        <normal x="0.00689453" y="-0.948831" z="-0.31571"/>
                        <texcoord u="2.13339" v="12.9016"/>
                    </vertex>
                    <vertex>
                        <position x="-581.608" y="1921.54" z="236.655"/>
                        <normal x="0.757558" y="0.463112" z="0.460035"/>
                        <texcoord u="2.11407" v="12.838"/>
                    </vertex>
                    <vertex>
                        <position x="-585.036" y="1922.59" z="241.247"/>
                        <normal x="0.860771" y="0.438261" z="0.258844"/>
                        <texcoord u="-15.5313" v="-75.3145"/>
                    </vertex>
                    <vertex>
                        <position x="-584.367" y="1920.9" z="241.846"/>
                        <normal x="0.86237" y="0.434626" z="0.25965"/>
                        <texcoord u="1.93439" v="12.9861"/>
                    </vertex>
                    <vertex>
                        <position x="-581.547" y="1923.23" z="234.856"/>
                        <normal x="0.757832" y="0.46227" z="0.460431"/>
                        <texcoord u="-15.2538" v="-75.3732"/>
                    </vertex>
                    <vertex>
                        <position x="-585.036" y="1922.59" z="241.247"/>
                        <normal x="0.860771" y="0.438261" z="0.258844"/>
                        <texcoord u="-15.5313" v="-75.3145"/>
                    </vertex>
                    <vertex>
                        <position x="-581.608" y="1921.54" z="236.655"/>
                        <normal x="0.757558" y="0.463112" z="0.460035"/>
                        <texcoord u="2.11407" v="12.838"/>
                    </vertex>
                    <vertex>
                        <position x="-581.547" y="1923.23" z="234.856"/>
                        <normal x="0.190248" y="-0.718201" z="-0.669323"/>
                        <texcoord u="-15.2538" v="-75.3732"/>
                    </vertex>
                    <vertex>
                        <position x="-581.608" y="1921.54" z="236.655"/>
                        <normal x="0.190211" y="-0.907717" z="-0.373993"/>
                        <texcoord u="2.11407" v="12.838"/>
                    </vertex>
                    <vertex>
                        <position x="-583.262" y="1921.27" z="236.479"/>
                        <normal x="0.00689453" y="-0.948831" z="-0.31571"/>
                        <texcoord u="2.13339" v="12.9016"/>
                    </vertex>
                    <vertex>
                        <position x="-585.036" y="1922.59" z="241.247"/>
                        <normal x="0.860771" y="0.438261" z="0.258844"/>
                        <texcoord u="-15.5313" v="-75.3145"/>
                    </vertex>
                    <vertex>
                        <position x="-585.674" y="1923.53" z="246.201"/>
                        <normal x="0.919442" y="0.390729" z="0.0442489"/>
                        <texcoord u="-4.36795" v="-78.5169"/>
                    </vertex>
                    <vertex>
                        <position x="-584.367" y="1920.9" z="241.846"/>
                        <normal x="0.86237" y="0.434626" z="0.25965"/>
                        <texcoord u="1.93439" v="12.9861"/>
                    </vertex>
                    <vertex>
                        <position x="-585.036" y="1922.59" z="241.247"/>
                        <normal x="0.860771" y="0.438261" z="0.258844"/>
                        <texcoord u="-15.5313" v="-75.3145"/>
                    </vertex>
                    <vertex>
                        <position x="-586.665" y="1925.74" z="246.871"/>
                        <normal x="0.916111" y="0.398687" z="0.0423079"/>
                        <texcoord u="-4.29988" v="-78.5041"/>
                    </vertex>
                    <vertex>
                        <position x="-585.674" y="1923.53" z="246.201"/>
                        <normal x="0.919442" y="0.390729" z="0.0442489"/>
                        <texcoord u="-4.36795" v="-78.5169"/>
                    </vertex>
                    <vertex>
                        <position x="-586.665" y="1925.74" z="246.871"/>
                        <normal x="-0.405607" y="-0.427554" z="0.807886"/>
                        <texcoord u="-4.29988" v="-78.5041"/>
                    </vertex>
                    <vertex>
                        <position x="-587.02" y="1923.1" z="245.3"/>
                        <normal x="-0.343941" y="-0.762385" z="0.548155"/>
                        <texcoord u="-21.1412" v="-73.4551"/>
                    </vertex>
                    <vertex>
                        <position x="-585.674" y="1923.53" z="246.201"/>
                        <normal x="-0.246967" y="-0.680253" z="0.690118"/>
                        <texcoord u="-4.36795" v="-78.5169"/>
                    </vertex>
                    <vertex>
                        <position x="-584.367" y="1920.9" z="241.846"/>
                        <normal x="-0.0138044" y="-0.975878" z="0.217878"/>
                        <texcoord u="1.93439" v="12.9861"/>
                    </vertex>
                    <vertex>
                        <position x="-585.674" y="1923.53" z="246.201"/>
                        <normal x="-0.246967" y="-0.680253" z="0.690118"/>
                        <texcoord u="-4.36795" v="-78.5169"/>
                    </vertex>
                    <vertex>
                        <position x="-587.02" y="1923.1" z="245.3"/>
                        <normal x="-0.343941" y="-0.762385" z="0.548155"/>
                        <texcoord u="-21.1412" v="-73.4551"/>
                    </vertex>
                    <vertex>
                        <position x="-584.367" y="1920.9" z="241.846"/>
                        <normal x="-0.0138044" y="-0.975878" z="0.217878"/>
                        <texcoord u="1.93439" v="12.9861"/>
                    </vertex>
                    <vertex>
                        <position x="-587.02" y="1923.1" z="245.3"/>
                        <normal x="-0.343941" y="-0.762385" z="0.548155"/>
                        <texcoord u="-21.1412" v="-73.4551"/>
                    </vertex>
                    <vertex>
                        <position x="-586.157" y="1920.91" z="241.12"/>
                        <normal x="-0.274948" y="-0.955727" z="0.104827"/>
                        <texcoord u="-22.1289" v="-44.9787"/>
                    </vertex>
                    <vertex>
                        <position x="-586.157" y="1920.91" z="241.12"/>
                        <normal x="-0.274948" y="-0.955727" z="0.104827"/>
                        <texcoord u="-22.1289" v="-44.9787"/>
                    </vertex>
                    <vertex>
                        <position x="-587.02" y="1923.1" z="245.3"/>
                        <normal x="-0.343941" y="-0.762385" z="0.548155"/>
                        <texcoord u="-21.1412" v="-73.4551"/>
                    </vertex>
                    <vertex>
                        <position x="-588.967" y="1923.65" z="244.012"/>
                        <normal x="-0.544863" y="-0.75677" z="0.361142"/>
                        <texcoord u="-12.6103" v="-60.1834"/>
                    </vertex>
                    <vertex>
                        <position x="-587.02" y="1923.1" z="245.3"/>
                        <normal x="-0.343941" y="-0.762385" z="0.548155"/>
                        <texcoord u="-21.1412" v="-73.4551"/>
                    </vertex>
                    <vertex>
                        <position x="-590.507" y="1925.3" z="244.42"/>
                        <normal x="-0.67753" y="-0.671779" z="0.299442"/>
                        <texcoord u="-15.816" v="-69.9838"/>
                    </vertex>
                    <vertex>
                        <position x="-588.967" y="1923.65" z="244.012"/>
                        <normal x="-0.544863" y="-0.75677" z="0.361142"/>
                        <texcoord u="-12.6103" v="-60.1834"/>
                    </vertex>
                    <vertex>
                        <position x="-588.155" y="1921.66" z="240.166"/>
                        <normal x="-0.571357" y="-0.819196" z="-0.0496866"/>
                        <texcoord u="-4.81904" v="-70.7041"/>
                    </vertex>
                    <vertex>
                        <position x="-588.967" y="1923.65" z="244.012"/>
                        <normal x="-0.544863" y="-0.75677" z="0.361142"/>
                        <texcoord u="-12.6103" v="-60.1834"/>
                    </vertex>
                    <vertex>
                        <position x="-590.507" y="1925.3" z="244.42"/>
                        <normal x="-0.67753" y="-0.671779" z="0.299442"/>
                        <texcoord u="-15.816" v="-69.9838"/>
                    </vertex>
                    <vertex>
                        <position x="-586.157" y="1920.91" z="241.12"/>
                        <normal x="-0.274948" y="-0.955727" z="0.104827"/>
                        <texcoord u="-22.1289" v="-44.9787"/>
                    </vertex>
                    <vertex>
                        <position x="-588.967" y="1923.65" z="244.012"/>
                        <normal x="-0.544863" y="-0.75677" z="0.361142"/>
                        <texcoord u="-12.6103" v="-60.1834"/>
                    </vertex>
                    <vertex>
                        <position x="-588.155" y="1921.66" z="240.166"/>
                        <normal x="-0.571357" y="-0.819196" z="-0.0496866"/>
                        <texcoord u="-4.81904" v="-70.7041"/>
                    </vertex>
                    <vertex>
                        <position x="-585.487" y="1921.95" z="235.843"/>
                        <normal x="-0.277117" y="-0.901297" z="-0.332972"/>
                        <texcoord u="18.5406" v="-40.3651"/>
                    </vertex>
                    <vertex>
                        <position x="-586.157" y="1920.91" z="241.12"/>
                        <normal x="-0.274948" y="-0.955727" z="0.104827"/>
                        <texcoord u="-22.1289" v="-44.9787"/>
                    </vertex>
                    <vertex>
                        <position x="-588.155" y="1921.66" z="240.166"/>
                        <normal x="-0.571357" y="-0.819196" z="-0.0496866"/>
                        <texcoord u="-4.81904" v="-70.7041"/>
                    </vertex>
                    <vertex>
                        <position x="-583.262" y="1921.27" z="236.479"/>
                        <normal x="0.00689453" y="-0.948831" z="-0.31571"/>
                        <texcoord u="2.13339" v="12.9016"/>
                    </vertex>
                    <vertex>
                        <position x="-586.157" y="1920.91" z="241.12"/>
                        <normal x="-0.274948" y="-0.955727" z="0.104827"/>
                        <texcoord u="-22.1289" v="-44.9787"/>
                    </vertex>
                    <vertex>
                        <position x="-585.487" y="1921.95" z="235.843"/>
                        <normal x="-0.277117" y="-0.901297" z="-0.332972"/>
                        <texcoord u="18.5406" v="-40.3651"/>
                    </vertex>
                    <vertex>
                        <position x="-583.262" y="1921.27" z="236.479"/>
                        <normal x="0.00689453" y="-0.948831" z="-0.31571"/>
                        <texcoord u="2.13339" v="12.9016"/>
                    </vertex>
                    <vertex>
                        <position x="-584.367" y="1920.9" z="241.846"/>
                        <normal x="-0.0138044" y="-0.975878" z="0.217878"/>
                        <texcoord u="1.93439" v="12.9861"/>
                    </vertex>
                    <vertex>
                        <position x="-586.157" y="1920.91" z="241.12"/>
                        <normal x="-0.274948" y="-0.955727" z="0.104827"/>
                        <texcoord u="-22.1289" v="-44.9787"/>
                    </vertex>
                    <vertex>
                        <position x="-583.262" y="1921.27" z="236.479"/>
                        <normal x="0.00689453" y="-0.948831" z="-0.31571"/>
                        <texcoord u="2.13339" v="12.9016"/>
                    </vertex>
                    <vertex>
                        <position x="-585.487" y="1921.95" z="235.843"/>
                        <normal x="-0.277117" y="-0.901297" z="-0.332972"/>
                        <texcoord u="18.5406" v="-40.3651"/>
                    </vertex>
                    <vertex>
                        <position x="-586.081" y="1923.13" z="234.029"/>
                        <normal x="-0.40143" y="-0.812118" z="-0.423461"/>
                        <texcoord u="25.1363" v="-41.4183"/>
                    </vertex>
                    <vertex>
                        <position x="-585.487" y="1921.95" z="235.843"/>
                        <normal x="-0.277117" y="-0.901297" z="-0.332972"/>
                        <texcoord u="18.5406" v="-40.3651"/>
                    </vertex>
                    <vertex>
                        <position x="-588.155" y="1921.66" z="240.166"/>
                        <normal x="-0.571357" y="-0.819196" z="-0.0496866"/>
                        <texcoord u="-4.81904" v="-70.7041"/>
                    </vertex>
                    <vertex>
                        <position x="-586.081" y="1923.13" z="234.029"/>
                        <normal x="-0.40143" y="-0.812118" z="-0.423461"/>
                        <texcoord u="25.1363" v="-41.4183"/>
                    </vertex>
                    <vertex>
                        <position x="-586.081" y="1923.13" z="234.029"/>
                        <normal x="-0.40143" y="-0.812118" z="-0.423461"/>
                        <texcoord u="25.1363" v="-41.4183"/>
                    </vertex>
                    <vertex>
                        <position x="-588.155" y="1921.66" z="240.166"/>
                        <normal x="-0.571357" y="-0.819196" z="-0.0496866"/>
                        <texcoord u="-4.81904" v="-70.7041"/>
                    </vertex>
                    <vertex>
                        <position x="-589.541" y="1923.17" z="239.312"/>
                        <normal x="-0.691732" y="-0.710568" z="-0.128841"/>
                        <texcoord u="16.1282" v="-64.8591"/>
                    </vertex>
                    <vertex>
                        <position x="-589.541" y="1923.17" z="239.312"/>
                        <normal x="-0.691732" y="-0.710568" z="-0.128841"/>
                        <texcoord u="16.1282" v="-64.8591"/>
                    </vertex>
                    <vertex>
                        <position x="-588.155" y="1921.66" z="240.166"/>
                        <normal x="-0.571357" y="-0.819196" z="-0.0496866"/>
                        <texcoord u="-4.81904" v="-70.7041"/>
                    </vertex>
                    <vertex>
                        <position x="-590.507" y="1925.3" z="244.42"/>
                        <normal x="-0.67753" y="-0.671779" z="0.299442"/>
                        <texcoord u="-15.816" v="-69.9838"/>
                    </vertex>
                </vertexbuffer>
            </geometry>
        </submesh>
    </submeshes>
    <submeshnames>
        <submeshname name="submesh0" index="0"/>
    </submeshnames>
</mesh>
