<mesh>
    <submeshes>
        <submesh material="FrontCol" usesharedvertices="false" use32bitindexes="false" operationtype="triangle_list">
            <faces count="19">
                <face v1="0" v2="1" v3="2"/>
                <face v1="3" v2="4" v3="5"/>
                <face v1="6" v2="7" v3="8"/>
                <face v1="9" v2="10" v3="11"/>
                <face v1="12" v2="13" v3="14"/>
                <face v1="15" v2="16" v3="17"/>
                <face v1="18" v2="19" v3="20"/>
                <face v1="21" v2="22" v3="23"/>
                <face v1="24" v2="25" v3="26"/>
                <face v1="27" v2="28" v3="29"/>
                <face v1="30" v2="31" v3="32"/>
                <face v1="33" v2="34" v3="35"/>
                <face v1="36" v2="37" v3="38"/>
                <face v1="39" v2="40" v3="41"/>
                <face v1="42" v2="43" v3="44"/>
                <face v1="45" v2="46" v3="47"/>
                <face v1="48" v2="49" v3="50"/>
                <face v1="51" v2="52" v3="53"/>
                <face v1="54" v2="55" v3="56"/>
            </faces>
            <geometry vertexcount="57">
                <vertexbuffer positions="true" normals="true" texture_coord_dimensions_0="2" texture_coords="1">
                    <vertex>
                        <position x="401.958" y="2432.79" z="339.231"/>
                        <normal x="-0.22163" y="-0.920527" z="0.32173"/>
                        <texcoord u="13.5321" v="-46.543"/>
                    </vertex>
                    <vertex>
                        <position x="397.347" y="2436.67" z="342.692"/>
                        <normal x="-0.471315" y="-0.696873" z="0.540583"/>
                        <texcoord u="13.5364" v="-46.8166"/>
                    </vertex>
                    <vertex>
                        <position x="396.277" y="2436.54" z="340.87"/>
                        <normal x="-0.641321" y="-0.687377" z="0.340911"/>
                        <texcoord u="13.4535" v="-46.8072"/>
                    </vertex>
                    <vertex>
                        <position x="403.318" y="2433.7" z="341.243"/>
                        <normal x="-0.130503" y="-0.808177" z="0.574298"/>
                        <texcoord u="15.3983" v="-56.7205"/>
                    </vertex>
                    <vertex>
                        <position x="397.347" y="2436.67" z="342.692"/>
                        <normal x="-0.471315" y="-0.696873" z="0.540583"/>
                        <texcoord u="13.5364" v="-46.8166"/>
                    </vertex>
                    <vertex>
                        <position x="401.958" y="2432.79" z="339.231"/>
                        <normal x="-0.22163" y="-0.920527" z="0.32173"/>
                        <texcoord u="13.5321" v="-46.543"/>
                    </vertex>
                    <vertex>
                        <position x="403.318" y="2433.7" z="341.243"/>
                        <normal x="-0.130503" y="-0.808177" z="0.574298"/>
                        <texcoord u="15.3983" v="-56.7205"/>
                    </vertex>
                    <vertex>
                        <position x="399.026" y="2437.35" z="344.427"/>
                        <normal x="-0.233853" y="-0.533377" z="0.81291"/>
                        <texcoord u="15.2913" v="-58.4588"/>
                    </vertex>
                    <vertex>
                        <position x="397.347" y="2436.67" z="342.692"/>
                        <normal x="-0.471315" y="-0.696873" z="0.540583"/>
                        <texcoord u="13.5364" v="-46.8166"/>
                    </vertex>
                    <vertex>
                        <position x="399.026" y="2437.35" z="344.427"/>
                        <normal x="-0.233853" y="-0.533377" z="0.81291"/>
                        <texcoord u="15.2913" v="-58.4588"/>
                    </vertex>
                    <vertex>
                        <position x="403.318" y="2433.7" z="341.243"/>
                        <normal x="-0.130503" y="-0.808177" z="0.574298"/>
                        <texcoord u="15.3983" v="-56.7205"/>
                    </vertex>
                    <vertex>
                        <position x="405.76" y="2433.79" z="341.341"/>
                        <normal x="0.0186695" y="-0.747309" z="0.664215"/>
                        <texcoord u="13.9293" v="-75.4253"/>
                    </vertex>
                    <vertex>
                        <position x="405.76" y="2433.79" z="341.341"/>
                        <normal x="0.0186695" y="-0.747309" z="0.664215"/>
                        <texcoord u="13.9293" v="-75.4253"/>
                    </vertex>
                    <vertex>
                        <position x="403.318" y="2433.7" z="341.243"/>
                        <normal x="-0.130503" y="-0.808177" z="0.574298"/>
                        <texcoord u="15.3983" v="-56.7205"/>
                    </vertex>
                    <vertex>
                        <position x="401.958" y="2432.79" z="339.231"/>
                        <normal x="-0.22163" y="-0.920527" z="0.32173"/>
                        <texcoord u="13.5321" v="-46.543"/>
                    </vertex>
                    <vertex>
                        <position x="400.833" y="2438.52" z="345.235"/>
                        <normal x="-0.103272" y="-0.451947" z="0.886047"/>
                        <texcoord u="13.3107" v="-79.8292"/>
                    </vertex>
                    <vertex>
                        <position x="399.026" y="2437.35" z="344.427"/>
                        <normal x="-0.233853" y="-0.533377" z="0.81291"/>
                        <texcoord u="15.2913" v="-58.4588"/>
                    </vertex>
                    <vertex>
                        <position x="405.76" y="2433.79" z="341.341"/>
                        <normal x="0.0186695" y="-0.747309" z="0.664215"/>
                        <texcoord u="13.9293" v="-75.4253"/>
                    </vertex>
                    <vertex>
                        <position x="396.262" y="2444.9" z="345.899"/>
                        <normal x="-0.416168" y="-0.226449" z="0.880639"/>
                        <texcoord u="14.8449" v="-92.6006"/>
                    </vertex>
                    <vertex>
                        <position x="399.026" y="2437.35" z="344.427"/>
                        <normal x="-0.233853" y="-0.533377" z="0.81291"/>
                        <texcoord u="15.2913" v="-58.4588"/>
                    </vertex>
                    <vertex>
                        <position x="400.833" y="2438.52" z="345.235"/>
                        <normal x="-0.103272" y="-0.451947" z="0.886047"/>
                        <texcoord u="13.3107" v="-79.8292"/>
                    </vertex>
                    <vertex>
                        <position x="396.262" y="2444.9" z="345.899"/>
                        <normal x="-0.416168" y="-0.226449" z="0.880639"/>
                        <texcoord u="14.8449" v="-92.6006"/>
                    </vertex>
                    <vertex>
                        <position x="395.549" y="2442.79" z="344.971"/>
                        <normal x="-0.524368" y="-0.280479" z="0.803971"/>
                        <texcoord u="15.0316" v="-91.6551"/>
                    </vertex>
                    <vertex>
                        <position x="399.026" y="2437.35" z="344.427"/>
                        <normal x="-0.233853" y="-0.533377" z="0.81291"/>
                        <texcoord u="15.2913" v="-58.4588"/>
                    </vertex>
                    <vertex>
                        <position x="396.262" y="2444.9" z="345.899"/>
                        <normal x="-0.416168" y="-0.226449" z="0.880639"/>
                        <texcoord u="14.8449" v="-92.6006"/>
                    </vertex>
                    <vertex>
                        <position x="393.635" y="2442.53" z="343.225"/>
                        <normal x="-0.794787" y="-0.245356" z="0.55508"/>
                        <texcoord u="14.6162" v="-94.2795"/>
                    </vertex>
                    <vertex>
                        <position x="395.549" y="2442.79" z="344.971"/>
                        <normal x="-0.524368" y="-0.280479" z="0.803971"/>
                        <texcoord u="15.0316" v="-91.6551"/>
                    </vertex>
                    <vertex>
                        <position x="395.549" y="2442.79" z="344.971"/>
                        <normal x="-0.524368" y="-0.280479" z="0.803971"/>
                        <texcoord u="15.0316" v="-91.6551"/>
                    </vertex>
                    <vertex>
                        <position x="397.347" y="2436.67" z="342.692"/>
                        <normal x="-0.471315" y="-0.696873" z="0.540583"/>
                        <texcoord u="13.5364" v="-46.8166"/>
                    </vertex>
                    <vertex>
                        <position x="399.026" y="2437.35" z="344.427"/>
                        <normal x="-0.233853" y="-0.533377" z="0.81291"/>
                        <texcoord u="15.2913" v="-58.4588"/>
                    </vertex>
                    <vertex>
                        <position x="396.277" y="2436.54" z="340.87"/>
                        <normal x="-0.641321" y="-0.687377" z="0.340911"/>
                        <texcoord u="13.4535" v="-46.8072"/>
                    </vertex>
                    <vertex>
                        <position x="397.347" y="2436.67" z="342.692"/>
                        <normal x="-0.471315" y="-0.696873" z="0.540583"/>
                        <texcoord u="13.5364" v="-46.8166"/>
                    </vertex>
                    <vertex>
                        <position x="393.635" y="2442.53" z="343.225"/>
                        <normal x="-0.794787" y="-0.245356" z="0.55508"/>
                        <texcoord u="14.6162" v="-94.2795"/>
                    </vertex>
                    <vertex>
                        <position x="396.277" y="2436.54" z="340.87"/>
                        <normal x="-0.641321" y="-0.687377" z="0.340911"/>
                        <texcoord u="13.4535" v="-46.8072"/>
                    </vertex>
                    <vertex>
                        <position x="393.635" y="2442.53" z="343.225"/>
                        <normal x="-0.794787" y="-0.245356" z="0.55508"/>
                        <texcoord u="14.6162" v="-94.2795"/>
                    </vertex>
                    <vertex>
                        <position x="392.688" y="2443.02" z="341.691"/>
                        <normal x="-0.861863" y="-0.172326" z="0.476966"/>
                        <texcoord u="11.5424" v="-78.2431"/>
                    </vertex>
                    <vertex>
                        <position x="392.688" y="2443.02" z="341.691"/>
                        <normal x="-0.861863" y="-0.172326" z="0.476966"/>
                        <texcoord u="11.5424" v="-78.2431"/>
                    </vertex>
                    <vertex>
                        <position x="393.635" y="2442.53" z="343.225"/>
                        <normal x="-0.794787" y="-0.245356" z="0.55508"/>
                        <texcoord u="14.6162" v="-94.2795"/>
                    </vertex>
                    <vertex>
                        <position x="393.304" y="2445.59" z="341.834"/>
                        <normal x="-0.815053" y="0.164477" z="0.555549"/>
                        <texcoord u="13.228" v="-95.1547"/>
                    </vertex>
                    <vertex>
                        <position x="393.304" y="2445.59" z="341.834"/>
                        <normal x="-0.0819687" y="0.0751803" z="-0.993795"/>
                        <texcoord u="13.228" v="-95.1547"/>
                    </vertex>
                    <vertex>
                        <position x="397.774" y="2437.79" z="340.876"/>
                        <normal x="-0.195712" y="0.224677" z="-0.954577"/>
                        <texcoord u="-12.9613" v="-95.3008"/>
                    </vertex>
                    <vertex>
                        <position x="392.688" y="2443.02" z="341.691"/>
                        <normal x="-0.0756614" y="0.0813164" z="-0.993812"/>
                        <texcoord u="11.5424" v="-78.2431"/>
                    </vertex>
                    <vertex>
                        <position x="392.688" y="2443.02" z="341.691"/>
                        <normal x="-0.0756614" y="0.0813164" z="-0.993812"/>
                        <texcoord u="11.5424" v="-78.2431"/>
                    </vertex>
                    <vertex>
                        <position x="397.774" y="2437.79" z="340.876"/>
                        <normal x="-0.195712" y="0.224677" z="-0.954577"/>
                        <texcoord u="-12.9613" v="-95.3008"/>
                    </vertex>
                    <vertex>
                        <position x="396.277" y="2436.54" z="340.87"/>
                        <normal x="-0.188894" y="0.23049" z="-0.954565"/>
                        <texcoord u="13.4535" v="-46.8072"/>
                    </vertex>
                    <vertex>
                        <position x="397.774" y="2437.79" z="340.876"/>
                        <normal x="-0.195712" y="0.224677" z="-0.954577"/>
                        <texcoord u="-12.9613" v="-95.3008"/>
                    </vertex>
                    <vertex>
                        <position x="401.59" y="2432.6" z="337.419"/>
                        <normal x="-0.308618" y="0.359836" z="-0.880496"/>
                        <texcoord u="-10.8074" v="-92.0971"/>
                    </vertex>
                    <vertex>
                        <position x="396.277" y="2436.54" z="340.87"/>
                        <normal x="-0.188894" y="0.23049" z="-0.954565"/>
                        <texcoord u="13.4535" v="-46.8072"/>
                    </vertex>
                    <vertex>
                        <position x="397.774" y="2437.79" z="340.876"/>
                        <normal x="-0.195712" y="0.224677" z="-0.954577"/>
                        <texcoord u="-12.9613" v="-95.3008"/>
                    </vertex>
                    <vertex>
                        <position x="404.121" y="2432.93" z="336.643"/>
                        <normal x="-0.315626" y="0.354475" z="-0.880186"/>
                        <texcoord u="-10.7552" v="-92.4451"/>
                    </vertex>
                    <vertex>
                        <position x="401.59" y="2432.6" z="337.419"/>
                        <normal x="-0.308618" y="0.359836" z="-0.880496"/>
                        <texcoord u="-10.8074" v="-92.0971"/>
                    </vertex>
                    <vertex>
                        <position x="404.121" y="2432.93" z="336.643"/>
                        <normal x="0.149776" y="-0.98607" z="0.0723444"/>
                        <texcoord u="-10.7552" v="-92.4451"/>
                    </vertex>
                    <vertex>
                        <position x="401.958" y="2432.79" z="339.231"/>
                        <normal x="-0.22163" y="-0.920527" z="0.32173"/>
                        <texcoord u="13.5321" v="-46.543"/>
                    </vertex>
                    <vertex>
                        <position x="401.59" y="2432.6" z="337.419"/>
                        <normal x="-0.187087" y="-0.972399" z="0.139423"/>
                        <texcoord u="-10.8074" v="-92.0971"/>
                    </vertex>
                    <vertex>
                        <position x="401.958" y="2432.79" z="339.231"/>
                        <normal x="-0.22163" y="-0.920527" z="0.32173"/>
                        <texcoord u="13.5321" v="-46.543"/>
                    </vertex>
                    <vertex>
                        <position x="396.277" y="2436.54" z="340.87"/>
                        <normal x="-0.641321" y="-0.687377" z="0.340911"/>
                        <texcoord u="13.4535" v="-46.8072"/>
                    </vertex>
                    <vertex>
                        <position x="401.59" y="2432.6" z="337.419"/>
                        <normal x="-0.187087" y="-0.972399" z="0.139423"/>
                        <texcoord u="-10.8074" v="-92.0971"/>
                    </vertex>
                </vertexbuffer>
            </geometry>
        </submesh>
    </submeshes>
    <submeshnames>
        <submeshname name="submesh0" index="0"/>
    </submeshnames>
</mesh>
