<mesh>
    <submeshes>
        <submesh material="03___Def" usesharedvertices="false" use32bitindexes="false" operationtype="triangle_list">
            <faces count="1">
                <face v1="0" v2="1" v3="2"/>
            </faces>
            <geometry vertexcount="3">
                <vertexbuffer positions="true" normals="true" texture_coord_dimensions_0="2" texture_coords="1">
                    <vertex>
                        <position x="395.549" y="2442.79" z="344.971"/>
                        <normal x="-0.576767" y="-0.428772" z="0.695338"/>
                        <texcoord u="0.851771" v="0.984973"/>
                    </vertex>
                    <vertex>
                        <position x="393.635" y="2442.53" z="343.225"/>
                        <normal x="-0.576767" y="-0.428772" z="0.695338"/>
                        <texcoord u="0.85087" v="0.985507"/>
                    </vertex>
                    <vertex>
                        <position x="397.347" y="2436.67" z="342.692"/>
                        <normal x="-0.576767" y="-0.428772" z="0.695338"/>
                        <texcoord u="0.85318" v="0.987561"/>
                    </vertex>
                </vertexbuffer>
            </geometry>
        </submesh>
    </submeshes>
    <submeshnames>
        <submeshname name="submesh0" index="0"/>
    </submeshnames>
</mesh>
