<mesh>
    <submeshes>
        <submesh material="03___Def" usesharedvertices="false" use32bitindexes="false" operationtype="triangle_list">
            <faces count="1">
                <face v1="0" v2="1" v3="2"/>
            </faces>
            <geometry vertexcount="3">
                <vertexbuffer positions="true" normals="true" texture_coord_dimensions_0="2" texture_coords="1">
                    <vertex>
                        <position x="-525.232" y="1922.58" z="231.013"/>
                        <normal x="-0.0438842" y="-0.828573" z="0.558158"/>
                        <texcoord u="0.809294" v="0.947889"/>
                    </vertex>
                    <vertex>
                        <position x="-527.154" y="1925.63" z="235.393"/>
                        <normal x="-0.0438842" y="-0.828573" z="0.558158"/>
                        <texcoord u="0.808021" v="0.945669"/>
                    </vertex>
                    <vertex>
                        <position x="-529.495" y="1924.9" z="234.128"/>
                        <normal x="-0.0438842" y="-0.828573" z="0.558158"/>
                        <texcoord u="0.809116" v="0.94543"/>
                    </vertex>
                </vertexbuffer>
            </geometry>
        </submesh>
    </submeshes>
    <submeshnames>
        <submeshname name="submesh0" index="0"/>
    </submeshnames>
</mesh>
