<mesh>
    <submeshes>
        <submesh material="FrontCol" usesharedvertices="false" use32bitindexes="false" operationtype="triangle_list">
            <faces count="10">
                <face v1="0" v2="1" v3="2"/>
                <face v1="3" v2="4" v3="5"/>
                <face v1="6" v2="7" v3="8"/>
                <face v1="9" v2="10" v3="11"/>
                <face v1="12" v2="13" v3="14"/>
                <face v1="15" v2="16" v3="17"/>
                <face v1="18" v2="19" v3="20"/>
                <face v1="21" v2="22" v3="23"/>
                <face v1="24" v2="25" v3="26"/>
                <face v1="27" v2="28" v3="29"/>
            </faces>
            <geometry vertexcount="30">
                <vertexbuffer positions="true" normals="true" texture_coord_dimensions_0="2" texture_coords="1">
                    <vertex>
                        <position x="-523.371" y="1923.61" z="231.571"/>
                        <normal x="0.410832" y="-0.806937" z="0.424346"/>
                        <texcoord u="-22.1785" v="-45.1215"/>
                    </vertex>
                    <vertex>
                        <position x="-527.154" y="1925.63" z="235.393"/>
                        <normal x="0.133721" y="-0.604147" z="0.785573"/>
                        <texcoord u="-22.3702" v="-45.2416"/>
                    </vertex>
                    <vertex>
                        <position x="-525.232" y="1922.58" z="231.013"/>
                        <normal x="0.347126" y="-0.845469" z="0.405816"/>
                        <texcoord u="-22.2396" v="-45.0603"/>
                    </vertex>
                    <vertex>
                        <position x="-525.953" y="1926.93" z="236.062"/>
                        <normal x="0.0802483" y="-0.513561" z="0.854292"/>
                        <texcoord u="-21.6513" v="-51.2323"/>
                    </vertex>
                    <vertex>
                        <position x="-527.154" y="1925.63" z="235.393"/>
                        <normal x="0.133721" y="-0.604147" z="0.785573"/>
                        <texcoord u="-22.3702" v="-45.2416"/>
                    </vertex>
                    <vertex>
                        <position x="-523.371" y="1923.61" z="231.571"/>
                        <normal x="0.410832" y="-0.806937" z="0.424346"/>
                        <texcoord u="-22.1785" v="-45.1215"/>
                    </vertex>
                    <vertex>
                        <position x="-528.059" y="1928.83" z="236.286"/>
                        <normal x="-0.182197" y="-0.311362" z="0.932662"/>
                        <texcoord u="-21.9339" v="-73.3619"/>
                    </vertex>
                    <vertex>
                        <position x="-527.154" y="1925.63" z="235.393"/>
                        <normal x="0.133721" y="-0.604147" z="0.785573"/>
                        <texcoord u="-22.3702" v="-45.2416"/>
                    </vertex>
                    <vertex>
                        <position x="-525.953" y="1926.93" z="236.062"/>
                        <normal x="0.0802483" y="-0.513561" z="0.854292"/>
                        <texcoord u="-21.6513" v="-51.2323"/>
                    </vertex>
                    <vertex>
                        <position x="-524.954" y="1924.79" z="230.555"/>
                        <normal x="0.578104" y="0.815153" z="0.0363506"/>
                        <texcoord u="3.34088" v="-66.729"/>
                    </vertex>
                    <vertex>
                        <position x="-528.059" y="1928.83" z="236.286"/>
                        <normal x="0.650703" y="0.740023" z="-0.170154"/>
                        <texcoord u="-21.9339" v="-73.3619"/>
                    </vertex>
                    <vertex>
                        <position x="-525.953" y="1926.93" z="236.062"/>
                        <normal x="0.652929" y="0.738306" z="-0.169081"/>
                        <texcoord u="-21.6513" v="-51.2323"/>
                    </vertex>
                    <vertex>
                        <position x="-523.371" y="1923.61" z="231.571"/>
                        <normal x="0.580257" y="0.813555" z="0.0378189"/>
                        <texcoord u="-22.1785" v="-45.1215"/>
                    </vertex>
                    <vertex>
                        <position x="-524.954" y="1924.79" z="230.555"/>
                        <normal x="0.578104" y="0.815153" z="0.0363506"/>
                        <texcoord u="3.34088" v="-66.729"/>
                    </vertex>
                    <vertex>
                        <position x="-525.953" y="1926.93" z="236.062"/>
                        <normal x="0.652929" y="0.738306" z="-0.169081"/>
                        <texcoord u="-21.6513" v="-51.2323"/>
                    </vertex>
                    <vertex>
                        <position x="-521.186" y="1924" z="225.925"/>
                        <normal x="0.472232" y="0.848221" z="0.23983"/>
                        <texcoord u="-12.3295" v="-55.4705"/>
                    </vertex>
                    <vertex>
                        <position x="-524.954" y="1924.79" z="230.555"/>
                        <normal x="0.578104" y="0.815153" z="0.0363506"/>
                        <texcoord u="3.34088" v="-66.729"/>
                    </vertex>
                    <vertex>
                        <position x="-523.371" y="1923.61" z="231.571"/>
                        <normal x="0.580257" y="0.813555" z="0.0378189"/>
                        <texcoord u="-22.1785" v="-45.1215"/>
                    </vertex>
                    <vertex>
                        <position x="-521.186" y="1924" z="225.925"/>
                        <normal x="0.472232" y="0.848221" z="0.23983"/>
                        <texcoord u="-12.3295" v="-55.4705"/>
                    </vertex>
                    <vertex>
                        <position x="-522.073" y="1925.15" z="223.561"/>
                        <normal x="0.470368" y="0.849756" z="0.238051"/>
                        <texcoord u="-12.2096" v="-55.276"/>
                    </vertex>
                    <vertex>
                        <position x="-524.954" y="1924.79" z="230.555"/>
                        <normal x="0.578104" y="0.815153" z="0.0363506"/>
                        <texcoord u="3.34088" v="-66.729"/>
                    </vertex>
                    <vertex>
                        <position x="-521.186" y="1924" z="225.925"/>
                        <normal x="0.557199" y="-0.808132" z="-0.190923"/>
                        <texcoord u="-12.3295" v="-55.4705"/>
                    </vertex>
                    <vertex>
                        <position x="-522.735" y="1922.91" z="225.997"/>
                        <normal x="0.525401" y="-0.848007" z="-0.0695549"/>
                        <texcoord u="15.2764" v="-40.3875"/>
                    </vertex>
                    <vertex>
                        <position x="-522.073" y="1925.15" z="223.561"/>
                        <normal x="0.472447" y="-0.709117" z="-0.523399"/>
                        <texcoord u="-12.2096" v="-55.276"/>
                    </vertex>
                    <vertex>
                        <position x="-521.186" y="1924" z="225.925"/>
                        <normal x="0.557199" y="-0.808132" z="-0.190923"/>
                        <texcoord u="-12.3295" v="-55.4705"/>
                    </vertex>
                    <vertex>
                        <position x="-523.371" y="1923.61" z="231.571"/>
                        <normal x="0.410832" y="-0.806937" z="0.424346"/>
                        <texcoord u="-22.1785" v="-45.1215"/>
                    </vertex>
                    <vertex>
                        <position x="-522.735" y="1922.91" z="225.997"/>
                        <normal x="0.525401" y="-0.848007" z="-0.0695549"/>
                        <texcoord u="15.2764" v="-40.3875"/>
                    </vertex>
                    <vertex>
                        <position x="-522.735" y="1922.91" z="225.997"/>
                        <normal x="0.525401" y="-0.848007" z="-0.0695549"/>
                        <texcoord u="15.2764" v="-40.3875"/>
                    </vertex>
                    <vertex>
                        <position x="-523.371" y="1923.61" z="231.571"/>
                        <normal x="0.410832" y="-0.806937" z="0.424346"/>
                        <texcoord u="-22.1785" v="-45.1215"/>
                    </vertex>
                    <vertex>
                        <position x="-525.232" y="1922.58" z="231.013"/>
                        <normal x="0.347126" y="-0.845469" z="0.405816"/>
                        <texcoord u="-22.2396" v="-45.0603"/>
                    </vertex>
                </vertexbuffer>
            </geometry>
        </submesh>
    </submeshes>
    <submeshnames>
        <submeshname name="submesh0" index="0"/>
    </submeshnames>
</mesh>
