<mesh>
    <submeshes>
        <submesh material="03___Def" usesharedvertices="false" use32bitindexes="false" operationtype="triangle_list">
            <faces count="8">
                <face v1="0" v2="1" v3="2"/>
                <face v1="3" v2="4" v3="5"/>
                <face v1="6" v2="7" v3="8"/>
                <face v1="9" v2="10" v3="11"/>
                <face v1="12" v2="13" v3="14"/>
                <face v1="15" v2="16" v3="17"/>
                <face v1="18" v2="19" v3="20"/>
                <face v1="21" v2="22" v3="23"/>
            </faces>
            <geometry vertexcount="24">
                <vertexbuffer positions="true" normals="true" texture_coord_dimensions_0="2" texture_coords="1">
                    <vertex>
                        <position x="456.993" y="2435.77" z="305.732"/>
                        <normal x="0.142023" y="-0.433608" z="0.889839"/>
                        <texcoord u="0.905656" v="0.987936"/>
                    </vertex>
                    <vertex>
                        <position x="451.482" y="2426.73" z="299.62"/>
                        <normal x="0.251529" y="-0.642497" z="0.723831"/>
                        <texcoord u="0.905464" v="0.993249"/>
                    </vertex>
                    <vertex>
                        <position x="460.699" y="2431.84" z="300.555"/>
                        <normal x="0.35835" y="-0.576608" z="0.73424"/>
                        <texcoord u="0.908411" v="0.989642"/>
                    </vertex>
                    <vertex>
                        <position x="456.993" y="2435.77" z="305.732"/>
                        <normal x="0.142023" y="-0.433608" z="0.889839"/>
                        <texcoord u="0.905656" v="0.987936"/>
                    </vertex>
                    <vertex>
                        <position x="448.256" y="2429.63" z="303.012"/>
                        <normal x="0.0709081" y="-0.486806" z="0.870627"/>
                        <texcoord u="0.903314" v="0.992062"/>
                    </vertex>
                    <vertex>
                        <position x="451.482" y="2426.73" z="299.62"/>
                        <normal x="0.251529" y="-0.642497" z="0.723831"/>
                        <texcoord u="0.905464" v="0.993249"/>
                    </vertex>
                    <vertex>
                        <position x="456.993" y="2435.77" z="305.732"/>
                        <normal x="0.142023" y="-0.433608" z="0.889839"/>
                        <texcoord u="0.905656" v="0.987936"/>
                    </vertex>
                    <vertex>
                        <position x="444.886" y="2433.86" z="304.14"/>
                        <normal x="-0.0833679" y="-0.270204" z="0.959187"/>
                        <texcoord u="0.901122" v="0.99094"/>
                    </vertex>
                    <vertex>
                        <position x="448.256" y="2429.63" z="303.012"/>
                        <normal x="0.0709081" y="-0.486806" z="0.870627"/>
                        <texcoord u="0.903314" v="0.992062"/>
                    </vertex>
                    <vertex>
                        <position x="451.953" y="2441.29" z="306.547"/>
                        <normal x="0.00201778" y="-0.180772" z="0.983523"/>
                        <texcoord u="0.902714" v="0.986598"/>
                    </vertex>
                    <vertex>
                        <position x="444.886" y="2433.86" z="304.14"/>
                        <normal x="-0.0833679" y="-0.270204" z="0.959187"/>
                        <texcoord u="0.901122" v="0.99094"/>
                    </vertex>
                    <vertex>
                        <position x="456.993" y="2435.77" z="305.732"/>
                        <normal x="0.142023" y="-0.433608" z="0.889839"/>
                        <texcoord u="0.905656" v="0.987936"/>
                    </vertex>
                    <vertex>
                        <position x="465.656" y="2443.29" z="306.187"/>
                        <normal x="0.229332" y="-0.361648" z="0.903669"/>
                        <texcoord u="0.908045" v="0.983508"/>
                    </vertex>
                    <vertex>
                        <position x="451.953" y="2441.29" z="306.547"/>
                        <normal x="0.00201778" y="-0.180772" z="0.983523"/>
                        <texcoord u="0.902714" v="0.986598"/>
                    </vertex>
                    <vertex>
                        <position x="456.993" y="2435.77" z="305.732"/>
                        <normal x="0.142023" y="-0.433608" z="0.889839"/>
                        <texcoord u="0.905656" v="0.987936"/>
                    </vertex>
                    <vertex>
                        <position x="459.413" y="2447.13" z="307.348"/>
                        <normal x="0.0556287" y="-0.204879" z="0.977205"/>
                        <texcoord u="0.904779" v="0.982948"/>
                    </vertex>
                    <vertex>
                        <position x="451.953" y="2441.29" z="306.547"/>
                        <normal x="0.00201778" y="-0.180772" z="0.983523"/>
                        <texcoord u="0.902714" v="0.986598"/>
                    </vertex>
                    <vertex>
                        <position x="465.656" y="2443.29" z="306.187"/>
                        <normal x="0.229332" y="-0.361648" z="0.903669"/>
                        <texcoord u="0.908045" v="0.983508"/>
                    </vertex>
                    <vertex>
                        <position x="465.656" y="2443.29" z="306.187"/>
                        <normal x="0.229332" y="-0.361648" z="0.903669"/>
                        <texcoord u="0.908045" v="0.983508"/>
                    </vertex>
                    <vertex>
                        <position x="456.993" y="2435.77" z="305.732"/>
                        <normal x="0.142023" y="-0.433608" z="0.889839"/>
                        <texcoord u="0.905656" v="0.987936"/>
                    </vertex>
                    <vertex>
                        <position x="460.699" y="2431.84" z="300.555"/>
                        <normal x="0.35835" y="-0.576608" z="0.73424"/>
                        <texcoord u="0.908411" v="0.989642"/>
                    </vertex>
                    <vertex>
                        <position x="465.656" y="2443.29" z="306.187"/>
                        <normal x="0.229332" y="-0.361648" z="0.903669"/>
                        <texcoord u="0.908045" v="0.983508"/>
                    </vertex>
                    <vertex>
                        <position x="460.699" y="2431.84" z="300.555"/>
                        <normal x="0.35835" y="-0.576608" z="0.73424"/>
                        <texcoord u="0.908411" v="0.989642"/>
                    </vertex>
                    <vertex>
                        <position x="467.853" y="2438.01" z="301.565"/>
                        <normal x="0.349042" y="-0.530944" z="0.772184"/>
                        <texcoord u="0.910315" v="0.985879"/>
                    </vertex>
                </vertexbuffer>
            </geometry>
        </submesh>
    </submeshes>
    <submeshnames>
        <submeshname name="submesh0" index="0"/>
    </submeshnames>
</mesh>
