<mesh>
    <submeshes>
        <submesh material="03___Def" usesharedvertices="false" use32bitindexes="false" operationtype="triangle_list">
            <faces count="3">
                <face v1="0" v2="1" v3="2"/>
                <face v1="3" v2="4" v3="5"/>
                <face v1="6" v2="7" v3="8"/>
            </faces>
            <geometry vertexcount="9">
                <vertexbuffer positions="true" normals="true" texture_coord_dimensions_0="2" texture_coords="1">
                    <vertex>
                        <position x="-586.987" y="1927.34" z="248.38"/>
                        <normal x="-0.119635" y="-0.693547" z="0.710409"/>
                        <texcoord u="0.792478" v="0.893143"/>
                    </vertex>
                    <vertex>
                        <position x="-588.688" y="1924.95" z="245.766"/>
                        <normal x="-0.320314" y="-0.610604" z="0.724266"/>
                        <texcoord u="0.792994" v="0.894939"/>
                    </vertex>
                    <vertex>
                        <position x="-586.665" y="1925.74" z="246.871"/>
                        <normal x="-0.202025" y="-0.5858" z="0.784872"/>
                        <texcoord u="0.791754" v="0.894566"/>
                    </vertex>
                    <vertex>
                        <position x="-586.665" y="1925.74" z="246.871"/>
                        <normal x="-0.202025" y="-0.5858" z="0.784872"/>
                        <texcoord u="0.791754" v="0.894566"/>
                    </vertex>
                    <vertex>
                        <position x="-588.688" y="1924.95" z="245.766"/>
                        <normal x="-0.320314" y="-0.610604" z="0.724266"/>
                        <texcoord u="0.792994" v="0.894939"/>
                    </vertex>
                    <vertex>
                        <position x="-587.02" y="1923.1" z="245.3"/>
                        <normal x="-0.416999" y="-0.557109" z="0.718151"/>
                        <texcoord u="0.792381" v="0.895831"/>
                    </vertex>
                    <vertex>
                        <position x="-587.02" y="1923.1" z="245.3"/>
                        <normal x="-0.416999" y="-0.557109" z="0.718151"/>
                        <texcoord u="0.792381" v="0.895831"/>
                    </vertex>
                    <vertex>
                        <position x="-588.688" y="1924.95" z="245.766"/>
                        <normal x="-0.320314" y="-0.610604" z="0.724266"/>
                        <texcoord u="0.792994" v="0.894939"/>
                    </vertex>
                    <vertex>
                        <position x="-590.507" y="1925.3" z="244.42"/>
                        <normal x="-0.536685" y="-0.626498" z="0.565217"/>
                        <texcoord u="0.79403" v="0.895333"/>
                    </vertex>
                </vertexbuffer>
            </geometry>
        </submesh>
    </submeshes>
    <submeshnames>
        <submeshname name="submesh0" index="0"/>
    </submeshnames>
</mesh>
