<mesh>
    <submeshes>
        <submesh material="FrontCol" usesharedvertices="false" use32bitindexes="false" operationtype="triangle_list">
            <faces count="17">
                <face v1="0" v2="1" v3="2"/>
                <face v1="3" v2="4" v3="5"/>
                <face v1="6" v2="7" v3="8"/>
                <face v1="9" v2="10" v3="11"/>
                <face v1="12" v2="13" v3="14"/>
                <face v1="15" v2="16" v3="17"/>
                <face v1="18" v2="19" v3="20"/>
                <face v1="21" v2="22" v3="23"/>
                <face v1="24" v2="25" v3="26"/>
                <face v1="27" v2="28" v3="29"/>
                <face v1="30" v2="31" v3="32"/>
                <face v1="33" v2="34" v3="35"/>
                <face v1="36" v2="37" v3="38"/>
                <face v1="39" v2="40" v3="41"/>
                <face v1="42" v2="43" v3="44"/>
                <face v1="45" v2="46" v3="47"/>
                <face v1="48" v2="49" v3="50"/>
            </faces>
            <geometry vertexcount="51">
                <vertexbuffer positions="true" normals="true" texture_coord_dimensions_0="2" texture_coords="1">
                    <vertex>
                        <position x="351.735" y="2469.99" z="380.952"/>
                        <normal x="0.0880369" y="-0.396802" z="0.913673"/>
                        <texcoord u="10.7814" v="-92.8183"/>
                    </vertex>
                    <vertex>
                        <position x="341.06" y="2458.59" z="377.497"/>
                        <normal x="-0.327795" y="-0.40001" z="0.855887"/>
                        <texcoord u="10.3782" v="-92.3345"/>
                    </vertex>
                    <vertex>
                        <position x="352.914" y="2469.52" z="380.633"/>
                        <normal x="-0.29161" y="0.0567641" z="0.954852"/>
                        <texcoord u="10.8289" v="-92.7983"/>
                    </vertex>
                    <vertex>
                        <position x="352.914" y="2469.52" z="380.633"/>
                        <normal x="-0.29161" y="0.0567641" z="0.954852"/>
                        <texcoord u="10.8289" v="-92.7983"/>
                    </vertex>
                    <vertex>
                        <position x="341.06" y="2458.59" z="377.497"/>
                        <normal x="-0.327795" y="-0.40001" z="0.855887"/>
                        <texcoord u="10.3782" v="-92.3345"/>
                    </vertex>
                    <vertex>
                        <position x="341.351" y="2457.12" z="376.961"/>
                        <normal x="-0.647888" y="-0.0783493" z="0.757696"/>
                        <texcoord u="10.8344" v="-93.2294"/>
                    </vertex>
                    <vertex>
                        <position x="339.936" y="2459.99" z="373.946"/>
                        <normal x="-0.945639" y="-0.258886" z="0.196838"/>
                        <texcoord u="10.2742" v="-90.1155"/>
                    </vertex>
                    <vertex>
                        <position x="341.351" y="2457.12" z="376.961"/>
                        <normal x="-0.647888" y="-0.0783493" z="0.757696"/>
                        <texcoord u="10.8344" v="-93.2294"/>
                    </vertex>
                    <vertex>
                        <position x="341.06" y="2458.59" z="377.497"/>
                        <normal x="-0.327795" y="-0.40001" z="0.855887"/>
                        <texcoord u="10.3782" v="-92.3345"/>
                    </vertex>
                    <vertex>
                        <position x="352.914" y="2469.52" z="380.633"/>
                        <normal x="-0.29161" y="0.0567641" z="0.954852"/>
                        <texcoord u="10.8289" v="-92.7983"/>
                    </vertex>
                    <vertex>
                        <position x="341.351" y="2457.12" z="376.961"/>
                        <normal x="-0.647888" y="-0.0783493" z="0.757696"/>
                        <texcoord u="10.8344" v="-93.2294"/>
                    </vertex>
                    <vertex>
                        <position x="353.88" y="2468.05" z="382.498"/>
                        <normal x="-0.587296" y="0.459493" z="0.666295"/>
                        <texcoord u="14.3878" v="-88.7544"/>
                    </vertex>
                    <vertex>
                        <position x="364.83" y="2476.67" z="384.559"/>
                        <normal x="-0.318257" y="0.488619" z="0.812382"/>
                        <texcoord u="14.9414" v="-83.2287"/>
                    </vertex>
                    <vertex>
                        <position x="352.914" y="2469.52" z="380.633"/>
                        <normal x="-0.29161" y="0.0567641" z="0.954852"/>
                        <texcoord u="10.8289" v="-92.7983"/>
                    </vertex>
                    <vertex>
                        <position x="353.88" y="2468.05" z="382.498"/>
                        <normal x="-0.587296" y="0.459493" z="0.666295"/>
                        <texcoord u="14.3878" v="-88.7544"/>
                    </vertex>
                    <vertex>
                        <position x="365.418" y="2478.45" z="383.733"/>
                        <normal x="-0.137661" y="0.125155" z="0.98254"/>
                        <texcoord u="14.9518" v="-84.1808"/>
                    </vertex>
                    <vertex>
                        <position x="352.914" y="2469.52" z="380.633"/>
                        <normal x="-0.29161" y="0.0567641" z="0.954852"/>
                        <texcoord u="10.8289" v="-92.7983"/>
                    </vertex>
                    <vertex>
                        <position x="364.83" y="2476.67" z="384.559"/>
                        <normal x="-0.318257" y="0.488619" z="0.812382"/>
                        <texcoord u="14.9414" v="-83.2287"/>
                    </vertex>
                    <vertex>
                        <position x="365.418" y="2478.45" z="383.733"/>
                        <normal x="-0.137661" y="0.125155" z="0.98254"/>
                        <texcoord u="14.9518" v="-84.1808"/>
                    </vertex>
                    <vertex>
                        <position x="351.735" y="2469.99" z="380.952"/>
                        <normal x="0.0880369" y="-0.396802" z="0.913673"/>
                        <texcoord u="10.7814" v="-92.8183"/>
                    </vertex>
                    <vertex>
                        <position x="352.914" y="2469.52" z="380.633"/>
                        <normal x="-0.29161" y="0.0567641" z="0.954852"/>
                        <texcoord u="10.8289" v="-92.7983"/>
                    </vertex>
                    <vertex>
                        <position x="365.418" y="2478.45" z="383.733"/>
                        <normal x="-0.137661" y="0.125155" z="0.98254"/>
                        <texcoord u="14.9518" v="-84.1808"/>
                    </vertex>
                    <vertex>
                        <position x="364.83" y="2476.67" z="384.559"/>
                        <normal x="-0.318257" y="0.488619" z="0.812382"/>
                        <texcoord u="14.9414" v="-83.2287"/>
                    </vertex>
                    <vertex>
                        <position x="373.275" y="2471.12" z="385.341"/>
                        <normal x="0.216678" y="-0.0902639" z="0.972061"/>
                        <texcoord u="10.9544" v="-85.4213"/>
                    </vertex>
                    <vertex>
                        <position x="365.418" y="2478.45" z="383.733"/>
                        <normal x="-0.137661" y="0.125155" z="0.98254"/>
                        <texcoord u="14.9518" v="-84.1808"/>
                    </vertex>
                    <vertex>
                        <position x="373.275" y="2471.12" z="385.341"/>
                        <normal x="0.216678" y="-0.0902639" z="0.972061"/>
                        <texcoord u="10.9544" v="-85.4213"/>
                    </vertex>
                    <vertex>
                        <position x="374.799" y="2472.26" z="385.65"/>
                        <normal x="0.00126859" y="-0.263439" z="0.964675"/>
                        <texcoord u="14.1268" v="-96.3257"/>
                    </vertex>
                    <vertex>
                        <position x="374.799" y="2472.26" z="385.65"/>
                        <normal x="0.00126859" y="-0.263439" z="0.964675"/>
                        <texcoord u="14.1268" v="-96.3257"/>
                    </vertex>
                    <vertex>
                        <position x="373.275" y="2471.12" z="385.341"/>
                        <normal x="0.216678" y="-0.0902639" z="0.972061"/>
                        <texcoord u="10.9544" v="-85.4213"/>
                    </vertex>
                    <vertex>
                        <position x="377.835" y="2463.23" z="379.577"/>
                        <normal x="0.191489" y="-0.354733" z="0.915148"/>
                        <texcoord u="10.4848" v="-88.5857"/>
                    </vertex>
                    <vertex>
                        <position x="373.275" y="2471.12" z="385.341"/>
                        <normal x="0.216678" y="-0.0902639" z="0.972061"/>
                        <texcoord u="10.9544" v="-85.4213"/>
                    </vertex>
                    <vertex>
                        <position x="376.229" y="2462.69" z="380.743"/>
                        <normal x="0.607343" y="-0.533659" z="0.588509"/>
                        <texcoord u="4.55506" v="-96.9197"/>
                    </vertex>
                    <vertex>
                        <position x="377.835" y="2463.23" z="379.577"/>
                        <normal x="0.191489" y="-0.354733" z="0.915148"/>
                        <texcoord u="10.4848" v="-88.5857"/>
                    </vertex>
                    <vertex>
                        <position x="377.835" y="2463.23" z="379.577"/>
                        <normal x="0.191489" y="-0.354733" z="0.915148"/>
                        <texcoord u="10.4848" v="-88.5857"/>
                    </vertex>
                    <vertex>
                        <position x="376.229" y="2462.69" z="380.743"/>
                        <normal x="0.607343" y="-0.533659" z="0.588509"/>
                        <texcoord u="4.55506" v="-96.9197"/>
                    </vertex>
                    <vertex>
                        <position x="365.558" y="2454.02" z="376.4"/>
                        <normal x="0.0637187" y="-0.361406" z="0.930229"/>
                        <texcoord u="-0.165084" v="-69.5408"/>
                    </vertex>
                    <vertex>
                        <position x="377.835" y="2463.23" z="379.577"/>
                        <normal x="0.191489" y="-0.354733" z="0.915148"/>
                        <texcoord u="10.4848" v="-88.5857"/>
                    </vertex>
                    <vertex>
                        <position x="365.558" y="2454.02" z="376.4"/>
                        <normal x="0.0637187" y="-0.361406" z="0.930229"/>
                        <texcoord u="-0.165084" v="-69.5408"/>
                    </vertex>
                    <vertex>
                        <position x="365.801" y="2452.75" z="376.243"/>
                        <normal x="-0.210111" y="-0.0442839" z="0.976674"/>
                        <texcoord u="13.3658" v="-95.4445"/>
                    </vertex>
                    <vertex>
                        <position x="365.558" y="2454.02" z="376.4"/>
                        <normal x="0.0637187" y="-0.361406" z="0.930229"/>
                        <texcoord u="-0.165084" v="-69.5408"/>
                    </vertex>
                    <vertex>
                        <position x="351.551" y="2445.73" z="373.984"/>
                        <normal x="-0.233889" y="-0.516411" z="0.823781"/>
                        <texcoord u="12.4271" v="-95.338"/>
                    </vertex>
                    <vertex>
                        <position x="365.801" y="2452.75" z="376.243"/>
                        <normal x="-0.210111" y="-0.0442839" z="0.976674"/>
                        <texcoord u="13.3658" v="-95.4445"/>
                    </vertex>
                    <vertex>
                        <position x="365.558" y="2454.02" z="376.4"/>
                        <normal x="0.0637187" y="-0.361406" z="0.930229"/>
                        <texcoord u="-0.165084" v="-69.5408"/>
                    </vertex>
                    <vertex>
                        <position x="350.093" y="2446.4" z="374.035"/>
                        <normal x="-0.304433" y="-0.707898" z="0.637339"/>
                        <texcoord u="12.1285" v="-94.9482"/>
                    </vertex>
                    <vertex>
                        <position x="351.551" y="2445.73" z="373.984"/>
                        <normal x="-0.233889" y="-0.516411" z="0.823781"/>
                        <texcoord u="12.4271" v="-95.338"/>
                    </vertex>
                    <vertex>
                        <position x="351.652" y="2445.63" z="370.024"/>
                        <normal x="-0.41878" y="-0.908013" z="0.0116177"/>
                        <texcoord u="8.31162" v="-28.8764"/>
                    </vertex>
                    <vertex>
                        <position x="351.551" y="2445.73" z="373.984"/>
                        <normal x="-0.233889" y="-0.516411" z="0.823781"/>
                        <texcoord u="12.4271" v="-95.338"/>
                    </vertex>
                    <vertex>
                        <position x="350.093" y="2446.4" z="374.035"/>
                        <normal x="-0.304433" y="-0.707898" z="0.637339"/>
                        <texcoord u="12.1285" v="-94.9482"/>
                    </vertex>
                    <vertex>
                        <position x="377.835" y="2463.23" z="379.577"/>
                        <normal x="0.191489" y="-0.354733" z="0.915148"/>
                        <texcoord u="10.4848" v="-88.5857"/>
                    </vertex>
                    <vertex>
                        <position x="365.801" y="2452.75" z="376.243"/>
                        <normal x="-0.210111" y="-0.0442839" z="0.976674"/>
                        <texcoord u="13.3658" v="-95.4445"/>
                    </vertex>
                    <vertex>
                        <position x="382.009" y="2462.97" z="381.406"/>
                        <normal x="-0.388074" y="0.156628" z="0.908222"/>
                        <texcoord u="15.2226" v="-94.3522"/>
                    </vertex>
                </vertexbuffer>
            </geometry>
        </submesh>
    </submeshes>
    <submeshnames>
        <submeshname name="submesh0" index="0"/>
    </submeshnames>
</mesh>
