<mesh>
    <submeshes>
        <submesh material="01___Def" usesharedvertices="false" use32bitindexes="false" operationtype="triangle_list">
            <faces count="3">
                <face v1="0" v2="1" v3="2"/>
                <face v1="3" v2="4" v3="5"/>
                <face v1="6" v2="7" v3="8"/>
            </faces>
            <geometry vertexcount="9">
                <vertexbuffer positions="true" normals="true" texture_coord_dimensions_0="2" texture_coords="1">
                    <vertex>
                        <position x="-98.1337" y="3954.34" z="114.59"/>
                        <normal x="-0.988363" y="-0.152114" z="-0.000528469"/>
                        <texcoord u="0.110143" v="-1.71588"/>
                    </vertex>
                    <vertex>
                        <position x="-108.88" y="4023.95" z="175.276"/>
                        <normal x="-0.992993" y="-0.115892" z="-0.0230942"/>
                        <texcoord u="0.215065" v="-1.78561"/>
                    </vertex>
                    <vertex>
                        <position x="-106.189" y="4026.45" z="134.201"/>
                        <normal x="-0.995313" y="-0.0674571" z="-0.0692924"/>
                        <texcoord u="0.118081" v="-1.78878"/>
                    </vertex>
                    <vertex>
                        <position x="-98.1337" y="3954.34" z="114.59"/>
                        <normal x="-0.988363" y="-0.152114" z="-0.000528469"/>
                        <texcoord u="0.110143" v="-1.71588"/>
                    </vertex>
                    <vertex>
                        <position x="-86.9482" y="3925.26" z="183.086"/>
                        <normal x="-0.974969" y="-0.211171" z="0.069586"/>
                        <texcoord u="0.22488" v="-1.71163"/>
                    </vertex>
                    <vertex>
                        <position x="-108.88" y="4023.95" z="175.276"/>
                        <normal x="-0.992993" y="-0.115892" z="-0.0230942"/>
                        <texcoord u="0.215065" v="-1.78561"/>
                    </vertex>
                    <vertex>
                        <position x="-106.189" y="4026.45" z="134.201"/>
                        <normal x="-0.995313" y="-0.0674571" z="-0.0692924"/>
                        <texcoord u="0.118081" v="-1.78878"/>
                    </vertex>
                    <vertex>
                        <position x="-108.88" y="4023.95" z="175.276"/>
                        <normal x="-0.992993" y="-0.115892" z="-0.0230942"/>
                        <texcoord u="0.215065" v="-1.78561"/>
                    </vertex>
                    <vertex>
                        <position x="-110.935" y="4104.81" z="154.089"/>
                        <normal x="-0.996759" y="-0.0431241" z="-0.0679051"/>
                        <texcoord u="0.170875" v="-1.86048"/>
                    </vertex>
                </vertexbuffer>
            </geometry>
        </submesh>
    </submeshes>
    <submeshnames>
        <submeshname name="submesh0" index="0"/>
    </submeshnames>
</mesh>
