<mesh>
    <submeshes>
        <submesh material="Material#25" usesharedvertices="false" use32bitindexes="false" operationtype="triangle_list">
            <faces count="3">
                <face v1="0" v2="1" v3="2"/>
                <face v1="3" v2="4" v3="5"/>
                <face v1="6" v2="7" v3="8"/>
            </faces>
            <geometry vertexcount="9">
                <vertexbuffer positions="true" normals="true" texture_coord_dimensions_0="2" texture_coords="1">
                    <vertex>
                        <position x="266.234" y="4023.8" z="149.611"/>
                        <normal x="0.974678" y="0.0570589" z="0.216212"/>
                        <texcoord u="0.362241" v="-1.76841"/>
                    </vertex>
                    <vertex>
                        <position x="254.037" y="4026.77" z="215.856"/>
                        <normal x="0.98289" y="0.0433481" z="0.179021"/>
                        <texcoord u="0.245931" v="-1.77248"/>
                    </vertex>
                    <vertex>
                        <position x="249.791" y="3974.94" z="218.065"/>
                        <normal x="0.971378" y="0.00579823" z="0.237467"/>
                        <texcoord u="0.255329" v="-1.70945"/>
                    </vertex>
                    <vertex>
                        <position x="266.234" y="4023.8" z="149.611"/>
                        <normal x="0.974678" y="0.0570589" z="0.216212"/>
                        <texcoord u="0.362241" v="-1.76841"/>
                    </vertex>
                    <vertex>
                        <position x="239.822" y="4132.88" z="198.362"/>
                        <normal x="0.972265" y="0.158588" z="0.171904"/>
                        <texcoord u="0.299178" v="-1.82407"/>
                    </vertex>
                    <vertex>
                        <position x="254.037" y="4026.77" z="215.856"/>
                        <normal x="0.98289" y="0.0433481" z="0.179021"/>
                        <texcoord u="0.245931" v="-1.77248"/>
                    </vertex>
                    <vertex>
                        <position x="266.234" y="4023.8" z="149.611"/>
                        <normal x="0.974678" y="0.0570589" z="0.216212"/>
                        <texcoord u="0.362241" v="-1.76841"/>
                    </vertex>
                    <vertex>
                        <position x="249.791" y="3974.94" z="218.065"/>
                        <normal x="0.971378" y="0.00579823" z="0.237467"/>
                        <texcoord u="0.255329" v="-1.70945"/>
                    </vertex>
                    <vertex>
                        <position x="270.436" y="3975.08" z="149.91"/>
                        <normal x="0.953622" y="0.0840185" z="0.289042"/>
                        <texcoord u="0.346708" v="-1.7083"/>
                    </vertex>
                </vertexbuffer>
            </geometry>
        </submesh>
    </submeshes>
    <submeshnames>
        <submeshname name="submesh0" index="0"/>
    </submeshnames>
</mesh>
