<mesh>
    <submeshes>
        <submesh material="FrontCol" usesharedvertices="false" use32bitindexes="false" operationtype="triangle_list">
            <faces count="1">
                <face v1="0" v2="1" v3="2"/>
            </faces>
            <geometry vertexcount="3">
                <vertexbuffer positions="true" normals="true" texture_coord_dimensions_0="2" texture_coords="1">
                    <vertex>
                        <position x="-577.121" y="2035.63" z="280.679"/>
                        <normal x="0.215711" y="-0.253284" z="0.943036"/>
                        <texcoord u="-25.1847" v="-76.2322"/>
                    </vertex>
                    <vertex>
                        <position x="-577.929" y="2023.86" z="277.702"/>
                        <normal x="0.215711" y="-0.253284" z="0.943036"/>
                        <texcoord u="-25.1895" v="-75.7532"/>
                    </vertex>
                    <vertex>
                        <position x="-576.437" y="2021.84" z="276.82"/>
                        <normal x="0.215711" y="-0.253284" z="0.943036"/>
                        <texcoord u="-25.1245" v="-75.6712"/>
                    </vertex>
                </vertexbuffer>
            </geometry>
        </submesh>
    </submeshes>
    <submeshnames>
        <submeshname name="submesh0" index="0"/>
    </submeshnames>
</mesh>
