<mesh>
    <submeshes>
        <submesh material="FrontCol" usesharedvertices="false" use32bitindexes="false" operationtype="triangle_list">
            <faces count="14">
                <face v1="0" v2="1" v3="2"/>
                <face v1="3" v2="4" v3="5"/>
                <face v1="6" v2="7" v3="8"/>
                <face v1="9" v2="10" v3="11"/>
                <face v1="12" v2="13" v3="14"/>
                <face v1="15" v2="16" v3="17"/>
                <face v1="18" v2="19" v3="20"/>
                <face v1="21" v2="22" v3="23"/>
                <face v1="24" v2="25" v3="26"/>
                <face v1="27" v2="28" v3="29"/>
                <face v1="30" v2="31" v3="32"/>
                <face v1="33" v2="34" v3="35"/>
                <face v1="36" v2="37" v3="38"/>
                <face v1="39" v2="40" v3="41"/>
            </faces>
            <geometry vertexcount="42">
                <vertexbuffer positions="true" normals="true" texture_coord_dimensions_0="2" texture_coords="1">
                    <vertex>
                        <position x="358.372" y="2662.08" z="310.58"/>
                        <normal x="-0.423611" y="0.88199" z="0.206512"/>
                        <texcoord u="13.275" v="-37.9459"/>
                    </vertex>
                    <vertex>
                        <position x="357.05" y="2661.82" z="310.688"/>
                        <normal x="-0.157193" y="0.94231" z="0.295536"/>
                        <texcoord u="13.229" v="-37.9192"/>
                    </vertex>
                    <vertex>
                        <position x="356.733" y="2657.78" z="321.463"/>
                        <normal x="-0.449008" y="0.701111" z="0.553927"/>
                        <texcoord u="13.3878" v="-37.4947"/>
                    </vertex>
                    <vertex>
                        <position x="363.13" y="2666.88" z="295.163"/>
                        <normal x="-0.490613" y="0.870057" z="-0.0479582"/>
                        <texcoord u="12.9614" v="-32.53"/>
                    </vertex>
                    <vertex>
                        <position x="357.05" y="2661.82" z="310.688"/>
                        <normal x="-0.157193" y="0.94231" z="0.295536"/>
                        <texcoord u="13.229" v="-37.9192"/>
                    </vertex>
                    <vertex>
                        <position x="358.372" y="2662.08" z="310.58"/>
                        <normal x="-0.423611" y="0.88199" z="0.206512"/>
                        <texcoord u="13.275" v="-37.9459"/>
                    </vertex>
                    <vertex>
                        <position x="363.13" y="2666.88" z="295.163"/>
                        <normal x="-0.490613" y="0.870057" z="-0.0479582"/>
                        <texcoord u="12.9614" v="-32.53"/>
                    </vertex>
                    <vertex>
                        <position x="358.372" y="2662.08" z="310.58"/>
                        <normal x="-0.423611" y="0.88199" z="0.206512"/>
                        <texcoord u="13.275" v="-37.9459"/>
                    </vertex>
                    <vertex>
                        <position x="363.249" y="2667.75" z="296.885"/>
                        <normal x="-0.626418" y="0.712628" z="-0.315851"/>
                        <texcoord u="3.06211" v="-99.8772"/>
                    </vertex>
                    <vertex>
                        <position x="372.572" y="2671.22" z="298.846"/>
                        <normal x="-0.205186" y="0.975262" z="-0.0822363"/>
                        <texcoord u="-8.46099" v="-59.3794"/>
                    </vertex>
                    <vertex>
                        <position x="363.13" y="2666.88" z="295.163"/>
                        <normal x="-0.490613" y="0.870057" z="-0.0479582"/>
                        <texcoord u="12.9614" v="-32.53"/>
                    </vertex>
                    <vertex>
                        <position x="363.249" y="2667.75" z="296.885"/>
                        <normal x="-0.626418" y="0.712628" z="-0.315851"/>
                        <texcoord u="3.06211" v="-99.8772"/>
                    </vertex>
                    <vertex>
                        <position x="373.049" y="2671.76" z="297.239"/>
                        <normal x="-0.305665" y="0.92719" z="0.216535"/>
                        <texcoord u="8.82278" v="-59.1571"/>
                    </vertex>
                    <vertex>
                        <position x="363.13" y="2666.88" z="295.163"/>
                        <normal x="-0.490613" y="0.870057" z="-0.0479582"/>
                        <texcoord u="12.9614" v="-32.53"/>
                    </vertex>
                    <vertex>
                        <position x="372.572" y="2671.22" z="298.846"/>
                        <normal x="-0.205186" y="0.975262" z="-0.0822363"/>
                        <texcoord u="-8.46099" v="-59.3794"/>
                    </vertex>
                    <vertex>
                        <position x="382.84" y="2671.67" z="302.561"/>
                        <normal x="0.00779131" y="0.990271" z="0.138935"/>
                        <texcoord u="13.9843" v="-32.4848"/>
                    </vertex>
                    <vertex>
                        <position x="373.049" y="2671.76" z="297.239"/>
                        <normal x="-0.305665" y="0.92719" z="0.216535"/>
                        <texcoord u="8.82278" v="-59.1571"/>
                    </vertex>
                    <vertex>
                        <position x="372.572" y="2671.22" z="298.846"/>
                        <normal x="-0.205186" y="0.975262" z="-0.0822363"/>
                        <texcoord u="-8.46099" v="-59.3794"/>
                    </vertex>
                    <vertex>
                        <position x="382.84" y="2671.67" z="302.561"/>
                        <normal x="0.00779131" y="0.990271" z="0.138935"/>
                        <texcoord u="13.9843" v="-32.4848"/>
                    </vertex>
                    <vertex>
                        <position x="372.572" y="2671.22" z="298.846"/>
                        <normal x="-0.205186" y="0.975262" z="-0.0822363"/>
                        <texcoord u="-8.46099" v="-59.3794"/>
                    </vertex>
                    <vertex>
                        <position x="381.345" y="2672.15" z="303.677"/>
                        <normal x="0.332361" y="0.942159" z="0.0432738"/>
                        <texcoord u="-13.7954" v="-34.6703"/>
                    </vertex>
                    <vertex>
                        <position x="382.84" y="2671.67" z="302.561"/>
                        <normal x="0.00779131" y="0.990271" z="0.138935"/>
                        <texcoord u="13.9843" v="-32.4848"/>
                    </vertex>
                    <vertex>
                        <position x="381.345" y="2672.15" z="303.677"/>
                        <normal x="0.332361" y="0.942159" z="0.0432738"/>
                        <texcoord u="-13.7954" v="-34.6703"/>
                    </vertex>
                    <vertex>
                        <position x="378.261" y="2666.91" z="318.062"/>
                        <normal x="-0.202742" y="0.935686" z="0.288769"/>
                        <texcoord u="2.76639" v="-57.511"/>
                    </vertex>
                    <vertex>
                        <position x="382.84" y="2671.67" z="302.561"/>
                        <normal x="0.00779131" y="0.990271" z="0.138935"/>
                        <texcoord u="13.9843" v="-32.4848"/>
                    </vertex>
                    <vertex>
                        <position x="378.261" y="2666.91" z="318.062"/>
                        <normal x="-0.202742" y="0.935686" z="0.288769"/>
                        <texcoord u="2.76639" v="-57.511"/>
                    </vertex>
                    <vertex>
                        <position x="379.178" y="2667.2" z="319.012"/>
                        <normal x="-0.461273" y="0.868814" z="0.17997"/>
                        <texcoord u="9.75993" v="-56.0233"/>
                    </vertex>
                    <vertex>
                        <position x="379.178" y="2667.2" z="319.012"/>
                        <normal x="-0.461273" y="0.868814" z="0.17997"/>
                        <texcoord u="9.75993" v="-56.0233"/>
                    </vertex>
                    <vertex>
                        <position x="378.261" y="2666.91" z="318.062"/>
                        <normal x="-0.202742" y="0.935686" z="0.288769"/>
                        <texcoord u="2.76639" v="-57.511"/>
                    </vertex>
                    <vertex>
                        <position x="374.246" y="2662.06" z="328.054"/>
                        <normal x="-0.332505" y="0.728968" z="0.598369"/>
                        <texcoord u="10.8727" v="-62.6224"/>
                    </vertex>
                    <vertex>
                        <position x="378.261" y="2666.91" z="318.062"/>
                        <normal x="-0.202742" y="0.935686" z="0.288769"/>
                        <texcoord u="2.76639" v="-57.511"/>
                    </vertex>
                    <vertex>
                        <position x="372.625" y="2661.42" z="328.106"/>
                        <normal x="-0.208886" y="0.594493" z="0.776495"/>
                        <texcoord u="13.0343" v="-51.1084"/>
                    </vertex>
                    <vertex>
                        <position x="374.246" y="2662.06" z="328.054"/>
                        <normal x="-0.332505" y="0.728968" z="0.598369"/>
                        <texcoord u="10.8727" v="-62.6224"/>
                    </vertex>
                    <vertex>
                        <position x="374.246" y="2662.06" z="328.054"/>
                        <normal x="-0.332505" y="0.728968" z="0.598369"/>
                        <texcoord u="10.8727" v="-62.6224"/>
                    </vertex>
                    <vertex>
                        <position x="372.625" y="2661.42" z="328.106"/>
                        <normal x="-0.208886" y="0.594493" z="0.776495"/>
                        <texcoord u="13.0343" v="-51.1084"/>
                    </vertex>
                    <vertex>
                        <position x="376.07" y="2658.94" z="328.369"/>
                        <normal x="-0.00626245" y="0.0967292" z="0.995291"/>
                        <texcoord u="12.7547" v="-102.585"/>
                    </vertex>
                    <vertex>
                        <position x="358.372" y="2662.08" z="310.58"/>
                        <normal x="-0.423611" y="0.88199" z="0.206512"/>
                        <texcoord u="13.275" v="-37.9459"/>
                    </vertex>
                    <vertex>
                        <position x="356.733" y="2657.78" z="321.463"/>
                        <normal x="-0.449008" y="0.701111" z="0.553927"/>
                        <texcoord u="13.3878" v="-37.4947"/>
                    </vertex>
                    <vertex>
                        <position x="358.033" y="2657.86" z="322.613"/>
                        <normal x="-0.588652" y="0.504387" z="0.63173"/>
                        <texcoord u="12.6973" v="-49.5006"/>
                    </vertex>
                    <vertex>
                        <position x="358.033" y="2657.86" z="322.613"/>
                        <normal x="-0.588652" y="0.504387" z="0.63173"/>
                        <texcoord u="12.6973" v="-49.5006"/>
                    </vertex>
                    <vertex>
                        <position x="356.733" y="2657.78" z="321.463"/>
                        <normal x="-0.449008" y="0.701111" z="0.553927"/>
                        <texcoord u="13.3878" v="-37.4947"/>
                    </vertex>
                    <vertex>
                        <position x="356.514" y="2654.16" z="321.007"/>
                        <normal x="-0.659922" y="-0.0541801" z="0.749378"/>
                        <texcoord u="12.9693" v="-103.16"/>
                    </vertex>
                </vertexbuffer>
            </geometry>
        </submesh>
    </submeshes>
    <submeshnames>
        <submeshname name="submesh0" index="0"/>
    </submeshnames>
</mesh>
