<skeleton>
    <bones>
        <bone id="0" name="Pelvis">
            <position x="-0.790583" y="48.772" z="0.000260828"/>
            <rotation angle="2.9102">
                <axis x="-0.116217" y="-0.702315" z="0.702315"/>
            </rotation>
        </bone>
        <bone id="1" name="L_Thigh">
            <position x="-1.54485" y="5.93479" z="-0.815044"/>
            <rotation angle="2.85928">
                <axis x="0.741957" y="0.664529" z="0.0888923"/>
            </rotation>
        </bone>
        <bone id="2" name="L_Leg">
            <position x="0.0485916" y="0.0370722" z="-21.7516"/>
            <rotation angle="0.102294">
                <axis x="0.607847" y="-0.7669" z="0.205881"/>
            </rotation>
        </bone>
        <bone id="3" name="L_Foot">
            <position x="0.0645523" y="-0.00883758" z="-22.0208"/>
            <rotation angle="1.08604">
                <axis x="-0.999999" y="-0.00135518" z="-0.000696464"/>
            </rotation>
        </bone>
        <bone id="4" name="L_Toe">
            <position x="6.67572e-006" y="-3.09944e-006" z="-7.76198"/>
            <rotation angle="0.480559">
                <axis x="-1" y="-3.70191e-007" z="1.24603e-007"/>
            </rotation>
        </bone>
        <bone id="5" name="R_Thigh">
            <position x="-1.54487" y="-5.93427" z="-0.814995"/>
            <rotation angle="3.42391">
                <axis x="0.741956" y="-0.664529" z="0.0888925"/>
            </rotation>
        </bone>
        <bone id="6" name="R_Leg">
            <position x="0.0485907" y="-0.037077" z="-21.7515"/>
            <rotation angle="0.102294">
                <axis x="-0.607845" y="-0.766901" z="-0.20588"/>
            </rotation>
        </bone>
        <bone id="7" name="R_Foot">
            <position x="0.0645971" y="0.00883621" z="-22.0208"/>
            <rotation angle="1.08604">
                <axis x="0.999999" y="-0.00135584" z="0.000696279"/>
            </rotation>
        </bone>
        <bone id="8" name="R_Toe">
            <position x="-2.86102e-006" y="-7.15256e-007" z="-7.76197"/>
            <rotation angle="0.480559">
                <axis x="1" y="1.21636e-007" z="-1.44594e-007"/>
            </rotation>
        </bone>
        <bone id="9" name="Spine_0">
            <position x="0.486549" y="0.000261662" z="-3.67069"/>
            <rotation angle="0.10298">
                <axis x="0.00545991" y="-0.994291" z="-0.106562"/>
            </rotation>
        </bone>
        <bone id="10" name="Spine_1">
            <position x="0.41938" y="-4.95762e-005" z="-4.46112"/>
            <rotation angle="0.388147">
                <axis x="3.0732e-007" y="-1" z="4.42684e-007"/>
            </rotation>
        </bone>
        <bone id="11" name="Spine_2">
            <position x="-0.312465" y="0.00381529" z="-6.34349"/>
            <rotation angle="0.134458">
                <axis x="-5.51025e-007" y="1" z="1.49566e-007"/>
            </rotation>
        </bone>
        <bone id="12" name="L_Clavicle">
            <position x="-2.52105" y="2.11254" z="-9.67524"/>
            <rotation angle="3.7932">
                <axis x="-0.638375" y="-0.423489" z="0.642755"/>
            </rotation>
        </bone>
        <bone id="13" name="L_Shoulder">
            <position x="7.62939e-005" y="8.10623e-006" z="-5.29066"/>
            <rotation angle="0.606343">
                <axis x="-0.656145" y="0.728583" z="-0.196571"/>
            </rotation>
        </bone>
        <bone id="14" name="L_Forearm">
            <position x="-4.57764e-005" y="-9.53674e-006" z="-13.0492"/>
            <rotation angle="0.442846">
                <axis x="-0.907633" y="0.0840307" z="-0.411269"/>
            </rotation>
        </bone>
        <bone id="15" name="L_ForearmRoll">
            <position x="-3.43323e-005" y="7.62939e-006" z="-9.52032"/>
            <rotation angle="0">
                <axis x="0.741677" y="0.494451" z="0.453247"/>
            </rotation>
        </bone>
        <bone id="16" name="L_Hand">
            <position x="3.05176e-005" y="1.52588e-005" z="-12.604"/>
            <rotation angle="0.271326">
                <axis x="-0.445621" y="0.82697" z="0.342845"/>
            </rotation>
        </bone>
        <bone id="17" name="L_Index_A">
            <position x="0.223621" y="-1.02163" z="-4.8793"/>
            <rotation angle="0.072263">
                <axis x="-0.084365" y="0.30501" z="0.948605"/>
            </rotation>
        </bone>
        <bone id="18" name="L_Middle_A">
            <position x="0.39706" y="0.092392" z="-4.83443"/>
            <rotation angle="0.139842">
                <axis x="0.83693" y="0.0660507" z="0.543309"/>
            </rotation>
        </bone>
        <bone id="19" name="L_Thumb_B">
            <position x="-0.862217" y="-2.14983" z="-3.15216"/>
            <rotation angle="1.13263">
                <axis x="-0.337887" y="0.214644" z="-0.916384"/>
            </rotation>
        </bone>
        <bone id="20" name="Neck_1">
            <position x="-1.38051" y="-0.00185503" z="-13.9098"/>
            <rotation angle="0.316027">
                <axis x="-2.88768e-007" y="1" z="-7.23851e-007"/>
            </rotation>
        </bone>
        <bone id="21" name="Head">
            <position x="0" y="-8.49366e-007" z="-2.8434"/>
            <rotation angle="0.303547">
                <axis x="4.31594e-008" y="-1" z="4.3354e-007"/>
            </rotation>
        </bone>
        <bone id="22" name="R_Clavicle">
            <position x="-2.47613" y="-2.1123" z="-9.68692"/>
            <rotation angle="2.50016">
                <axis x="-0.640814" y="0.414198" z="0.646372"/>
            </rotation>
        </bone>
        <bone id="23" name="R_Shoulder">
            <position x="7.62939e-006" y="-3.09944e-006" z="-5.29067"/>
            <rotation angle="0.606342">
                <axis x="0.656144" y="0.728584" z="0.196571"/>
            </rotation>
        </bone>
        <bone id="24" name="R_Forearm">
            <position x="0" y="3.8147e-006" z="-13.0491"/>
            <rotation angle="0.442846">
                <axis x="0.907633" y="0.0840307" z="0.411269"/>
            </rotation>
        </bone>
        <bone id="25" name="R_ForearmRoll">
            <position x="3.8147e-006" y="0" z="-9.52028"/>
            <rotation angle="0">
                <axis x="-0.295229" y="-0.939365" z="0.174453"/>
            </rotation>
        </bone>
        <bone id="26" name="R_Hand">
            <position x="7.62939e-006" y="0" z="-12.6039"/>
            <rotation angle="0.271325">
                <axis x="0.44562" y="0.82697" z="-0.342845"/>
            </rotation>
        </bone>
        <bone id="27" name="R_Index_A">
            <position x="0.223686" y="1.02163" z="-4.87928"/>
            <rotation angle="0.072263">
                <axis x="0.0843724" y="0.305018" z="-0.948602"/>
            </rotation>
        </bone>
        <bone id="28" name="R_Middle_A">
            <position x="0.397076" y="-0.0924091" z="-4.83448"/>
            <rotation angle="0.139842">
                <axis x="-0.836931" y="0.0660478" z="-0.543308"/>
            </rotation>
        </bone>
        <bone id="29" name="R_Thumb_B">
            <position x="-0.862213" y="2.14982" z="-3.1522"/>
            <rotation angle="1.13263">
                <axis x="0.337887" y="0.214644" z="0.916384"/>
            </rotation>
        </bone>
    </bones>
    <bonehierarchy>
        <boneparent bone="L_Thigh" parent="Pelvis"/>
        <boneparent bone="L_Leg" parent="L_Thigh"/>
        <boneparent bone="L_Foot" parent="L_Leg"/>
        <boneparent bone="L_Toe" parent="L_Foot"/>
        <boneparent bone="R_Thigh" parent="Pelvis"/>
        <boneparent bone="R_Leg" parent="R_Thigh"/>
        <boneparent bone="R_Foot" parent="R_Leg"/>
        <boneparent bone="R_Toe" parent="R_Foot"/>
        <boneparent bone="Spine_0" parent="Pelvis"/>
        <boneparent bone="Spine_1" parent="Spine_0"/>
        <boneparent bone="Spine_2" parent="Spine_1"/>
        <boneparent bone="L_Clavicle" parent="Spine_2"/>
        <boneparent bone="L_Shoulder" parent="L_Clavicle"/>
        <boneparent bone="L_Forearm" parent="L_Shoulder"/>
        <boneparent bone="L_ForearmRoll" parent="L_Forearm"/>
        <boneparent bone="L_Hand" parent="L_Forearm"/>
        <boneparent bone="L_Index_A" parent="L_Hand"/>
        <boneparent bone="L_Middle_A" parent="L_Hand"/>
        <boneparent bone="L_Thumb_B" parent="L_Hand"/>
        <boneparent bone="Neck_1" parent="Spine_2"/>
        <boneparent bone="Head" parent="Neck_1"/>
        <boneparent bone="R_Clavicle" parent="Spine_2"/>
        <boneparent bone="R_Shoulder" parent="R_Clavicle"/>
        <boneparent bone="R_Forearm" parent="R_Shoulder"/>
        <boneparent bone="R_ForearmRoll" parent="R_Forearm"/>
        <boneparent bone="R_Hand" parent="R_Forearm"/>
        <boneparent bone="R_Index_A" parent="R_Hand"/>
        <boneparent bone="R_Middle_A" parent="R_Hand"/>
        <boneparent bone="R_Thumb_B" parent="R_Hand"/>
    </bonehierarchy>
    <animations/>
</skeleton>
