<skeleton>
    <bones>
        <bone id="0" name="Pelvis">
            <position x="-0.818713" y="43.7434" z="-1.91209e-006"/>
            <rotation angle="2.9102">
                <axis x="-0.116217" y="-0.702315" z="0.702315"/>
            </rotation>
        </bone>
        <bone id="1" name="L_Thigh">
            <position x="-0.979377" y="7.15188" z="0.738632"/>
            <rotation angle="2.78516">
                <axis x="0.767809" y="0.634131" z="0.0913684"/>
            </rotation>
        </bone>
        <bone id="2" name="L_Leg">
            <position x="-0.399338" y="-0.0525048" z="-17.0065"/>
            <rotation angle="0.135975">
                <axis x="0.984965" y="0.00604649" z="0.172649"/>
            </rotation>
        </bone>
        <bone id="3" name="L_Foot">
            <position x="-1.11898" y="0.293053" z="-20.5329"/>
            <rotation angle="1.13074">
                <axis x="-0.999999" y="-0.00129215" z="-0.000700955"/>
            </rotation>
        </bone>
        <bone id="4" name="L_Toe">
            <position x="3.62396e-005" y="6.67572e-006" z="-8.54192"/>
            <rotation angle="0.44901">
                <axis x="-1" y="2.74057e-007" z="8.0862e-008"/>
            </rotation>
        </bone>
        <bone id="5" name="R_Thigh">
            <position x="-0.979384" y="-7.15189" z="0.738647"/>
            <rotation angle="3.49803">
                <axis x="0.767809" y="-0.634131" z="0.0913683"/>
            </rotation>
        </bone>
        <bone id="6" name="R_Leg">
            <position x="-0.399355" y="0.0524993" z="-17.0065"/>
            <rotation angle="0.135975">
                <axis x="-0.984965" y="0.00604598" z="-0.172646"/>
            </rotation>
        </bone>
        <bone id="7" name="R_Foot">
            <position x="-1.11894" y="-0.293051" z="-20.5329"/>
            <rotation angle="1.13074">
                <axis x="0.999999" y="-0.00129191" z="0.000700614"/>
            </rotation>
        </bone>
        <bone id="8" name="R_Toe">
            <position x="-2.86102e-006" y="4.05312e-006" z="-8.5419"/>
            <rotation angle="0.44901">
                <axis x="1" y="9.74006e-008" z="-1.37607e-007"/>
            </rotation>
        </bone>
        <bone id="9" name="Spine_0">
            <position x="0.899955" y="-7.05737e-007" z="-3.92023"/>
            <rotation angle="0.102394">
                <axis x="4.56481e-007" y="-1" z="1.92709e-007"/>
            </rotation>
        </bone>
        <bone id="10" name="Spine_1">
            <position x="1.93839" y="-1.37415e-006" z="-7.65585"/>
            <rotation angle="0.388146">
                <axis x="2.62394e-007" y="-1" z="3.49273e-007"/>
            </rotation>
        </bone>
        <bone id="11" name="Spine_2">
            <position x="-0.784122" y="-2.13861e-006" z="-7.69299"/>
            <rotation angle="0.134458">
                <axis x="-3.88872e-007" y="1" z="-2.62519e-007"/>
            </rotation>
        </bone>
        <bone id="12" name="L_Clavicle">
            <position x="-3.63747" y="2.40321" z="-9.42889"/>
            <rotation angle="3.86834">
                <axis x="-0.626469" y="-0.463719" z="0.626499"/>
            </rotation>
        </bone>
        <bone id="13" name="L_Shoulder">
            <position x="-0.914627" y="-1.65422" z="-8.13715"/>
            <rotation angle="0.717372">
                <axis x="-0.35924" y="0.916642" z="-0.175254"/>
            </rotation>
        </bone>
        <bone id="14" name="L_Forearm">
            <position x="3.43323e-005" y="-0.255966" z="-13.0467"/>
            <rotation angle="0.442845">
                <axis x="-0.907632" y="0.0840309" z="-0.41127"/>
            </rotation>
        </bone>
        <bone id="15" name="L_ForearmRoll">
            <position x="0.0314331" y="-0.183604" z="-9.51842"/>
            <rotation angle="0">
                <axis x="0.753244" y="-0.150649" z="0.640257"/>
            </rotation>
        </bone>
        <bone id="16" name="L_Hand">
            <position x="0.041626" y="-0.243585" z="-12.6274"/>
            <rotation angle="0.193463">
                <axis x="-0.391279" y="0.79307" z="0.46684"/>
            </rotation>
        </bone>
        <bone id="17" name="L_Index_A">
            <position x="0.235458" y="-1.43376" z="-4.49042"/>
            <rotation angle="0.0688493">
                <axis x="-0.0786451" y="0.0314631" z="0.996406"/>
            </rotation>
        </bone>
        <bone id="18" name="L_Index_B">
            <position x="2.28882e-005" y="-0.040369" z="-2.11735"/>
            <rotation angle="0">
                <axis x="-0.541716" y="-0.722289" z="-0.429934"/>
            </rotation>
        </bone>
        <bone id="19" name="L_Index_C">
            <position x="-5.34058e-005" y="-0.0261173" z="-1.36871"/>
            <rotation angle="0">
                <axis x="0.196116" y="0.980581" z="0"/>
            </rotation>
        </bone>
        <bone id="20" name="L_Middle_A">
            <position x="0.410175" y="-0.0774231" z="-4.48815"/>
            <rotation angle="0.149964">
                <axis x="0.841442" y="0.179482" z="0.509668"/>
            </rotation>
        </bone>
        <bone id="21" name="L_Middle_B">
            <position x="-4.57764e-005" y="-4.29153e-006" z="-2.4505"/>
            <rotation angle="0">
                <axis x="0.173767" y="-0.926758" z="-0.333054"/>
            </rotation>
        </bone>
        <bone id="22" name="L_Middle_C">
            <position x="-3.8147e-006" y="-1.09673e-005" z="-1.53127"/>
            <rotation angle="0">
                <axis x="0.0496904" y="-0.993808" z="-0.0993808"/>
            </rotation>
        </bone>
        <bone id="23" name="L_Pinky_A">
            <position x="-0.0145226" y="2.26391" z="-3.57064"/>
            <rotation angle="0.414501">
                <axis x="0.984621" y="0.1604" z="0.0692421"/>
            </rotation>
        </bone>
        <bone id="24" name="L_Pinky_B">
            <position x="-9.91821e-005" y="-0.0285277" z="-1.89808"/>
            <rotation angle="0.140878">
                <axis x="-1" y="1.09137e-006" z="-6.30188e-007"/>
            </rotation>
        </bone>
        <bone id="25" name="L_Pinky_C">
            <position x="3.8147e-005" y="2.14577e-006" z="-1.01632"/>
            <rotation angle="0">
                <axis x="0.165395" y="-0.441054" z="0.882109"/>
            </rotation>
        </bone>
        <bone id="26" name="L_Ring_A">
            <position x="0.216274" y="1.10894" z="-4.14409"/>
            <rotation angle="0.321789">
                <axis x="0.775255" y="0.00881711" z="0.631587"/>
            </rotation>
        </bone>
        <bone id="27" name="L_Ring_B">
            <position x="7.62939e-005" y="-6.67572e-006" z="-2.17122"/>
            <rotation angle="0">
                <axis x="0.295414" y="-0.415528" z="0.860272"/>
            </rotation>
        </bone>
        <bone id="28" name="L_Ring_C">
            <position x="-7.62939e-005" y="1.23978e-005" z="-1.21078"/>
            <rotation angle="0">
                <axis x="-0.403895" y="1.31687e-008" z="-0.914805"/>
            </rotation>
        </bone>
        <bone id="29" name="L_Thumb_B">
            <position x="-1.12948" y="-2.30704" z="-1.54121"/>
            <rotation angle="1.2932">
                <axis x="-0.309675" y="0.290032" z="-0.905529"/>
            </rotation>
        </bone>
        <bone id="30" name="L_Thumb_C">
            <position x="0.269672" y="-0.0145779" z="-2.27578"/>
            <rotation angle="0.0474524">
                <axis x="-9.68145e-006" y="1" z="-1.64971e-006"/>
            </rotation>
        </bone>
        <bone id="31" name="Neck_1">
            <position x="-2.23251" y="-3.87614e-006" z="-13.6833"/>
            <rotation angle="0.316027">
                <axis x="1.0636e-007" y="1" z="-3.6844e-007"/>
            </rotation>
        </bone>
        <bone id="32" name="Head">
            <position x="-5.72205e-006" y="-7.9134e-007" z="-2.8434"/>
            <rotation angle="0.303549">
                <axis x="-8.95833e-009" y="-1" z="3.78975e-007"/>
            </rotation>
        </bone>
        <bone id="33" name="R_Clavicle">
            <position x="-3.63747" y="-2.40321" z="-9.42891"/>
            <rotation angle="2.41485">
                <axis x="-0.626469" y="0.46372" z="0.626499"/>
            </rotation>
        </bone>
        <bone id="34" name="R_Shoulder">
            <position x="-0.914665" y="1.65424" z="-8.13717"/>
            <rotation angle="0.724639">
                <axis x="0.381688" y="0.909506" z="0.16466"/>
            </rotation>
        </bone>
        <bone id="35" name="R_Forearm">
            <position x="7.62939e-006" y="-5.24521e-006" z="-13.0491"/>
            <rotation angle="0.442845">
                <axis x="0.907632" y="0.0840299" z="0.411269"/>
            </rotation>
        </bone>
        <bone id="36" name="R_ForearmRoll">
            <position x="-3.8147e-006" y="-1.43051e-006" z="-9.52028"/>
            <rotation angle="0">
                <axis x="-0.485071" y="-0.485071" z="-0.727607"/>
            </rotation>
        </bone>
        <bone id="37" name="R_Hand">
            <position x="-7.62939e-006" y="-9.53674e-007" z="-12.6299"/>
            <rotation angle="0.193462">
                <axis x="0.391279" y="0.79307" z="-0.466841"/>
            </rotation>
        </bone>
        <bone id="38" name="R_Index_A">
            <position x="0.23571" y="1.34696" z="-4.51719"/>
            <rotation angle="0.0688493">
                <axis x="0.0786432" y="0.0314589" z="-0.996406"/>
            </rotation>
        </bone>
        <bone id="39" name="R_Index_B">
            <position x="0" y="-2.86102e-006" z="-2.11768"/>
            <rotation angle="0">
                <axis x="-0.447214" y="0.715542" z="-0.536656"/>
            </rotation>
        </bone>
        <bone id="40" name="R_Index_C">
            <position x="0" y="2.86102e-006" z="-1.36897"/>
            <rotation angle="0">
                <axis x="0.0575165" y="-0.945827" z="0.319536"/>
            </rotation>
        </bone>
        <bone id="41" name="R_Middle_A">
            <position x="0.404297" y="-0.00986862" z="-4.48932"/>
            <rotation angle="0.149964">
                <axis x="-0.841442" y="0.179486" z="-0.509667"/>
            </rotation>
        </bone>
        <bone id="42" name="R_Middle_B">
            <position x="0" y="1.90735e-006" z="-2.45049"/>
            <rotation angle="0">
                <axis x="0.737154" y="0" z="-0.675725"/>
            </rotation>
        </bone>
        <bone id="43" name="R_Middle_C">
            <position x="7.62939e-006" y="0" z="-1.53131"/>
            <rotation angle="0">
                <axis x="-0.14476" y="-0.926467" z="0.347425"/>
            </rotation>
        </bone>
        <bone id="44" name="R_Pinky_A">
            <position x="-0.029808" y="-2.33135" z="-3.52687"/>
            <rotation angle="0.414501">
                <axis x="-0.98462" y="0.160403" z="-0.0692427"/>
            </rotation>
        </bone>
        <bone id="45" name="R_Pinky_B">
            <position x="3.8147e-006" y="0.028512" z="-1.89808"/>
            <rotation angle="0.140878">
                <axis x="1" y="-4.4329e-006" z="2.7283e-006"/>
            </rotation>
        </bone>
        <bone id="46" name="R_Pinky_C">
            <position x="7.62939e-006" y="1.19209e-006" z="-1.01637"/>
            <rotation angle="0">
                <axis x="-0.0534183" y="0.997142" z="-0.0534184"/>
            </rotation>
        </bone>
        <bone id="47" name="R_Ring_A">
            <position x="0.205433" y="-1.18855" z="-4.12244"/>
            <rotation angle="0.321788">
                <axis x="-0.775256" y="0.00881671" z="-0.631586"/>
            </rotation>
        </bone>
        <bone id="48" name="R_Ring_B">
            <position x="0" y="-9.53674e-007" z="-2.17125"/>
            <rotation angle="0">
                <axis x="0.367036" y="-0.770876" z="0.520609"/>
            </rotation>
        </bone>
        <bone id="49" name="R_Ring_C">
            <position x="0" y="0" z="-1.21071"/>
            <rotation angle="0">
                <axis x="0.0507405" y="-0.962191" z="-0.267609"/>
            </rotation>
        </bone>
        <bone id="50" name="R_Thumb_B">
            <position x="-1.12117" y="2.28243" z="-1.58335"/>
            <rotation angle="1.2932">
                <axis x="0.309676" y="0.290032" z="0.905529"/>
            </rotation>
        </bone>
        <bone id="51" name="R_Thumb_C">
            <position x="0.238855" y="0" z="-2.27926"/>
            <rotation angle="0.0474524">
                <axis x="3.14437e-006" y="1" z="2.33378e-006"/>
            </rotation>
        </bone>
    </bones>
    <bonehierarchy>
        <boneparent bone="L_Thigh" parent="Pelvis"/>
        <boneparent bone="L_Leg" parent="L_Thigh"/>
        <boneparent bone="L_Foot" parent="L_Leg"/>
        <boneparent bone="L_Toe" parent="L_Foot"/>
        <boneparent bone="R_Thigh" parent="Pelvis"/>
        <boneparent bone="R_Leg" parent="R_Thigh"/>
        <boneparent bone="R_Foot" parent="R_Leg"/>
        <boneparent bone="R_Toe" parent="R_Foot"/>
        <boneparent bone="Spine_0" parent="Pelvis"/>
        <boneparent bone="Spine_1" parent="Spine_0"/>
        <boneparent bone="Spine_2" parent="Spine_1"/>
        <boneparent bone="L_Clavicle" parent="Spine_2"/>
        <boneparent bone="L_Shoulder" parent="L_Clavicle"/>
        <boneparent bone="L_Forearm" parent="L_Shoulder"/>
        <boneparent bone="L_ForearmRoll" parent="L_Forearm"/>
        <boneparent bone="L_Hand" parent="L_Forearm"/>
        <boneparent bone="L_Index_A" parent="L_Hand"/>
        <boneparent bone="L_Index_B" parent="L_Index_A"/>
        <boneparent bone="L_Index_C" parent="L_Index_B"/>
        <boneparent bone="L_Middle_A" parent="L_Hand"/>
        <boneparent bone="L_Middle_B" parent="L_Middle_A"/>
        <boneparent bone="L_Middle_C" parent="L_Middle_B"/>
        <boneparent bone="L_Pinky_A" parent="L_Hand"/>
        <boneparent bone="L_Pinky_B" parent="L_Pinky_A"/>
        <boneparent bone="L_Pinky_C" parent="L_Pinky_B"/>
        <boneparent bone="L_Ring_A" parent="L_Hand"/>
        <boneparent bone="L_Ring_B" parent="L_Ring_A"/>
        <boneparent bone="L_Ring_C" parent="L_Ring_B"/>
        <boneparent bone="L_Thumb_B" parent="L_Hand"/>
        <boneparent bone="L_Thumb_C" parent="L_Thumb_B"/>
        <boneparent bone="Neck_1" parent="Spine_2"/>
        <boneparent bone="Head" parent="Neck_1"/>
        <boneparent bone="R_Clavicle" parent="Spine_2"/>
        <boneparent bone="R_Shoulder" parent="R_Clavicle"/>
        <boneparent bone="R_Forearm" parent="R_Shoulder"/>
        <boneparent bone="R_ForearmRoll" parent="R_Forearm"/>
        <boneparent bone="R_Hand" parent="R_Forearm"/>
        <boneparent bone="R_Index_A" parent="R_Hand"/>
        <boneparent bone="R_Index_B" parent="R_Index_A"/>
        <boneparent bone="R_Index_C" parent="R_Index_B"/>
        <boneparent bone="R_Middle_A" parent="R_Hand"/>
        <boneparent bone="R_Middle_B" parent="R_Middle_A"/>
        <boneparent bone="R_Middle_C" parent="R_Middle_B"/>
        <boneparent bone="R_Pinky_A" parent="R_Hand"/>
        <boneparent bone="R_Pinky_B" parent="R_Pinky_A"/>
        <boneparent bone="R_Pinky_C" parent="R_Pinky_B"/>
        <boneparent bone="R_Ring_A" parent="R_Hand"/>
        <boneparent bone="R_Ring_B" parent="R_Ring_A"/>
        <boneparent bone="R_Ring_C" parent="R_Ring_B"/>
        <boneparent bone="R_Thumb_B" parent="R_Hand"/>
        <boneparent bone="R_Thumb_C" parent="R_Thumb_B"/>
    </bonehierarchy>
    <animations/>
</skeleton>
