<skeleton>
    <bones>
        <bone id="0" name="Pelvis">
            <position x="-0.818713" y="49.772" z="-2.1756e-006"/>
            <rotation angle="2.9102">
                <axis x="-0.116217" y="-0.702315" z="0.702315"/>
            </rotation>
        </bone>
        <bone id="1" name="L_Thigh">
            <position x="-1.85233" y="5.42383" z="3.30412"/>
            <rotation angle="2.78516">
                <axis x="0.767809" y="0.634131" z="0.0913681"/>
            </rotation>
        </bone>
        <bone id="2" name="L_Leg">
            <position x="-0.000419617" y="-0.00261593" z="-19.794"/>
            <rotation angle="0.135975">
                <axis x="0.984965" y="0.00605028" z="0.17265"/>
            </rotation>
        </bone>
        <bone id="3" name="L_Foot">
            <position x="0.0645905" y="-0.008829" z="-21.3195"/>
            <rotation angle="1.13074">
                <axis x="-0.999999" y="-0.00129217" z="-0.00070087"/>
            </rotation>
        </bone>
        <bone id="4" name="L_Toe">
            <position x="-4.76837e-006" y="6.4373e-006" z="-8.54191"/>
            <rotation angle="0.44901">
                <axis x="-1" y="2.46536e-007" z="-1.47176e-007"/>
            </rotation>
        </bone>
        <bone id="5" name="R_Thigh">
            <position x="-1.85233" y="-5.42383" z="3.30411"/>
            <rotation angle="3.49803">
                <axis x="0.767809" y="-0.634131" z="0.0913684"/>
            </rotation>
        </bone>
        <bone id="6" name="R_Leg">
            <position x="-0.000411034" y="0.00261474" z="-19.7939"/>
            <rotation angle="0.135975">
                <axis x="-0.984965" y="0.00604598" z="-0.172646"/>
            </rotation>
        </bone>
        <bone id="7" name="R_Foot">
            <position x="0.0645943" y="0.0088349" z="-21.3196"/>
            <rotation angle="1.13074">
                <axis x="0.999999" y="-0.00129191" z="0.000700496"/>
            </rotation>
        </bone>
        <bone id="8" name="R_Toe">
            <position x="0" y="1.43051e-006" z="-8.5419"/>
            <rotation angle="0.44901">
                <axis x="1" y="2.65194e-007" z="1.33528e-007"/>
            </rotation>
        </bone>
        <bone id="9" name="Spine_0">
            <position x="0.582302" y="-3.44278e-007" z="-0.855087"/>
            <rotation angle="0.102394">
                <axis x="-1.37474e-006" y="-1" z="5.76504e-008"/>
            </rotation>
        </bone>
        <bone id="10" name="Spine_1">
            <position x="0.95302" y="-1.30202e-006" z="-6.43201"/>
            <rotation angle="0.388146">
                <axis x="2.84818e-007" y="-1" z="3.45883e-007"/>
            </rotation>
        </bone>
        <bone id="11" name="Spine_2">
            <position x="-0.523341" y="-1.96258e-006" z="-6.10298"/>
            <rotation angle="0.134458">
                <axis x="-7.17365e-007" y="1" z="-1.51476e-007"/>
            </rotation>
        </bone>
        <bone id="12" name="L_Clavicle">
            <position x="-3.63747" y="2.40321" z="-9.42889"/>
            <rotation angle="3.86834">
                <axis x="-0.626469" y="-0.463719" z="0.626499"/>
            </rotation>
        </bone>
        <bone id="13" name="L_Shoulder">
            <position x="7.62939e-006" y="6.91414e-006" z="-6.27042"/>
            <rotation angle="0.583938">
                <axis x="-0.468709" y="0.866285" z="-0.172807"/>
            </rotation>
        </bone>
        <bone id="14" name="L_Forearm">
            <position x="-3.8147e-005" y="-6.19888e-006" z="-13.0491"/>
            <rotation angle="0.442846">
                <axis x="-0.907632" y="0.0840306" z="-0.411269"/>
            </rotation>
        </bone>
        <bone id="15" name="L_ForearmRoll">
            <position x="2.67029e-005" y="1.90735e-006" z="-9.52028"/>
            <rotation angle="0">
                <axis x="0.854926" y="-0.348949" z="0.383844"/>
            </rotation>
        </bone>
        <bone id="16" name="L_Hand">
            <position x="3.43323e-005" y="1.90735e-005" z="-12.63"/>
            <rotation angle="0.193463">
                <axis x="-0.39128" y="0.793069" z="0.466841"/>
            </rotation>
        </bone>
        <bone id="17" name="L_Index_A">
            <position x="0.223667" y="-1.17207" z="-4.51809"/>
            <rotation angle="0.0688493">
                <axis x="-0.0786446" y="0.0314664" z="0.996406"/>
            </rotation>
        </bone>
        <bone id="18" name="L_Index_B">
            <position x="3.05176e-005" y="8.58307e-006" z="-2.11769"/>
            <rotation angle="0">
                <axis x="0.121942" y="-0.975537" z="0.182913"/>
            </rotation>
        </bone>
        <bone id="19" name="L_Index_C">
            <position x="-1.52588e-005" y="-3.24249e-005" z="-1.36891"/>
            <rotation angle="0">
                <axis x="-0.241747" y="0.966988" z="-0.0805823"/>
            </rotation>
        </bone>
        <bone id="20" name="L_Middle_A">
            <position x="0.397064" y="0.106004" z="-4.47659"/>
            <rotation angle="0.122056">
                <axis x="0.748012" y="0.209495" z="0.629754"/>
            </rotation>
        </bone>
        <bone id="21" name="L_Middle_B">
            <position x="-5.34058e-005" y="-3.8147e-006" z="-2.4505"/>
            <rotation angle="0">
                <axis x="0.707107" y="0.707107" z="0"/>
            </rotation>
        </bone>
        <bone id="22" name="L_Middle_C">
            <position x="-1.14441e-005" y="-9.53674e-006" z="-1.53128"/>
            <rotation angle="0">
                <axis x="0.557086" y="0.742781" z="-0.371391"/>
            </rotation>
        </bone>
        <bone id="23" name="L_Pinky_A">
            <position x="-0.025032" y="2.03213" z="-3.65642"/>
            <rotation angle="0.414502">
                <axis x="0.98462" y="0.160402" z="0.0692422"/>
            </rotation>
        </bone>
        <bone id="24" name="L_Pinky_B">
            <position x="-9.53674e-005" y="-0.0285263" z="-1.89807"/>
            <rotation angle="0.140878">
                <axis x="-1" y="1.95578e-008" z="-8.57986e-007"/>
            </rotation>
        </bone>
        <bone id="25" name="L_Pinky_C">
            <position x="3.43323e-005" y="3.33786e-006" z="-1.01632"/>
            <rotation angle="0">
                <axis x="0.344628" y="0.919008" z="0.19146"/>
            </rotation>
        </bone>
        <bone id="26" name="L_Ring_A">
            <position x="0.205418" y="1.18853" z="-4.12238"/>
            <rotation angle="0.283118">
                <axis x="0.696842" y="-0.00876364" z="0.717171"/>
            </rotation>
        </bone>
        <bone id="27" name="L_Ring_B">
            <position x="6.86646e-005" y="-5.72205e-006" z="-2.17122"/>
            <rotation angle="0">
                <axis x="0.121942" y="-0.975537" z="-0.182913"/>
            </rotation>
        </bone>
        <bone id="28" name="L_Ring_C">
            <position x="-7.62939e-005" y="1.23978e-005" z="-1.21078"/>
            <rotation angle="0">
                <axis x="0.778499" y="-0.622799" z="-0.0778499"/>
            </rotation>
        </bone>
        <bone id="29" name="L_Thumb_B">
            <position x="-0.830029" y="-2.16884" z="-1.90408"/>
            <rotation angle="1.2932">
                <axis x="-0.309675" y="0.290033" z="-0.905529"/>
            </rotation>
        </bone>
        <bone id="30" name="L_Thumb_C">
            <position x="0.238846" y="-1.14441e-005" z="-2.27927"/>
            <rotation angle="0.0474524">
                <axis x="-7.84887e-006" y="1" z="-1.90304e-006"/>
            </rotation>
        </bone>
        <bone id="31" name="Neck_1">
            <position x="-2.23251" y="-3.11045e-006" z="-13.6833"/>
            <rotation angle="0.316026">
                <axis x="1.39198e-007" y="1" z="-4.08752e-007"/>
            </rotation>
        </bone>
        <bone id="32" name="Head">
            <position x="0" y="-8.44306e-007" z="-2.84339"/>
            <rotation angle="0.303549">
                <axis x="8.71175e-010" y="-1" z="4.30923e-007"/>
            </rotation>
        </bone>
        <bone id="33" name="R_Clavicle">
            <position x="-3.63748" y="-2.40321" z="-9.42891"/>
            <rotation angle="2.41485">
                <axis x="-0.626469" y="0.463719" z="0.626499"/>
            </rotation>
        </bone>
        <bone id="34" name="R_Shoulder">
            <position x="0" y="6.67572e-006" z="-6.27042"/>
            <rotation angle="0.583939">
                <axis x="0.46871" y="0.866284" z="0.172807"/>
            </rotation>
        </bone>
        <bone id="35" name="R_Forearm">
            <position x="2.28882e-005" y="4.76837e-007" z="-13.0491"/>
            <rotation angle="0.442846">
                <axis x="0.907632" y="0.08403" z="0.411269"/>
            </rotation>
        </bone>
        <bone id="36" name="R_ForearmRoll">
            <position x="-7.62939e-006" y="9.53674e-007" z="-9.52028"/>
            <rotation angle="0">
                <axis x="-0.666667" y="0.666667" z="-0.333333"/>
            </rotation>
        </bone>
        <bone id="37" name="R_Hand">
            <position x="-7.62939e-006" y="9.53674e-007" z="-12.6299"/>
            <rotation angle="0.193463">
                <axis x="0.391278" y="0.793071" z="-0.466841"/>
            </rotation>
        </bone>
        <bone id="38" name="R_Index_A">
            <position x="0.223679" y="1.17206" z="-4.51812"/>
            <rotation angle="0.0688493">
                <axis x="0.0786513" y="0.0314658" z="-0.996405"/>
            </rotation>
        </bone>
        <bone id="39" name="R_Index_B">
            <position x="7.62939e-006" y="9.53674e-007" z="-2.11768"/>
            <rotation angle="0">
                <axis x="-0.0852889" y="-0.966608" z="0.241652"/>
            </rotation>
        </bone>
        <bone id="40" name="R_Index_C">
            <position x="7.62939e-006" y="-9.53674e-007" z="-1.36898"/>
            <rotation angle="0">
                <axis x="0.57735" y="0.57735" z="-0.57735"/>
            </rotation>
        </bone>
        <bone id="41" name="R_Middle_A">
            <position x="0.397057" y="-0.106017" z="-4.47664"/>
            <rotation angle="0.122054">
                <axis x="-0.74801" y="0.209494" z="-0.629756"/>
            </rotation>
        </bone>
        <bone id="42" name="R_Middle_B">
            <position x="3.8147e-006" y="0" z="-2.45049"/>
            <rotation angle="0">
                <axis x="0.704361" y="-0.35218" z="-0.616316"/>
            </rotation>
        </bone>
        <bone id="43" name="R_Middle_C">
            <position x="-1.14441e-005" y="-9.53674e-007" z="-1.53131"/>
            <rotation angle="0">
                <axis x="0.235702" y="-0.942809" z="-0.235702"/>
            </rotation>
        </bone>
        <bone id="44" name="R_Pinky_A">
            <position x="-0.0250854" y="-2.03214" z="-3.65648"/>
            <rotation angle="0.414501">
                <axis x="-0.98462" y="0.160401" z="-0.0692424"/>
            </rotation>
        </bone>
        <bone id="45" name="R_Pinky_B">
            <position x="7.62939e-006" y="0.028513" z="-1.89808"/>
            <rotation angle="0.140878">
                <axis x="1" y="-9.7646e-007" z="2.8207e-006"/>
            </rotation>
        </bone>
        <bone id="46" name="R_Pinky_C">
            <position x="-3.8147e-006" y="-4.76837e-007" z="-1.01637"/>
            <rotation angle="0">
                <axis x="0.707107" y="2.10734e-008" z="-0.707107"/>
            </rotation>
        </bone>
        <bone id="47" name="R_Ring_A">
            <position x="0.205421" y="-1.18855" z="-4.12244"/>
            <rotation angle="0.283117">
                <axis x="-0.696842" y="-0.00876458" z="-0.717171"/>
            </rotation>
        </bone>
        <bone id="48" name="R_Ring_B">
            <position x="0" y="-9.53674e-007" z="-2.17125"/>
            <rotation angle="0">
                <axis x="-0.193892" y="0.93068" z="-0.310227"/>
            </rotation>
        </bone>
        <bone id="49" name="R_Ring_C">
            <position x="0" y="0" z="-1.21071"/>
            <rotation angle="0">
                <axis x="0.380414" y="-0.665724" z="0.641948"/>
            </rotation>
        </bone>
        <bone id="50" name="R_Thumb_B">
            <position x="-0.83004" y="2.16882" z="-1.90414"/>
            <rotation angle="1.2932">
                <axis x="0.309676" y="0.290032" z="0.905529"/>
            </rotation>
        </bone>
        <bone id="51" name="R_Thumb_C">
            <position x="0.238855" y="0" z="-2.27926"/>
            <rotation angle="0.0474524">
                <axis x="-1.09685e-005" y="1" z="7.88008e-007"/>
            </rotation>
        </bone>
    </bones>
    <bonehierarchy>
        <boneparent bone="L_Thigh" parent="Pelvis"/>
        <boneparent bone="L_Leg" parent="L_Thigh"/>
        <boneparent bone="L_Foot" parent="L_Leg"/>
        <boneparent bone="L_Toe" parent="L_Foot"/>
        <boneparent bone="R_Thigh" parent="Pelvis"/>
        <boneparent bone="R_Leg" parent="R_Thigh"/>
        <boneparent bone="R_Foot" parent="R_Leg"/>
        <boneparent bone="R_Toe" parent="R_Foot"/>
        <boneparent bone="Spine_0" parent="Pelvis"/>
        <boneparent bone="Spine_1" parent="Spine_0"/>
        <boneparent bone="Spine_2" parent="Spine_1"/>
        <boneparent bone="L_Clavicle" parent="Spine_2"/>
        <boneparent bone="L_Shoulder" parent="L_Clavicle"/>
        <boneparent bone="L_Forearm" parent="L_Shoulder"/>
        <boneparent bone="L_ForearmRoll" parent="L_Forearm"/>
        <boneparent bone="L_Hand" parent="L_Forearm"/>
        <boneparent bone="L_Index_A" parent="L_Hand"/>
        <boneparent bone="L_Index_B" parent="L_Index_A"/>
        <boneparent bone="L_Index_C" parent="L_Index_B"/>
        <boneparent bone="L_Middle_A" parent="L_Hand"/>
        <boneparent bone="L_Middle_B" parent="L_Middle_A"/>
        <boneparent bone="L_Middle_C" parent="L_Middle_B"/>
        <boneparent bone="L_Pinky_A" parent="L_Hand"/>
        <boneparent bone="L_Pinky_B" parent="L_Pinky_A"/>
        <boneparent bone="L_Pinky_C" parent="L_Pinky_B"/>
        <boneparent bone="L_Ring_A" parent="L_Hand"/>
        <boneparent bone="L_Ring_B" parent="L_Ring_A"/>
        <boneparent bone="L_Ring_C" parent="L_Ring_B"/>
        <boneparent bone="L_Thumb_B" parent="L_Hand"/>
        <boneparent bone="L_Thumb_C" parent="L_Thumb_B"/>
        <boneparent bone="Neck_1" parent="Spine_2"/>
        <boneparent bone="Head" parent="Neck_1"/>
        <boneparent bone="R_Clavicle" parent="Spine_2"/>
        <boneparent bone="R_Shoulder" parent="R_Clavicle"/>
        <boneparent bone="R_Forearm" parent="R_Shoulder"/>
        <boneparent bone="R_ForearmRoll" parent="R_Forearm"/>
        <boneparent bone="R_Hand" parent="R_Forearm"/>
        <boneparent bone="R_Index_A" parent="R_Hand"/>
        <boneparent bone="R_Index_B" parent="R_Index_A"/>
        <boneparent bone="R_Index_C" parent="R_Index_B"/>
        <boneparent bone="R_Middle_A" parent="R_Hand"/>
        <boneparent bone="R_Middle_B" parent="R_Middle_A"/>
        <boneparent bone="R_Middle_C" parent="R_Middle_B"/>
        <boneparent bone="R_Pinky_A" parent="R_Hand"/>
        <boneparent bone="R_Pinky_B" parent="R_Pinky_A"/>
        <boneparent bone="R_Pinky_C" parent="R_Pinky_B"/>
        <boneparent bone="R_Ring_A" parent="R_Hand"/>
        <boneparent bone="R_Ring_B" parent="R_Ring_A"/>
        <boneparent bone="R_Ring_C" parent="R_Ring_B"/>
        <boneparent bone="R_Thumb_B" parent="R_Hand"/>
        <boneparent bone="R_Thumb_C" parent="R_Thumb_B"/>
    </bonehierarchy>
    <animations/>
</skeleton>
